timestamp,deviceId,suhu,kelembaban,jumlahOrang,daya,tegangan,arus,status
2025-12-04T13:00:05.332Z,ESP32_ENERGY_MONITOR_001,17.63,66.74,4,2.37,219.57,0.01,ok
2025-12-04T13:05:05.332Z,ESP32_ENERGY_MONITOR_001,17.11,68.65,2,2.28,220.04,0.01,ok
2025-12-04T13:10:05.332Z,ESP32_ENERGY_MONITOR_001,16.62,66.06,8,2.28,223.79,0.01,ok
2025-12-04T13:15:05.332Z,ESP32_ENERGY_MONITOR_001,16.14,66.62,9,2.20,219.72,0.01,ok
2025-12-04T13:20:05.332Z,ESP32_ENERGY_MONITOR_001,17.54,68.77,7,2.32,215.64,0.01,ok
2025-12-04T13:25:05.332Z,ESP32_ENERGY_MONITOR_001,17.58,68.36,8,2.56,217.05,0.01,ok
2025-12-04T13:30:05.332Z,ESP32_ENERGY_MONITOR_001,16.54,69.37,6,2.20,222.01,0.01,ok
2025-12-04T13:35:05.332Z,ESP32_ENERGY_MONITOR_001,16.74,65.18,3,2.15,221.76,0.01,ok
2025-12-04T13:40:05.332Z,ESP32_ENERGY_MONITOR_001,16.25,69.57,6,2.26,218.88,0.01,ok
2025-12-04T13:45:05.332Z,ESP32_ENERGY_MONITOR_001,16.58,67.33,2,1.91,224.81,0.01,ok
2025-12-04T13:50:05.332Z,ESP32_ENERGY_MONITOR_001,16.95,66.85,2,1.83,222.81,0.01,ok
2025-12-04T13:55:05.332Z,ESP32_ENERGY_MONITOR_001,16.26,65.92,4,2.37,217.66,0.01,ok
2025-12-04T14:00:05.332Z,ESP32_ENERGY_MONITOR_001,15.64,68.59,4,2.01,218.02,0.01,ok
2025-12-04T14:05:05.332Z,ESP32_ENERGY_MONITOR_001,16.48,69.92,0,1.88,216.46,0.01,ok
2025-12-04T14:10:05.332Z,ESP32_ENERGY_MONITOR_001,15.74,69.51,9,2.23,219.65,0.01,ok
2025-12-04T14:15:05.332Z,ESP32_ENERGY_MONITOR_001,15.31,69.48,3,2.24,220.38,0.01,ok
2025-12-04T14:20:05.332Z,ESP32_ENERGY_MONITOR_001,16.41,72.05,4,2.32,218.04,0.01,ok
2025-12-04T14:25:05.332Z,ESP32_ENERGY_MONITOR_001,15.83,69.81,6,2.34,223.64,0.01,ok
2025-12-04T14:30:05.332Z,ESP32_ENERGY_MONITOR_001,14.79,68.54,5,2.35,215.16,0.01,ok
2025-12-04T14:35:05.332Z,ESP32_ENERGY_MONITOR_001,16.49,68.64,2,1.84,218.75,0.01,ok
2025-12-04T14:40:05.332Z,ESP32_ENERGY_MONITOR_001,15.03,68.66,5,2.11,220.47,0.01,ok
2025-12-04T14:45:05.332Z,ESP32_ENERGY_MONITOR_001,15.53,69.67,8,2.55,219.12,0.01,ok
2025-12-04T14:50:05.332Z,ESP32_ENERGY_MONITOR_001,16.29,69.06,3,2.09,220.34,0.01,ok
2025-12-04T14:55:05.332Z,ESP32_ENERGY_MONITOR_001,16.10,68.65,3,2.03,216.10,0.01,ok
2025-12-04T15:00:05.332Z,ESP32_ENERGY_MONITOR_001,14.02,71.37,3,2.33,218.15,0.01,ok
2025-12-04T15:05:05.332Z,ESP32_ENERGY_MONITOR_001,14.53,74.46,6,2.01,216.38,0.01,ok
2025-12-04T15:10:05.332Z,ESP32_ENERGY_MONITOR_001,14.13,72.06,5,2.28,223.51,0.01,ok
2025-12-04T15:15:05.332Z,ESP32_ENERGY_MONITOR_001,14.97,74.32,4,2.09,224.19,0.01,ok
2025-12-04T15:20:05.332Z,ESP32_ENERGY_MONITOR_001,15.79,72.81,6,2.46,216.62,0.01,ok
2025-12-04T15:25:05.332Z,ESP32_ENERGY_MONITOR_001,14.34,71.43,3,2.10,215.22,0.01,ok
2025-12-04T15:30:05.332Z,ESP32_ENERGY_MONITOR_001,14.13,73.76,8,2.46,221.49,0.01,ok
2025-12-04T15:35:05.332Z,ESP32_ENERGY_MONITOR_001,14.74,73.71,3,2.02,220.82,0.01,ok
2025-12-04T15:40:05.332Z,ESP32_ENERGY_MONITOR_001,14.99,72.78,6,2.12,216.80,0.01,ok
2025-12-04T15:45:05.332Z,ESP32_ENERGY_MONITOR_001,15.23,73.34,9,2.50,223.63,0.01,ok
2025-12-04T15:50:05.332Z,ESP32_ENERGY_MONITOR_001,15.17,72.68,3,2.31,218.85,0.01,ok
2025-12-04T15:55:05.332Z,ESP32_ENERGY_MONITOR_001,14.75,73.02,8,2.28,217.67,0.01,ok
2025-12-04T16:00:05.332Z,ESP32_ENERGY_MONITOR_001,13.56,73.21,9,2.38,221.99,0.01,ok
2025-12-04T16:05:05.332Z,ESP32_ENERGY_MONITOR_001,14.03,74.55,1,1.89,222.30,0.01,ok
2025-12-04T16:10:05.332Z,ESP32_ENERGY_MONITOR_001,14.24,74.59,6,2.27,220.00,0.01,ok
2025-12-04T16:15:05.332Z,ESP32_ENERGY_MONITOR_001,13.80,72.48,7,2.10,217.21,0.01,ok
2025-12-04T16:20:05.332Z,ESP32_ENERGY_MONITOR_001,14.14,72.04,6,2.27,221.81,0.01,ok
2025-12-04T16:25:05.332Z,ESP32_ENERGY_MONITOR_001,13.61,74.00,1,1.86,215.70,0.01,ok
2025-12-04T16:30:05.332Z,ESP32_ENERGY_MONITOR_001,14.21,72.45,2,2.21,217.02,0.01,ok
2025-12-04T16:35:05.332Z,ESP32_ENERGY_MONITOR_001,13.82,73.69,5,2.27,220.90,0.01,ok
2025-12-04T16:40:05.332Z,ESP32_ENERGY_MONITOR_001,15.08,76.69,3,2.33,221.33,0.01,ok
2025-12-04T16:45:05.332Z,ESP32_ENERGY_MONITOR_001,14.05,73.27,8,2.19,223.19,0.01,ok
2025-12-04T16:50:05.332Z,ESP32_ENERGY_MONITOR_001,13.77,75.79,6,2.06,216.46,0.01,ok
2025-12-04T16:55:05.332Z,ESP32_ENERGY_MONITOR_001,13.88,72.76,7,2.06,218.50,0.01,ok
2025-12-04T17:00:05.332Z,ESP32_ENERGY_MONITOR_001,13.48,72.71,9,2.20,224.76,0.01,ok
2025-12-04T17:05:05.332Z,ESP32_ENERGY_MONITOR_001,14.56,72.70,0,2.24,217.10,0.01,ok
2025-12-04T17:10:05.332Z,ESP32_ENERGY_MONITOR_001,13.09,76.46,9,2.34,223.69,0.01,ok
2025-12-04T17:15:05.332Z,ESP32_ENERGY_MONITOR_001,14.03,75.49,1,1.93,221.75,0.01,ok
2025-12-04T17:20:05.332Z,ESP32_ENERGY_MONITOR_001,14.35,75.57,2,2.11,218.13,0.01,ok
2025-12-04T17:25:05.332Z,ESP32_ENERGY_MONITOR_001,13.97,73.03,8,2.09,218.06,0.01,ok
2025-12-04T17:30:05.332Z,ESP32_ENERGY_MONITOR_001,14.35,75.97,5,2.31,215.07,0.01,ok
2025-12-04T17:35:05.332Z,ESP32_ENERGY_MONITOR_001,13.82,73.99,1,2.17,218.92,0.01,ok
2025-12-04T17:40:05.332Z,ESP32_ENERGY_MONITOR_001,13.11,72.74,5,1.97,215.97,0.01,ok
2025-12-04T17:45:05.332Z,ESP32_ENERGY_MONITOR_001,13.36,76.71,0,2.25,215.81,0.01,ok
2025-12-04T17:50:05.332Z,ESP32_ENERGY_MONITOR_001,14.73,73.30,4,2.31,223.27,0.01,ok
2025-12-04T17:55:05.332Z,ESP32_ENERGY_MONITOR_001,13.75,72.73,8,2.14,222.66,0.01,ok
2025-12-04T18:00:05.332Z,ESP32_ENERGY_MONITOR_001,14.45,74.37,5,2.33,221.14,0.01,ok
2025-12-04T18:05:05.332Z,ESP32_ENERGY_MONITOR_001,13.27,75.05,5,2.01,218.02,0.01,ok
2025-12-04T18:10:05.332Z,ESP32_ENERGY_MONITOR_001,13.82,72.33,6,2.06,218.71,0.01,ok
2025-12-04T18:15:05.332Z,ESP32_ENERGY_MONITOR_001,13.96,74.94,0,1.95,219.80,0.01,ok
2025-12-04T18:20:05.332Z,ESP32_ENERGY_MONITOR_001,14.42,73.73,0,2.24,219.87,0.01,ok
2025-12-04T18:25:05.332Z,ESP32_ENERGY_MONITOR_001,14.10,74.24,7,2.13,215.50,0.01,ok
2025-12-04T18:30:05.332Z,ESP32_ENERGY_MONITOR_001,13.95,75.71,4,2.29,216.80,0.01,ok
2025-12-04T18:35:05.332Z,ESP32_ENERGY_MONITOR_001,14.26,75.85,5,2.20,219.24,0.01,ok
2025-12-04T18:40:05.332Z,ESP32_ENERGY_MONITOR_001,14.97,72.42,5,1.97,216.84,0.01,ok
2025-12-04T18:45:05.332Z,ESP32_ENERGY_MONITOR_001,13.89,76.88,4,1.97,222.65,0.01,ok
2025-12-04T18:50:05.332Z,ESP32_ENERGY_MONITOR_001,14.91,73.15,2,2.20,219.80,0.01,ok
2025-12-04T18:55:05.332Z,ESP32_ENERGY_MONITOR_001,13.93,73.46,1,2.05,217.71,0.01,ok
2025-12-04T19:00:05.332Z,ESP32_ENERGY_MONITOR_001,14.97,73.00,9,2.53,222.84,0.01,ok
2025-12-04T19:05:05.332Z,ESP32_ENERGY_MONITOR_001,14.69,72.87,9,2.16,215.14,0.01,ok
2025-12-04T19:10:05.332Z,ESP32_ENERGY_MONITOR_001,14.70,73.23,9,2.14,217.43,0.01,ok
2025-12-04T19:15:05.332Z,ESP32_ENERGY_MONITOR_001,15.09,72.32,2,2.20,219.67,0.01,ok
2025-12-04T19:20:05.332Z,ESP32_ENERGY_MONITOR_001,14.85,72.04,3,2.07,223.27,0.01,ok
2025-12-04T19:25:05.332Z,ESP32_ENERGY_MONITOR_001,14.17,72.46,9,2.33,224.35,0.01,ok
2025-12-04T19:30:05.332Z,ESP32_ENERGY_MONITOR_001,13.95,72.59,4,2.36,224.78,0.01,ok
2025-12-04T19:35:05.332Z,ESP32_ENERGY_MONITOR_001,14.33,73.17,1,1.98,215.15,0.01,ok
2025-12-04T19:40:05.332Z,ESP32_ENERGY_MONITOR_001,14.28,71.48,5,2.14,219.81,0.01,ok
2025-12-04T19:45:05.332Z,ESP32_ENERGY_MONITOR_001,14.31,75.31,0,2.07,217.10,0.01,ok
2025-12-04T19:50:05.332Z,ESP32_ENERGY_MONITOR_001,14.71,74.02,3,2.25,217.41,0.01,ok
2025-12-04T19:55:05.332Z,ESP32_ENERGY_MONITOR_001,14.27,70.74,0,1.84,221.25,0.01,ok
2025-12-04T20:00:05.332Z,ESP32_ENERGY_MONITOR_001,16.67,72.17,1,1.89,221.22,0.01,ok
2025-12-04T20:05:05.332Z,ESP32_ENERGY_MONITOR_001,15.45,69.55,1,1.88,222.59,0.01,ok
2025-12-04T20:10:05.332Z,ESP32_ENERGY_MONITOR_001,16.25,71.34,4,1.92,217.76,0.01,ok
2025-12-04T20:15:05.332Z,ESP32_ENERGY_MONITOR_001,16.16,70.87,7,2.49,221.23,0.01,ok
2025-12-04T20:20:05.332Z,ESP32_ENERGY_MONITOR_001,16.31,72.39,0,2.11,219.69,0.01,ok
2025-12-04T20:25:05.332Z,ESP32_ENERGY_MONITOR_001,15.70,68.85,2,2.29,217.50,0.01,ok
2025-12-04T20:30:05.332Z,ESP32_ENERGY_MONITOR_001,15.40,71.95,4,2.08,216.46,0.01,ok
2025-12-04T20:35:05.332Z,ESP32_ENERGY_MONITOR_001,16.13,69.91,5,2.29,220.85,0.01,ok
2025-12-04T20:40:05.332Z,ESP32_ENERGY_MONITOR_001,16.44,72.92,7,2.39,216.33,0.01,ok
2025-12-04T20:45:05.332Z,ESP32_ENERGY_MONITOR_001,16.63,72.79,8,2.38,215.45,0.01,ok
2025-12-04T20:50:05.332Z,ESP32_ENERGY_MONITOR_001,16.67,68.82,5,2.30,218.76,0.01,ok
2025-12-04T20:55:05.332Z,ESP32_ENERGY_MONITOR_001,16.42,70.44,9,2.20,224.90,0.01,ok
2025-12-04T21:00:05.332Z,ESP32_ENERGY_MONITOR_001,16.62,69.83,0,1.87,218.56,0.01,ok
2025-12-04T21:05:05.332Z,ESP32_ENERGY_MONITOR_001,17.03,66.19,1,2.06,217.77,0.01,ok
2025-12-04T21:10:05.332Z,ESP32_ENERGY_MONITOR_001,16.60,67.88,1,1.96,215.02,0.01,ok
2025-12-04T21:15:05.332Z,ESP32_ENERGY_MONITOR_001,17.82,69.14,8,2.55,217.07,0.01,ok
2025-12-04T21:20:05.332Z,ESP32_ENERGY_MONITOR_001,17.20,67.32,5,1.99,219.65,0.01,ok
2025-12-04T21:25:05.332Z,ESP32_ENERGY_MONITOR_001,16.38,66.03,7,2.30,217.04,0.01,ok
2025-12-04T21:30:05.332Z,ESP32_ENERGY_MONITOR_001,16.52,69.17,5,2.34,216.31,0.01,ok
2025-12-04T21:35:05.332Z,ESP32_ENERGY_MONITOR_001,17.26,67.08,9,2.24,223.10,0.01,ok
2025-12-04T21:40:05.332Z,ESP32_ENERGY_MONITOR_001,17.88,69.48,1,2.21,222.43,0.01,ok
2025-12-04T21:45:05.332Z,ESP32_ENERGY_MONITOR_001,17.98,67.54,9,2.52,219.12,0.01,ok
2025-12-04T21:50:05.332Z,ESP32_ENERGY_MONITOR_001,17.17,67.44,0,1.81,222.42,0.01,ok
2025-12-04T21:55:05.332Z,ESP32_ENERGY_MONITOR_001,16.76,66.22,9,2.13,217.35,0.01,ok
2025-12-04T22:00:05.332Z,ESP32_ENERGY_MONITOR_001,18.87,64.46,4,2.14,224.15,0.01,ok
2025-12-04T22:05:05.332Z,ESP32_ENERGY_MONITOR_001,19.29,66.10,2,1.91,218.23,0.01,ok
2025-12-04T22:10:05.332Z,ESP32_ENERGY_MONITOR_001,19.22,66.16,8,2.32,218.77,0.01,ok
2025-12-04T22:15:05.332Z,ESP32_ENERGY_MONITOR_001,19.33,64.98,2,1.86,223.17,0.01,ok
2025-12-04T22:20:05.332Z,ESP32_ENERGY_MONITOR_001,19.28,65.48,7,2.49,220.91,0.01,ok
2025-12-04T22:25:05.332Z,ESP32_ENERGY_MONITOR_001,19.32,62.16,7,2.13,224.86,0.01,ok
2025-12-04T22:30:05.332Z,ESP32_ENERGY_MONITOR_001,18.76,61.46,4,2.00,219.12,0.01,ok
2025-12-04T22:35:05.332Z,ESP32_ENERGY_MONITOR_001,19.43,61.88,5,1.99,221.21,0.01,ok
2025-12-04T22:40:05.332Z,ESP32_ENERGY_MONITOR_001,17.74,61.53,1,1.95,220.68,0.01,ok
2025-12-04T22:45:05.332Z,ESP32_ENERGY_MONITOR_001,19.25,64.47,2,2.17,217.16,0.01,ok
2025-12-04T22:50:05.332Z,ESP32_ENERGY_MONITOR_001,19.25,65.23,1,2.03,224.76,0.01,ok
2025-12-04T22:55:05.332Z,ESP32_ENERGY_MONITOR_001,18.45,63.91,8,2.33,218.04,0.01,ok
2025-12-04T23:00:05.332Z,ESP32_ENERGY_MONITOR_001,20.05,61.54,2,2.31,221.96,0.01,ok
2025-12-04T23:05:05.332Z,ESP32_ENERGY_MONITOR_001,19.17,60.01,4,2.29,221.90,0.01,ok
2025-12-04T23:10:05.332Z,ESP32_ENERGY_MONITOR_001,19.72,59.51,6,2.38,217.93,0.01,ok
2025-12-04T23:15:05.332Z,ESP32_ENERGY_MONITOR_001,20.81,60.89,1,2.13,223.42,0.01,ok
2025-12-04T23:20:05.332Z,ESP32_ENERGY_MONITOR_001,19.34,62.48,5,2.27,217.62,0.01,ok
2025-12-04T23:25:05.332Z,ESP32_ENERGY_MONITOR_001,20.39,59.84,6,2.23,216.26,0.01,ok
2025-12-04T23:30:05.332Z,ESP32_ENERGY_MONITOR_001,20.88,59.85,7,2.25,223.83,0.01,ok
2025-12-04T23:35:05.332Z,ESP32_ENERGY_MONITOR_001,20.73,59.51,2,2.07,223.79,0.01,ok
2025-12-04T23:40:05.332Z,ESP32_ENERGY_MONITOR_001,19.08,61.60,7,2.38,218.02,0.01,ok
2025-12-04T23:45:05.332Z,ESP32_ENERGY_MONITOR_001,19.22,60.38,8,2.43,221.38,0.01,ok
2025-12-04T23:50:05.332Z,ESP32_ENERGY_MONITOR_001,19.68,61.47,2,2.27,221.10,0.01,ok
2025-12-04T23:55:05.332Z,ESP32_ENERGY_MONITOR_001,20.01,59.75,3,2.36,223.02,0.01,ok
2025-12-05T00:00:05.332Z,ESP32_ENERGY_MONITOR_001,21.94,55.44,7,2.20,218.46,0.01,ok
2025-12-05T00:05:05.332Z,ESP32_ENERGY_MONITOR_001,21.52,57.24,3,2.13,215.79,0.01,ok
2025-12-05T00:10:05.332Z,ESP32_ENERGY_MONITOR_001,21.25,53.76,2,2.11,221.94,0.01,ok
2025-12-05T00:15:05.332Z,ESP32_ENERGY_MONITOR_001,20.61,55.68,4,2.16,215.12,0.01,ok
2025-12-05T00:20:05.332Z,ESP32_ENERGY_MONITOR_001,21.09,58.03,4,2.07,220.72,0.01,ok
2025-12-05T00:25:05.332Z,ESP32_ENERGY_MONITOR_001,21.32,56.75,6,2.31,218.79,0.01,ok
2025-12-05T00:30:05.332Z,ESP32_ENERGY_MONITOR_001,21.84,55.67,5,2.35,221.19,0.01,ok
2025-12-05T00:35:05.332Z,ESP32_ENERGY_MONITOR_001,21.09,55.29,6,2.31,224.07,0.01,ok
2025-12-05T00:40:05.332Z,ESP32_ENERGY_MONITOR_001,22.03,57.28,1,2.14,217.41,0.01,ok
2025-12-05T00:45:05.332Z,ESP32_ENERGY_MONITOR_001,20.74,54.65,4,2.03,218.02,0.01,ok
2025-12-05T00:50:05.332Z,ESP32_ENERGY_MONITOR_001,21.38,58.57,6,2.44,219.57,0.01,ok
2025-12-05T00:55:05.332Z,ESP32_ENERGY_MONITOR_001,22.50,57.39,0,1.97,220.70,0.01,ok
2025-12-05T01:00:05.332Z,ESP32_ENERGY_MONITOR_001,22.27,54.55,19,2.57,217.45,0.01,ok
2025-12-05T01:05:05.332Z,ESP32_ENERGY_MONITOR_001,23.20,52.44,20,2.68,218.62,0.01,ok
2025-12-05T01:10:05.332Z,ESP32_ENERGY_MONITOR_001,23.68,52.36,15,2.63,224.65,0.01,ok
2025-12-05T01:15:05.332Z,ESP32_ENERGY_MONITOR_001,23.72,51.10,19,2.85,218.77,0.01,ok
2025-12-05T01:20:05.332Z,ESP32_ENERGY_MONITOR_001,22.81,53.88,15,2.53,223.57,0.01,ok
2025-12-05T01:25:05.332Z,ESP32_ENERGY_MONITOR_001,23.89,51.16,20,2.85,222.65,0.01,ok
2025-12-05T01:30:05.332Z,ESP32_ENERGY_MONITOR_001,23.08,51.54,17,2.56,222.03,0.01,ok
2025-12-05T01:35:05.332Z,ESP32_ENERGY_MONITOR_001,23.87,53.12,21,2.75,215.97,0.01,ok
2025-12-05T01:40:05.332Z,ESP32_ENERGY_MONITOR_001,22.55,50.13,21,2.97,215.17,0.01,ok
2025-12-05T01:45:05.332Z,ESP32_ENERGY_MONITOR_001,23.73,50.46,19,2.53,222.50,0.01,ok
2025-12-05T01:50:05.332Z,ESP32_ENERGY_MONITOR_001,23.76,51.85,18,2.84,219.88,0.01,ok
2025-12-05T01:55:05.332Z,ESP32_ENERGY_MONITOR_001,22.50,53.00,23,2.97,222.97,0.01,ok
2025-12-05T02:00:05.332Z,ESP32_ENERGY_MONITOR_001,23.38,46.92,21,2.76,216.67,0.01,ok
2025-12-05T02:05:05.332Z,ESP32_ENERGY_MONITOR_001,24.39,50.07,23,3.09,217.20,0.01,ok
2025-12-05T02:10:05.332Z,ESP32_ENERGY_MONITOR_001,24.16,47.40,21,3.09,216.54,0.01,ok
2025-12-05T02:15:05.332Z,ESP32_ENERGY_MONITOR_001,23.33,51.31,24,2.77,222.56,0.01,ok
2025-12-05T02:20:05.332Z,ESP32_ENERGY_MONITOR_001,24.50,48.95,29,3.26,215.63,0.01,ok
2025-12-05T02:25:05.332Z,ESP32_ENERGY_MONITOR_001,23.49,47.80,28,3.03,223.53,0.01,ok
2025-12-05T02:30:05.332Z,ESP32_ENERGY_MONITOR_001,23.52,46.92,25,3.17,224.94,0.01,ok
2025-12-05T02:35:05.332Z,ESP32_ENERGY_MONITOR_001,25.14,47.06,21,2.97,222.75,0.01,ok
2025-12-05T02:40:05.332Z,ESP32_ENERGY_MONITOR_001,24.96,47.80,29,3.44,217.44,0.02,ok
2025-12-05T02:45:05.332Z,ESP32_ENERGY_MONITOR_001,24.17,49.06,23,2.84,216.68,0.01,ok
2025-12-05T02:50:05.332Z,ESP32_ENERGY_MONITOR_001,24.62,47.81,20,3.04,218.96,0.01,ok
2025-12-05T02:55:05.332Z,ESP32_ENERGY_MONITOR_001,23.92,50.77,22,2.87,216.39,0.01,ok
2025-12-05T03:00:05.332Z,ESP32_ENERGY_MONITOR_001,25.69,49.22,32,3.66,219.49,0.02,ok
2025-12-05T03:05:05.332Z,ESP32_ENERGY_MONITOR_001,25.64,49.50,25,3.61,219.32,0.02,ok
2025-12-05T03:10:05.332Z,ESP32_ENERGY_MONITOR_001,25.06,49.46,24,3.13,215.30,0.01,ok
2025-12-05T03:15:05.332Z,ESP32_ENERGY_MONITOR_001,26.14,44.97,27,3.63,218.77,0.02,ok
2025-12-05T03:20:05.332Z,ESP32_ENERGY_MONITOR_001,24.27,47.51,26,3.02,223.54,0.01,ok
2025-12-05T03:25:05.332Z,ESP32_ENERGY_MONITOR_001,25.83,46.74,24,3.31,215.14,0.02,ok
2025-12-05T03:30:05.332Z,ESP32_ENERGY_MONITOR_001,24.65,48.23,31,3.41,220.64,0.02,ok
2025-12-05T03:35:05.332Z,ESP32_ENERGY_MONITOR_001,24.68,47.14,24,3.34,223.17,0.02,ok
2025-12-05T03:40:05.332Z,ESP32_ENERGY_MONITOR_001,24.66,47.32,31,3.52,223.62,0.02,ok
2025-12-05T03:45:05.332Z,ESP32_ENERGY_MONITOR_001,24.51,47.31,30,3.55,215.00,0.02,ok
2025-12-05T03:50:05.332Z,ESP32_ENERGY_MONITOR_001,25.53,46.81,32,3.66,220.92,0.02,ok
2025-12-05T03:55:05.332Z,ESP32_ENERGY_MONITOR_001,25.72,45.73,28,3.87,216.72,0.02,ok
2025-12-05T04:00:05.332Z,ESP32_ENERGY_MONITOR_001,24.99,44.47,35,3.55,217.15,0.02,ok
2025-12-05T04:05:05.332Z,ESP32_ENERGY_MONITOR_001,26.42,46.34,28,3.74,220.19,0.02,ok
2025-12-05T04:10:05.332Z,ESP32_ENERGY_MONITOR_001,26.56,44.23,29,3.96,218.99,0.02,ok
2025-12-05T04:15:05.332Z,ESP32_ENERGY_MONITOR_001,24.96,45.81,36,3.83,222.36,0.02,ok
2025-12-05T04:20:05.332Z,ESP32_ENERGY_MONITOR_001,25.37,43.02,34,3.53,223.11,0.02,ok
2025-12-05T04:25:05.332Z,ESP32_ENERGY_MONITOR_001,26.15,44.89,36,3.95,218.29,0.02,ok
2025-12-05T04:30:05.332Z,ESP32_ENERGY_MONITOR_001,26.56,46.34,30,4.19,217.28,0.02,ok
2025-12-05T04:35:05.332Z,ESP32_ENERGY_MONITOR_001,25.30,45.56,34,3.71,220.67,0.02,ok
2025-12-05T04:40:05.332Z,ESP32_ENERGY_MONITOR_001,26.30,45.57,29,3.96,223.43,0.02,ok
2025-12-05T04:45:05.332Z,ESP32_ENERGY_MONITOR_001,26.05,43.63,35,3.98,216.82,0.02,ok
2025-12-05T04:50:05.332Z,ESP32_ENERGY_MONITOR_001,25.46,46.82,29,3.66,224.36,0.02,ok
2025-12-05T04:55:05.332Z,ESP32_ENERGY_MONITOR_001,26.36,46.76,30,4.13,218.76,0.02,ok
2025-12-05T05:00:05.332Z,ESP32_ENERGY_MONITOR_001,26.49,46.46,35,4.17,222.18,0.02,ok
2025-12-05T05:05:05.332Z,ESP32_ENERGY_MONITOR_001,25.57,46.39,34,3.65,221.65,0.02,ok
2025-12-05T05:10:05.332Z,ESP32_ENERGY_MONITOR_001,25.09,46.04,31,3.53,215.82,0.02,ok
2025-12-05T05:15:05.332Z,ESP32_ENERGY_MONITOR_001,25.53,44.83,35,3.75,224.12,0.02,ok
2025-12-05T05:20:05.332Z,ESP32_ENERGY_MONITOR_001,26.67,45.12,32,3.98,219.99,0.02,ok
2025-12-05T05:25:05.332Z,ESP32_ENERGY_MONITOR_001,25.18,44.72,29,3.28,218.17,0.01,ok
2025-12-05T05:30:05.332Z,ESP32_ENERGY_MONITOR_001,25.30,47.28,31,3.79,220.71,0.02,ok
2025-12-05T05:35:05.332Z,ESP32_ENERGY_MONITOR_001,26.51,43.10,29,3.88,220.53,0.02,ok
2025-12-05T05:40:05.332Z,ESP32_ENERGY_MONITOR_001,26.27,43.75,31,3.92,223.74,0.02,ok
2025-12-05T05:45:05.332Z,ESP32_ENERGY_MONITOR_001,26.67,44.01,31,4.06,217.32,0.02,ok
2025-12-05T05:50:05.332Z,ESP32_ENERGY_MONITOR_001,25.24,46.52,34,3.65,222.91,0.02,ok
2025-12-05T05:55:05.332Z,ESP32_ENERGY_MONITOR_001,26.87,44.22,33,4.04,215.87,0.02,ok
2025-12-05T06:00:05.332Z,ESP32_ENERGY_MONITOR_001,26.44,44.37,38,4.19,221.45,0.02,ok
2025-12-05T06:05:05.332Z,ESP32_ENERGY_MONITOR_001,26.30,46.14,38,4.05,218.93,0.02,ok
2025-12-05T06:10:05.332Z,ESP32_ENERGY_MONITOR_001,25.50,43.62,31,3.70,217.46,0.02,ok
2025-12-05T06:15:05.332Z,ESP32_ENERGY_MONITOR_001,25.45,44.40,38,4.01,223.86,0.02,ok
2025-12-05T06:20:05.332Z,ESP32_ENERGY_MONITOR_001,25.19,47.21,31,3.53,219.12,0.02,ok
2025-12-05T06:25:05.332Z,ESP32_ENERGY_MONITOR_001,25.86,46.64,36,3.85,215.23,0.02,ok
2025-12-05T06:30:05.332Z,ESP32_ENERGY_MONITOR_001,26.29,44.33,30,4.07,216.22,0.02,ok
2025-12-05T06:35:05.332Z,ESP32_ENERGY_MONITOR_001,25.05,44.96,36,3.89,224.06,0.02,ok
2025-12-05T06:40:05.332Z,ESP32_ENERGY_MONITOR_001,24.82,47.15,36,3.64,223.50,0.02,ok
2025-12-05T06:45:05.332Z,ESP32_ENERGY_MONITOR_001,26.58,45.07,33,4.29,219.58,0.02,ok
2025-12-05T06:50:05.332Z,ESP32_ENERGY_MONITOR_001,26.74,44.68,31,3.96,219.68,0.02,ok
2025-12-05T06:55:05.332Z,ESP32_ENERGY_MONITOR_001,25.55,46.71,34,3.62,219.21,0.02,ok
2025-12-05T07:00:05.332Z,ESP32_ENERGY_MONITOR_001,25.67,46.83,36,3.91,220.85,0.02,ok
2025-12-05T07:05:05.332Z,ESP32_ENERGY_MONITOR_001,24.27,45.71,33,3.58,215.38,0.02,ok
2025-12-05T07:10:05.332Z,ESP32_ENERGY_MONITOR_001,25.50,45.31,31,3.53,218.31,0.02,ok
2025-12-05T07:15:05.332Z,ESP32_ENERGY_MONITOR_001,25.56,47.88,31,3.46,224.02,0.02,ok
2025-12-05T07:20:05.332Z,ESP32_ENERGY_MONITOR_001,25.49,48.75,30,3.77,222.64,0.02,ok
2025-12-05T07:25:05.332Z,ESP32_ENERGY_MONITOR_001,24.22,47.63,27,3.20,224.94,0.01,ok
2025-12-05T07:30:05.332Z,ESP32_ENERGY_MONITOR_001,26.00,44.77,34,3.77,215.61,0.02,ok
2025-12-05T07:35:05.332Z,ESP32_ENERGY_MONITOR_001,24.68,46.91,34,3.40,223.01,0.02,ok
2025-12-05T07:40:05.332Z,ESP32_ENERGY_MONITOR_001,25.97,46.54,33,4.07,218.85,0.02,ok
2025-12-05T07:45:05.332Z,ESP32_ENERGY_MONITOR_001,24.83,45.49,30,3.24,219.80,0.01,ok
2025-12-05T07:50:05.332Z,ESP32_ENERGY_MONITOR_001,25.86,47.99,29,3.64,221.44,0.02,ok
2025-12-05T07:55:05.332Z,ESP32_ENERGY_MONITOR_001,24.38,47.81,36,3.40,223.39,0.02,ok
2025-12-05T08:00:05.332Z,ESP32_ENERGY_MONITOR_001,25.03,47.88,26,3.41,218.48,0.02,ok
2025-12-05T08:05:05.332Z,ESP32_ENERGY_MONITOR_001,24.77,50.00,28,3.32,215.48,0.02,ok
2025-12-05T08:10:05.332Z,ESP32_ENERGY_MONITOR_001,23.34,50.04,30,3.24,219.47,0.01,ok
2025-12-05T08:15:05.332Z,ESP32_ENERGY_MONITOR_001,24.14,49.27,33,3.55,222.08,0.02,ok
2025-12-05T08:20:05.332Z,ESP32_ENERGY_MONITOR_001,23.83,49.10,24,2.78,221.17,0.01,ok
2025-12-05T08:25:05.332Z,ESP32_ENERGY_MONITOR_001,23.65,49.08,33,3.56,220.84,0.02,ok
2025-12-05T08:30:05.332Z,ESP32_ENERGY_MONITOR_001,25.14,51.40,28,3.68,220.25,0.02,ok
2025-12-05T08:35:05.332Z,ESP32_ENERGY_MONITOR_001,24.43,48.77,26,3.05,219.96,0.01,ok
2025-12-05T08:40:05.332Z,ESP32_ENERGY_MONITOR_001,23.73,47.77,32,3.45,222.04,0.02,ok
2025-12-05T08:45:05.332Z,ESP32_ENERGY_MONITOR_001,24.73,49.89,29,3.58,218.82,0.02,ok
2025-12-05T08:50:05.332Z,ESP32_ENERGY_MONITOR_001,23.29,50.19,27,2.93,222.62,0.01,ok
2025-12-05T08:55:05.332Z,ESP32_ENERGY_MONITOR_001,23.37,51.54,30,3.33,219.40,0.02,ok
2025-12-05T09:00:05.332Z,ESP32_ENERGY_MONITOR_001,22.42,52.09,28,3.17,224.94,0.01,ok
2025-12-05T09:05:05.332Z,ESP32_ENERGY_MONITOR_001,23.51,54.23,20,3.02,216.97,0.01,ok
2025-12-05T09:10:05.332Z,ESP32_ENERGY_MONITOR_001,22.95,52.40,21,3.06,221.66,0.01,ok
2025-12-05T09:15:05.332Z,ESP32_ENERGY_MONITOR_001,22.32,52.79,22,3.07,218.81,0.01,ok
2025-12-05T09:20:05.332Z,ESP32_ENERGY_MONITOR_001,23.20,52.12,23,3.10,218.77,0.01,ok
2025-12-05T09:25:05.332Z,ESP32_ENERGY_MONITOR_001,22.26,53.75,24,3.06,218.95,0.01,ok
2025-12-05T09:30:05.332Z,ESP32_ENERGY_MONITOR_001,22.09,50.47,25,3.07,216.98,0.01,ok
2025-12-05T09:35:05.332Z,ESP32_ENERGY_MONITOR_001,22.15,53.20,26,2.93,216.79,0.01,ok
2025-12-05T09:40:05.332Z,ESP32_ENERGY_MONITOR_001,22.76,50.33,23,2.70,224.14,0.01,ok
2025-12-05T09:45:05.332Z,ESP32_ENERGY_MONITOR_001,23.87,52.64,25,2.98,220.88,0.01,ok
2025-12-05T09:50:05.332Z,ESP32_ENERGY_MONITOR_001,22.97,51.87,27,2.96,217.05,0.01,ok
2025-12-05T09:55:05.332Z,ESP32_ENERGY_MONITOR_001,22.28,52.57,21,3.06,222.61,0.01,ok
2025-12-05T10:00:05.332Z,ESP32_ENERGY_MONITOR_001,22.22,53.65,20,3.02,218.52,0.01,ok
2025-12-05T10:05:05.332Z,ESP32_ENERGY_MONITOR_001,21.93,58.02,21,2.90,216.04,0.01,ok
2025-12-05T10:10:05.332Z,ESP32_ENERGY_MONITOR_001,21.00,56.82,23,2.86,215.67,0.01,ok
2025-12-05T10:15:05.332Z,ESP32_ENERGY_MONITOR_001,21.98,55.11,24,2.77,215.28,0.01,ok
2025-12-05T10:20:05.332Z,ESP32_ENERGY_MONITOR_001,21.11,57.47,16,2.69,216.94,0.01,ok
2025-12-05T10:25:05.332Z,ESP32_ENERGY_MONITOR_001,22.03,53.69,15,2.69,218.46,0.01,ok
2025-12-05T10:30:05.332Z,ESP32_ENERGY_MONITOR_001,21.77,58.43,21,2.92,218.99,0.01,ok
2025-12-05T10:35:05.332Z,ESP32_ENERGY_MONITOR_001,20.61,58.37,16,2.47,216.22,0.01,ok
2025-12-05T10:40:05.332Z,ESP32_ENERGY_MONITOR_001,21.37,57.49,21,2.90,224.38,0.01,ok
2025-12-05T10:45:05.332Z,ESP32_ENERGY_MONITOR_001,21.10,58.27,16,2.70,223.79,0.01,ok
2025-12-05T10:50:05.332Z,ESP32_ENERGY_MONITOR_001,21.42,56.82,15,2.68,220.70,0.01,ok
2025-12-05T10:55:05.332Z,ESP32_ENERGY_MONITOR_001,22.48,57.75,16,2.73,220.58,0.01,ok
2025-12-05T11:00:05.332Z,ESP32_ENERGY_MONITOR_001,19.06,57.87,9,2.45,219.42,0.01,ok
2025-12-05T11:05:05.332Z,ESP32_ENERGY_MONITOR_001,20.09,61.72,0,1.83,219.11,0.01,ok
2025-12-05T11:10:05.332Z,ESP32_ENERGY_MONITOR_001,20.68,59.33,4,2.02,223.77,0.01,ok
2025-12-05T11:15:05.332Z,ESP32_ENERGY_MONITOR_001,19.31,61.64,9,2.36,222.19,0.01,ok
2025-12-05T11:20:05.332Z,ESP32_ENERGY_MONITOR_001,20.56,59.55,2,1.97,217.13,0.01,ok
2025-12-05T11:25:05.332Z,ESP32_ENERGY_MONITOR_001,19.33,60.04,5,1.97,222.50,0.01,ok
2025-12-05T11:30:05.332Z,ESP32_ENERGY_MONITOR_001,19.47,59.58,2,1.93,215.69,0.01,ok
2025-12-05T11:35:05.332Z,ESP32_ENERGY_MONITOR_001,19.83,57.97,5,2.07,217.73,0.01,ok
2025-12-05T11:40:05.332Z,ESP32_ENERGY_MONITOR_001,19.22,58.11,9,2.51,224.90,0.01,ok
2025-12-05T11:45:05.332Z,ESP32_ENERGY_MONITOR_001,20.92,59.30,4,2.37,222.31,0.01,ok
2025-12-05T11:50:05.332Z,ESP32_ENERGY_MONITOR_001,20.85,61.84,5,2.17,224.91,0.01,ok
2025-12-05T11:55:05.332Z,ESP32_ENERGY_MONITOR_001,20.74,57.87,7,2.07,215.96,0.01,ok
2025-12-05T12:00:05.332Z,ESP32_ENERGY_MONITOR_001,18.71,62.99,6,2.41,219.36,0.01,ok
2025-12-05T12:05:05.332Z,ESP32_ENERGY_MONITOR_001,18.31,62.95,2,1.92,217.95,0.01,ok
2025-12-05T12:10:05.332Z,ESP32_ENERGY_MONITOR_001,19.12,62.81,6,2.43,215.80,0.01,ok
2025-12-05T12:15:05.332Z,ESP32_ENERGY_MONITOR_001,18.97,63.07,7,2.16,220.05,0.01,ok
2025-12-05T12:20:05.332Z,ESP32_ENERGY_MONITOR_001,18.23,65.40,1,1.84,223.92,0.01,ok
2025-12-05T12:25:05.332Z,ESP32_ENERGY_MONITOR_001,18.86,65.83,2,2.33,224.22,0.01,ok
2025-12-05T12:30:05.332Z,ESP32_ENERGY_MONITOR_001,19.06,62.08,9,2.59,218.31,0.01,ok
2025-12-05T12:35:05.332Z,ESP32_ENERGY_MONITOR_001,18.46,63.73,0,2.18,223.99,0.01,ok
2025-12-05T12:40:05.332Z,ESP32_ENERGY_MONITOR_001,19.08,64.38,0,2.04,223.02,0.01,ok
2025-12-05T12:45:05.332Z,ESP32_ENERGY_MONITOR_001,18.12,61.87,7,2.28,224.32,0.01,ok
2025-12-05T12:50:05.332Z,ESP32_ENERGY_MONITOR_001,17.62,61.95,6,2.04,219.66,0.01,ok
2025-12-05T12:55:05.332Z,ESP32_ENERGY_MONITOR_001,18.83,62.80,7,2.05,220.74,0.01,ok
2025-12-05T13:00:05.332Z,ESP32_ENERGY_MONITOR_001,16.37,69.22,5,2.44,215.71,0.01,ok
2025-12-05T13:05:05.332Z,ESP32_ENERGY_MONITOR_001,17.84,69.26,1,1.99,220.22,0.01,ok
2025-12-05T13:10:05.332Z,ESP32_ENERGY_MONITOR_001,16.78,65.07,3,2.00,217.48,0.01,ok
2025-12-05T13:15:05.332Z,ESP32_ENERGY_MONITOR_001,17.88,69.13,2,1.84,219.75,0.01,ok
2025-12-05T13:20:05.332Z,ESP32_ENERGY_MONITOR_001,16.62,65.10,1,1.88,221.75,0.01,ok
2025-12-05T13:25:05.332Z,ESP32_ENERGY_MONITOR_001,17.80,66.42,0,1.80,216.79,0.01,ok
2025-12-05T13:30:05.332Z,ESP32_ENERGY_MONITOR_001,16.99,68.46,4,2.27,217.85,0.01,ok
2025-12-05T13:35:05.332Z,ESP32_ENERGY_MONITOR_001,16.02,67.45,0,2.10,223.44,0.01,ok
2025-12-05T13:40:05.332Z,ESP32_ENERGY_MONITOR_001,16.70,66.50,9,2.56,223.21,0.01,ok
2025-12-05T13:45:05.332Z,ESP32_ENERGY_MONITOR_001,16.46,67.14,4,2.03,219.99,0.01,ok
2025-12-05T13:50:05.332Z,ESP32_ENERGY_MONITOR_001,17.50,65.96,5,2.24,216.94,0.01,ok
2025-12-05T13:55:05.332Z,ESP32_ENERGY_MONITOR_001,17.04,65.17,1,1.90,217.64,0.01,ok
2025-12-05T14:00:05.332Z,ESP32_ENERGY_MONITOR_001,14.86,72.43,5,1.96,222.13,0.01,ok
2025-12-05T14:05:05.332Z,ESP32_ENERGY_MONITOR_001,16.18,71.74,9,2.37,223.80,0.01,ok
2025-12-05T14:10:05.332Z,ESP32_ENERGY_MONITOR_001,15.63,68.63,7,2.45,224.96,0.01,ok
2025-12-05T14:15:05.332Z,ESP32_ENERGY_MONITOR_001,16.48,71.62,6,2.29,217.76,0.01,ok
2025-12-05T14:20:05.332Z,ESP32_ENERGY_MONITOR_001,14.96,71.14,4,1.95,224.57,0.01,ok
2025-12-05T14:25:05.332Z,ESP32_ENERGY_MONITOR_001,16.04,71.35,5,2.38,220.53,0.01,ok
2025-12-05T14:30:05.332Z,ESP32_ENERGY_MONITOR_001,14.97,69.98,7,2.07,217.52,0.01,ok
2025-12-05T14:35:05.332Z,ESP32_ENERGY_MONITOR_001,15.88,70.83,4,2.32,220.44,0.01,ok
2025-12-05T14:40:05.332Z,ESP32_ENERGY_MONITOR_001,16.18,71.67,5,2.26,220.77,0.01,ok
2025-12-05T14:45:05.332Z,ESP32_ENERGY_MONITOR_001,15.35,71.53,4,2.30,215.07,0.01,ok
2025-12-05T14:50:05.332Z,ESP32_ENERGY_MONITOR_001,15.93,69.13,5,2.43,221.44,0.01,ok
2025-12-05T14:55:05.332Z,ESP32_ENERGY_MONITOR_001,16.07,71.61,6,2.01,224.93,0.01,ok
2025-12-05T15:00:05.332Z,ESP32_ENERGY_MONITOR_001,14.69,75.32,5,2.15,216.67,0.01,ok
2025-12-05T15:05:05.332Z,ESP32_ENERGY_MONITOR_001,14.86,75.35,0,2.01,216.30,0.01,ok
2025-12-05T15:10:05.332Z,ESP32_ENERGY_MONITOR_001,14.93,71.57,7,2.50,218.26,0.01,ok
2025-12-05T15:15:05.332Z,ESP32_ENERGY_MONITOR_001,15.02,74.24,4,2.24,220.58,0.01,ok
2025-12-05T15:20:05.332Z,ESP32_ENERGY_MONITOR_001,14.67,73.70,5,2.29,223.78,0.01,ok
2025-12-05T15:25:05.332Z,ESP32_ENERGY_MONITOR_001,15.71,71.31,5,1.98,215.84,0.01,ok
2025-12-05T15:30:05.332Z,ESP32_ENERGY_MONITOR_001,14.33,70.88,5,2.09,216.11,0.01,ok
2025-12-05T15:35:05.332Z,ESP32_ENERGY_MONITOR_001,13.94,70.52,8,2.13,222.84,0.01,ok
2025-12-05T15:40:05.332Z,ESP32_ENERGY_MONITOR_001,13.84,74.40,4,1.93,219.26,0.01,ok
2025-12-05T15:45:05.332Z,ESP32_ENERGY_MONITOR_001,14.66,75.37,3,2.08,218.47,0.01,ok
2025-12-05T15:50:05.332Z,ESP32_ENERGY_MONITOR_001,15.46,74.36,0,2.03,217.87,0.01,ok
2025-12-05T15:55:05.332Z,ESP32_ENERGY_MONITOR_001,15.67,71.11,3,2.05,220.75,0.01,ok
2025-12-05T16:00:05.332Z,ESP32_ENERGY_MONITOR_001,13.62,72.56,4,2.19,217.36,0.01,ok
2025-12-05T16:05:05.332Z,ESP32_ENERGY_MONITOR_001,14.75,72.64,2,2.25,216.48,0.01,ok
2025-12-05T16:10:05.332Z,ESP32_ENERGY_MONITOR_001,14.60,76.25,4,2.34,222.00,0.01,ok
2025-12-05T16:15:05.332Z,ESP32_ENERGY_MONITOR_001,13.45,75.37,7,2.51,221.22,0.01,ok
2025-12-05T16:20:05.332Z,ESP32_ENERGY_MONITOR_001,14.15,76.88,7,2.28,220.98,0.01,ok
2025-12-05T16:25:05.332Z,ESP32_ENERGY_MONITOR_001,14.69,75.92,0,1.98,222.05,0.01,ok
2025-12-05T16:30:05.332Z,ESP32_ENERGY_MONITOR_001,13.88,75.51,1,2.28,222.57,0.01,ok
2025-12-05T16:35:05.332Z,ESP32_ENERGY_MONITOR_001,14.39,76.96,7,2.53,215.90,0.01,ok
2025-12-05T16:40:05.332Z,ESP32_ENERGY_MONITOR_001,13.99,75.99,8,2.55,223.61,0.01,ok
2025-12-05T16:45:05.332Z,ESP32_ENERGY_MONITOR_001,13.57,75.25,5,2.23,218.04,0.01,ok
2025-12-05T16:50:05.332Z,ESP32_ENERGY_MONITOR_001,13.38,73.21,6,2.15,224.98,0.01,ok
2025-12-05T16:55:05.332Z,ESP32_ENERGY_MONITOR_001,13.90,73.59,8,2.24,216.48,0.01,ok
2025-12-05T17:00:05.332Z,ESP32_ENERGY_MONITOR_001,14.17,75.91,9,2.46,220.96,0.01,ok
2025-12-05T17:05:05.332Z,ESP32_ENERGY_MONITOR_001,13.15,76.10,5,2.31,219.47,0.01,ok
2025-12-05T17:10:05.332Z,ESP32_ENERGY_MONITOR_001,14.05,73.93,5,2.10,220.35,0.01,ok
2025-12-05T17:15:05.332Z,ESP32_ENERGY_MONITOR_001,14.42,75.98,1,1.82,221.13,0.01,ok
2025-12-05T17:20:05.332Z,ESP32_ENERGY_MONITOR_001,13.74,73.00,3,2.09,219.63,0.01,ok
2025-12-05T17:25:05.332Z,ESP32_ENERGY_MONITOR_001,13.55,76.13,2,2.10,219.32,0.01,ok
2025-12-05T17:30:05.332Z,ESP32_ENERGY_MONITOR_001,14.79,74.30,2,1.86,219.99,0.01,ok
2025-12-05T17:35:05.332Z,ESP32_ENERGY_MONITOR_001,14.49,73.15,9,2.46,222.79,0.01,ok
2025-12-05T17:40:05.332Z,ESP32_ENERGY_MONITOR_001,13.70,76.88,9,2.37,220.55,0.01,ok
2025-12-05T17:45:05.332Z,ESP32_ENERGY_MONITOR_001,14.51,74.37,2,2.05,215.76,0.01,ok
2025-12-05T17:50:05.332Z,ESP32_ENERGY_MONITOR_001,14.75,76.19,3,1.89,217.67,0.01,ok
2025-12-05T17:55:05.332Z,ESP32_ENERGY_MONITOR_001,13.77,73.40,3,1.90,223.43,0.01,ok
2025-12-05T18:00:05.332Z,ESP32_ENERGY_MONITOR_001,15.04,74.00,2,2.11,221.93,0.01,ok
2025-12-05T18:05:05.332Z,ESP32_ENERGY_MONITOR_001,14.84,72.89,2,1.91,216.93,0.01,ok
2025-12-05T18:10:05.332Z,ESP32_ENERGY_MONITOR_001,13.65,76.63,6,2.34,219.36,0.01,ok
2025-12-05T18:15:05.332Z,ESP32_ENERGY_MONITOR_001,13.94,73.46,0,2.20,215.78,0.01,ok
2025-12-05T18:20:05.332Z,ESP32_ENERGY_MONITOR_001,14.49,73.29,9,2.35,222.23,0.01,ok
2025-12-05T18:25:05.332Z,ESP32_ENERGY_MONITOR_001,13.35,76.21,6,2.05,218.85,0.01,ok
2025-12-05T18:30:05.332Z,ESP32_ENERGY_MONITOR_001,14.35,72.47,4,2.02,217.95,0.01,ok
2025-12-05T18:35:05.332Z,ESP32_ENERGY_MONITOR_001,14.10,76.72,8,2.12,215.73,0.01,ok
2025-12-05T18:40:05.332Z,ESP32_ENERGY_MONITOR_001,13.71,72.74,7,2.20,219.70,0.01,ok
2025-12-05T18:45:05.332Z,ESP32_ENERGY_MONITOR_001,14.37,74.11,2,2.11,217.06,0.01,ok
2025-12-05T18:50:05.332Z,ESP32_ENERGY_MONITOR_001,14.02,75.65,1,1.87,223.04,0.01,ok
2025-12-05T18:55:05.332Z,ESP32_ENERGY_MONITOR_001,13.50,75.26,6,2.07,224.28,0.01,ok
2025-12-05T19:00:05.332Z,ESP32_ENERGY_MONITOR_001,13.85,73.64,3,1.94,218.90,0.01,ok
2025-12-05T19:05:05.332Z,ESP32_ENERGY_MONITOR_001,15.16,72.97,2,1.93,217.94,0.01,ok
2025-12-05T19:10:05.332Z,ESP32_ENERGY_MONITOR_001,14.95,73.04,3,1.89,215.72,0.01,ok
2025-12-05T19:15:05.332Z,ESP32_ENERGY_MONITOR_001,14.28,72.45,3,2.30,222.73,0.01,ok
2025-12-05T19:20:05.332Z,ESP32_ENERGY_MONITOR_001,14.99,70.84,2,2.02,218.96,0.01,ok
2025-12-05T19:25:05.332Z,ESP32_ENERGY_MONITOR_001,14.93,73.89,4,1.93,221.82,0.01,ok
2025-12-05T19:30:05.332Z,ESP32_ENERGY_MONITOR_001,14.54,72.90,2,2.33,220.56,0.01,ok
2025-12-05T19:35:05.332Z,ESP32_ENERGY_MONITOR_001,14.16,71.74,7,2.37,216.83,0.01,ok
2025-12-05T19:40:05.332Z,ESP32_ENERGY_MONITOR_001,15.23,70.53,5,2.34,223.89,0.01,ok
2025-12-05T19:45:05.332Z,ESP32_ENERGY_MONITOR_001,14.92,72.48,2,1.94,217.94,0.01,ok
2025-12-05T19:50:05.332Z,ESP32_ENERGY_MONITOR_001,14.65,71.74,1,1.84,220.10,0.01,ok
2025-12-05T19:55:05.332Z,ESP32_ENERGY_MONITOR_001,14.77,74.86,9,2.11,217.81,0.01,ok
2025-12-05T20:00:05.332Z,ESP32_ENERGY_MONITOR_001,16.55,68.73,7,2.46,221.98,0.01,ok
2025-12-05T20:05:05.332Z,ESP32_ENERGY_MONITOR_001,15.01,68.73,3,2.09,222.77,0.01,ok
2025-12-05T20:10:05.332Z,ESP32_ENERGY_MONITOR_001,16.11,72.28,8,2.51,219.80,0.01,ok
2025-12-05T20:15:05.332Z,ESP32_ENERGY_MONITOR_001,15.80,69.09,5,2.11,218.55,0.01,ok
2025-12-05T20:20:05.332Z,ESP32_ENERGY_MONITOR_001,14.96,70.95,7,2.31,222.08,0.01,ok
2025-12-05T20:25:05.332Z,ESP32_ENERGY_MONITOR_001,16.48,68.74,5,2.41,217.86,0.01,ok
2025-12-05T20:30:05.332Z,ESP32_ENERGY_MONITOR_001,14.88,73.08,2,2.07,219.28,0.01,ok
2025-12-05T20:35:05.332Z,ESP32_ENERGY_MONITOR_001,15.33,71.53,2,2.06,217.23,0.01,ok
2025-12-05T20:40:05.332Z,ESP32_ENERGY_MONITOR_001,15.10,72.83,1,1.94,224.56,0.01,ok
2025-12-05T20:45:05.332Z,ESP32_ENERGY_MONITOR_001,15.52,71.75,3,2.10,220.63,0.01,ok
2025-12-05T20:50:05.332Z,ESP32_ENERGY_MONITOR_001,15.32,69.46,1,1.86,217.47,0.01,ok
2025-12-05T20:55:05.332Z,ESP32_ENERGY_MONITOR_001,16.43,69.17,7,2.09,224.74,0.01,ok
2025-12-05T21:00:05.332Z,ESP32_ENERGY_MONITOR_001,17.64,67.64,5,2.24,215.77,0.01,ok
2025-12-05T21:05:05.332Z,ESP32_ENERGY_MONITOR_001,16.63,66.86,6,2.48,222.22,0.01,ok
2025-12-05T21:10:05.332Z,ESP32_ENERGY_MONITOR_001,17.07,66.53,6,2.48,215.49,0.01,ok
2025-12-05T21:15:05.332Z,ESP32_ENERGY_MONITOR_001,17.85,69.95,7,2.50,216.56,0.01,ok
2025-12-05T21:20:05.332Z,ESP32_ENERGY_MONITOR_001,17.92,68.35,6,2.18,221.15,0.01,ok
2025-12-05T21:25:05.332Z,ESP32_ENERGY_MONITOR_001,17.09,67.15,1,2.21,221.64,0.01,ok
2025-12-05T21:30:05.332Z,ESP32_ENERGY_MONITOR_001,16.60,67.96,7,2.28,221.22,0.01,ok
2025-12-05T21:35:05.332Z,ESP32_ENERGY_MONITOR_001,16.26,67.43,1,1.93,222.79,0.01,ok
2025-12-05T21:40:05.332Z,ESP32_ENERGY_MONITOR_001,16.00,69.92,2,1.85,219.97,0.01,ok
2025-12-05T21:45:05.332Z,ESP32_ENERGY_MONITOR_001,17.26,69.58,7,2.39,217.28,0.01,ok
2025-12-05T21:50:05.332Z,ESP32_ENERGY_MONITOR_001,17.16,67.53,2,2.05,216.85,0.01,ok
2025-12-05T21:55:05.332Z,ESP32_ENERGY_MONITOR_001,16.91,69.89,0,2.24,224.86,0.01,ok
2025-12-05T22:00:05.332Z,ESP32_ENERGY_MONITOR_001,18.17,65.34,6,2.21,219.94,0.01,ok
2025-12-05T22:05:05.332Z,ESP32_ENERGY_MONITOR_001,18.35,64.94,5,2.41,215.45,0.01,ok
2025-12-05T22:10:05.332Z,ESP32_ENERGY_MONITOR_001,18.68,63.78,1,2.12,221.71,0.01,ok
2025-12-05T22:15:05.332Z,ESP32_ENERGY_MONITOR_001,18.05,62.99,7,2.30,219.96,0.01,ok
2025-12-05T22:20:05.332Z,ESP32_ENERGY_MONITOR_001,18.26,63.89,1,1.93,224.89,0.01,ok
2025-12-05T22:25:05.332Z,ESP32_ENERGY_MONITOR_001,18.46,65.09,3,2.03,218.64,0.01,ok
2025-12-05T22:30:05.332Z,ESP32_ENERGY_MONITOR_001,19.26,64.84,5,2.29,218.24,0.01,ok
2025-12-05T22:35:05.332Z,ESP32_ENERGY_MONITOR_001,18.45,63.39,6,2.13,222.72,0.01,ok
2025-12-05T22:40:05.332Z,ESP32_ENERGY_MONITOR_001,17.48,65.88,4,1.94,222.05,0.01,ok
2025-12-05T22:45:05.332Z,ESP32_ENERGY_MONITOR_001,17.60,65.84,7,2.44,222.04,0.01,ok
2025-12-05T22:50:05.332Z,ESP32_ENERGY_MONITOR_001,19.24,62.90,7,2.29,220.92,0.01,ok
2025-12-05T22:55:05.332Z,ESP32_ENERGY_MONITOR_001,19.33,61.75,8,2.30,223.24,0.01,ok
2025-12-05T23:00:05.332Z,ESP32_ENERGY_MONITOR_001,20.20,60.31,3,2.13,215.72,0.01,ok
2025-12-05T23:05:05.332Z,ESP32_ENERGY_MONITOR_001,20.26,59.95,7,2.31,217.91,0.01,ok
2025-12-05T23:10:05.332Z,ESP32_ENERGY_MONITOR_001,19.94,60.86,2,2.28,217.16,0.01,ok
2025-12-05T23:15:05.332Z,ESP32_ENERGY_MONITOR_001,20.50,61.93,7,2.45,219.70,0.01,ok
2025-12-05T23:20:05.332Z,ESP32_ENERGY_MONITOR_001,19.62,59.20,6,2.38,224.42,0.01,ok
2025-12-05T23:25:05.332Z,ESP32_ENERGY_MONITOR_001,19.01,60.19,3,2.05,221.41,0.01,ok
2025-12-05T23:30:05.332Z,ESP32_ENERGY_MONITOR_001,20.32,59.07,4,1.98,222.66,0.01,ok
2025-12-05T23:35:05.332Z,ESP32_ENERGY_MONITOR_001,20.50,62.22,6,2.28,215.61,0.01,ok
2025-12-05T23:40:05.332Z,ESP32_ENERGY_MONITOR_001,19.20,62.26,2,1.92,224.80,0.01,ok
2025-12-05T23:45:05.332Z,ESP32_ENERGY_MONITOR_001,19.89,57.86,5,2.19,224.11,0.01,ok
2025-12-05T23:50:05.332Z,ESP32_ENERGY_MONITOR_001,19.20,59.04,8,2.50,219.63,0.01,ok
2025-12-05T23:55:05.332Z,ESP32_ENERGY_MONITOR_001,20.73,58.17,9,2.13,217.93,0.01,ok
2025-12-06T00:00:05.332Z,ESP32_ENERGY_MONITOR_001,20.86,55.15,8,2.36,223.71,0.01,ok
2025-12-06T00:05:05.332Z,ESP32_ENERGY_MONITOR_001,22.25,54.20,3,2.06,223.54,0.01,ok
2025-12-06T00:10:05.332Z,ESP32_ENERGY_MONITOR_001,21.96,55.02,8,2.18,219.21,0.01,ok
2025-12-06T00:15:05.332Z,ESP32_ENERGY_MONITOR_001,22.02,56.23,6,2.39,222.33,0.01,ok
2025-12-06T00:20:05.332Z,ESP32_ENERGY_MONITOR_001,20.78,56.37,7,2.19,224.21,0.01,ok
2025-12-06T00:25:05.332Z,ESP32_ENERGY_MONITOR_001,22.31,55.19,3,2.15,215.25,0.01,ok
2025-12-06T00:30:05.332Z,ESP32_ENERGY_MONITOR_001,21.58,55.63,9,2.50,218.68,0.01,ok
2025-12-06T00:35:05.332Z,ESP32_ENERGY_MONITOR_001,21.29,54.35,7,2.47,221.28,0.01,ok
2025-12-06T00:40:05.332Z,ESP32_ENERGY_MONITOR_001,20.96,54.58,8,2.35,217.27,0.01,ok
2025-12-06T00:45:05.332Z,ESP32_ENERGY_MONITOR_001,21.47,55.81,7,2.29,219.74,0.01,ok
2025-12-06T00:50:05.332Z,ESP32_ENERGY_MONITOR_001,21.32,54.18,4,2.38,221.65,0.01,ok
2025-12-06T00:55:05.332Z,ESP32_ENERGY_MONITOR_001,21.12,56.95,4,1.97,220.76,0.01,ok
2025-12-06T01:00:05.332Z,ESP32_ENERGY_MONITOR_001,22.17,52.51,21,2.66,217.16,0.01,ok
2025-12-06T01:05:05.332Z,ESP32_ENERGY_MONITOR_001,23.92,51.03,19,2.63,223.11,0.01,ok
2025-12-06T01:10:05.332Z,ESP32_ENERGY_MONITOR_001,22.39,51.84,16,2.69,224.53,0.01,ok
2025-12-06T01:15:05.332Z,ESP32_ENERGY_MONITOR_001,23.00,51.48,15,2.49,221.60,0.01,ok
2025-12-06T01:20:05.332Z,ESP32_ENERGY_MONITOR_001,23.31,50.19,16,2.63,219.75,0.01,ok
2025-12-06T01:25:05.332Z,ESP32_ENERGY_MONITOR_001,22.78,52.96,18,2.64,215.63,0.01,ok
2025-12-06T01:30:05.332Z,ESP32_ENERGY_MONITOR_001,22.53,53.92,16,2.40,223.86,0.01,ok
2025-12-06T01:35:05.332Z,ESP32_ENERGY_MONITOR_001,22.76,53.50,19,2.73,220.46,0.01,ok
2025-12-06T01:40:05.332Z,ESP32_ENERGY_MONITOR_001,22.53,50.96,21,2.96,216.37,0.01,ok
2025-12-06T01:45:05.332Z,ESP32_ENERGY_MONITOR_001,23.12,52.92,15,2.45,216.96,0.01,ok
2025-12-06T01:50:05.332Z,ESP32_ENERGY_MONITOR_001,22.31,52.69,21,2.76,221.79,0.01,ok
2025-12-06T01:55:05.332Z,ESP32_ENERGY_MONITOR_001,23.80,50.10,23,2.76,222.95,0.01,ok
2025-12-06T02:00:05.332Z,ESP32_ENERGY_MONITOR_001,23.90,51.72,20,2.70,223.20,0.01,ok
2025-12-06T02:05:05.332Z,ESP32_ENERGY_MONITOR_001,24.27,48.00,21,2.90,224.24,0.01,ok
2025-12-06T02:10:05.332Z,ESP32_ENERGY_MONITOR_001,24.06,47.94,24,2.97,217.98,0.01,ok
2025-12-06T02:15:05.332Z,ESP32_ENERGY_MONITOR_001,24.17,47.42,23,2.86,222.75,0.01,ok
2025-12-06T02:20:05.332Z,ESP32_ENERGY_MONITOR_001,24.18,47.78,27,3.27,215.97,0.01,ok
2025-12-06T02:25:05.332Z,ESP32_ENERGY_MONITOR_001,23.79,48.93,28,3.22,223.80,0.01,ok
2025-12-06T02:30:05.332Z,ESP32_ENERGY_MONITOR_001,24.14,48.45,25,3.13,222.78,0.01,ok
2025-12-06T02:35:05.332Z,ESP32_ENERGY_MONITOR_001,23.82,50.17,28,3.29,218.82,0.01,ok
2025-12-06T02:40:05.332Z,ESP32_ENERGY_MONITOR_001,23.65,50.31,20,2.89,219.46,0.01,ok
2025-12-06T02:45:05.332Z,ESP32_ENERGY_MONITOR_001,24.63,47.77,28,3.15,216.63,0.01,ok
2025-12-06T02:50:05.332Z,ESP32_ENERGY_MONITOR_001,24.58,50.06,25,3.03,223.35,0.01,ok
2025-12-06T02:55:05.332Z,ESP32_ENERGY_MONITOR_001,24.99,51.06,21,3.03,221.54,0.01,ok
2025-12-06T03:00:05.332Z,ESP32_ENERGY_MONITOR_001,24.92,47.18,26,3.34,219.89,0.02,ok
2025-12-06T03:05:05.332Z,ESP32_ENERGY_MONITOR_001,24.93,44.68,33,3.47,222.12,0.02,ok
2025-12-06T03:10:05.332Z,ESP32_ENERGY_MONITOR_001,25.22,48.84,30,3.52,219.01,0.02,ok
2025-12-06T03:15:05.332Z,ESP32_ENERGY_MONITOR_001,25.92,49.03,31,4.03,222.99,0.02,ok
2025-12-06T03:20:05.332Z,ESP32_ENERGY_MONITOR_001,24.92,49.18,28,3.36,222.87,0.02,ok
2025-12-06T03:25:05.332Z,ESP32_ENERGY_MONITOR_001,24.34,47.55,33,3.25,216.34,0.01,ok
2025-12-06T03:30:05.332Z,ESP32_ENERGY_MONITOR_001,24.22,49.38,24,3.10,223.03,0.01,ok
2025-12-06T03:35:05.332Z,ESP32_ENERGY_MONITOR_001,24.59,47.59,33,3.28,222.26,0.01,ok
2025-12-06T03:40:05.332Z,ESP32_ENERGY_MONITOR_001,25.71,48.07,24,3.37,223.25,0.02,ok
2025-12-06T03:45:05.332Z,ESP32_ENERGY_MONITOR_001,24.72,45.05,26,3.32,218.59,0.02,ok
2025-12-06T03:50:05.332Z,ESP32_ENERGY_MONITOR_001,24.26,44.89,31,3.38,221.30,0.02,ok
2025-12-06T03:55:05.332Z,ESP32_ENERGY_MONITOR_001,25.19,47.54,29,3.57,223.04,0.02,ok
2025-12-06T04:00:05.332Z,ESP32_ENERGY_MONITOR_001,25.94,44.07,30,4.02,218.31,0.02,ok
2025-12-06T04:05:05.332Z,ESP32_ENERGY_MONITOR_001,25.13,46.46,32,3.50,223.64,0.02,ok
2025-12-06T04:10:05.332Z,ESP32_ENERGY_MONITOR_001,26.43,47.71,27,3.82,215.34,0.02,ok
2025-12-06T04:15:05.332Z,ESP32_ENERGY_MONITOR_001,26.54,45.01,32,4.14,216.80,0.02,ok
2025-12-06T04:20:05.332Z,ESP32_ENERGY_MONITOR_001,25.70,44.42,29,3.51,222.13,0.02,ok
2025-12-06T04:25:05.332Z,ESP32_ENERGY_MONITOR_001,25.14,46.83,29,3.67,222.34,0.02,ok
2025-12-06T04:30:05.332Z,ESP32_ENERGY_MONITOR_001,25.31,44.68,34,3.77,223.64,0.02,ok
2025-12-06T04:35:05.332Z,ESP32_ENERGY_MONITOR_001,24.85,47.51,35,3.56,223.69,0.02,ok
2025-12-06T04:40:05.332Z,ESP32_ENERGY_MONITOR_001,26.77,43.77,28,3.86,215.58,0.02,ok
2025-12-06T04:45:05.332Z,ESP32_ENERGY_MONITOR_001,26.32,46.11,31,4.15,223.95,0.02,ok
2025-12-06T04:50:05.332Z,ESP32_ENERGY_MONITOR_001,25.75,43.54,35,4.04,221.84,0.02,ok
2025-12-06T04:55:05.332Z,ESP32_ENERGY_MONITOR_001,26.08,47.56,32,3.75,222.16,0.02,ok
2025-12-06T05:00:05.332Z,ESP32_ENERGY_MONITOR_001,25.36,44.38,38,3.68,222.91,0.02,ok
2025-12-06T05:05:05.332Z,ESP32_ENERGY_MONITOR_001,26.80,42.83,31,4.26,219.48,0.02,ok
2025-12-06T05:10:05.332Z,ESP32_ENERGY_MONITOR_001,25.71,44.01,35,3.79,217.54,0.02,ok
2025-12-06T05:15:05.332Z,ESP32_ENERGY_MONITOR_001,26.80,45.87,29,4.23,217.14,0.02,ok
2025-12-06T05:20:05.332Z,ESP32_ENERGY_MONITOR_001,25.50,46.64,31,3.54,220.09,0.02,ok
2025-12-06T05:25:05.332Z,ESP32_ENERGY_MONITOR_001,25.74,46.52,32,3.81,222.11,0.02,ok
2025-12-06T05:30:05.332Z,ESP32_ENERGY_MONITOR_001,26.67,43.38,35,4.07,222.16,0.02,ok
2025-12-06T05:35:05.332Z,ESP32_ENERGY_MONITOR_001,26.84,45.85,35,4.31,215.28,0.02,ok
2025-12-06T05:40:05.332Z,ESP32_ENERGY_MONITOR_001,25.05,46.11,34,3.61,223.07,0.02,ok
2025-12-06T05:45:05.332Z,ESP32_ENERGY_MONITOR_001,26.95,42.83,29,3.84,216.36,0.02,ok
2025-12-06T05:50:05.332Z,ESP32_ENERGY_MONITOR_001,26.03,44.02,38,3.91,217.20,0.02,ok
2025-12-06T05:55:05.332Z,ESP32_ENERGY_MONITOR_001,25.39,43.82,37,3.90,217.96,0.02,ok
2025-12-06T06:00:05.332Z,ESP32_ENERGY_MONITOR_001,26.67,43.11,34,4.16,217.72,0.02,ok
2025-12-06T06:05:05.332Z,ESP32_ENERGY_MONITOR_001,26.49,47.40,32,4.27,219.89,0.02,ok
2025-12-06T06:10:05.332Z,ESP32_ENERGY_MONITOR_001,24.85,44.30,30,3.64,224.54,0.02,ok
2025-12-06T06:15:05.332Z,ESP32_ENERGY_MONITOR_001,26.75,43.36,32,4.12,224.97,0.02,ok
2025-12-06T06:20:05.332Z,ESP32_ENERGY_MONITOR_001,25.83,44.87,37,3.92,221.85,0.02,ok
2025-12-06T06:25:05.332Z,ESP32_ENERGY_MONITOR_001,26.51,44.87,37,4.25,215.51,0.02,ok
2025-12-06T06:30:05.332Z,ESP32_ENERGY_MONITOR_001,26.41,45.91,31,4.00,222.53,0.02,ok
2025-12-06T06:35:05.332Z,ESP32_ENERGY_MONITOR_001,26.65,46.34,32,4.23,222.99,0.02,ok
2025-12-06T06:40:05.332Z,ESP32_ENERGY_MONITOR_001,25.85,44.76,36,4.11,216.50,0.02,ok
2025-12-06T06:45:05.332Z,ESP32_ENERGY_MONITOR_001,25.60,44.54,38,3.81,215.76,0.02,ok
2025-12-06T06:50:05.332Z,ESP32_ENERGY_MONITOR_001,24.92,43.81,30,3.25,222.88,0.01,ok
2025-12-06T06:55:05.332Z,ESP32_ENERGY_MONITOR_001,26.60,43.88,36,4.02,224.65,0.02,ok
2025-12-06T07:00:05.332Z,ESP32_ENERGY_MONITOR_001,24.94,48.64,29,3.30,219.78,0.02,ok
2025-12-06T07:05:05.332Z,ESP32_ENERGY_MONITOR_001,25.28,46.63,32,3.78,219.82,0.02,ok
2025-12-06T07:10:05.332Z,ESP32_ENERGY_MONITOR_001,24.58,47.13,30,3.59,222.95,0.02,ok
2025-12-06T07:15:05.332Z,ESP32_ENERGY_MONITOR_001,24.33,45.30,29,3.05,215.94,0.01,ok
2025-12-06T07:20:05.332Z,ESP32_ENERGY_MONITOR_001,25.35,45.07,33,3.49,218.65,0.02,ok
2025-12-06T07:25:05.332Z,ESP32_ENERGY_MONITOR_001,25.84,46.74,33,3.72,217.62,0.02,ok
2025-12-06T07:30:05.332Z,ESP32_ENERGY_MONITOR_001,25.08,44.60,33,3.84,215.62,0.02,ok
2025-12-06T07:35:05.332Z,ESP32_ENERGY_MONITOR_001,25.36,46.70,31,3.77,218.11,0.02,ok
2025-12-06T07:40:05.332Z,ESP32_ENERGY_MONITOR_001,25.67,46.63,27,3.45,219.59,0.02,ok
2025-12-06T07:45:05.332Z,ESP32_ENERGY_MONITOR_001,25.39,45.77,34,3.73,223.81,0.02,ok
2025-12-06T07:50:05.332Z,ESP32_ENERGY_MONITOR_001,24.85,44.93,34,3.59,223.97,0.02,ok
2025-12-06T07:55:05.332Z,ESP32_ENERGY_MONITOR_001,25.71,48.42,31,3.83,220.48,0.02,ok
2025-12-06T08:00:05.332Z,ESP32_ENERGY_MONITOR_001,24.84,51.70,30,3.51,223.29,0.02,ok
2025-12-06T08:05:05.332Z,ESP32_ENERGY_MONITOR_001,24.12,51.49,26,3.07,223.04,0.01,ok
2025-12-06T08:10:05.332Z,ESP32_ENERGY_MONITOR_001,23.90,48.62,30,3.09,221.17,0.01,ok
2025-12-06T08:15:05.332Z,ESP32_ENERGY_MONITOR_001,24.58,50.35,33,3.45,222.88,0.02,ok
2025-12-06T08:20:05.332Z,ESP32_ENERGY_MONITOR_001,24.46,48.28,28,3.40,216.88,0.02,ok
2025-12-06T08:25:05.332Z,ESP32_ENERGY_MONITOR_001,24.63,50.83,25,3.35,218.09,0.02,ok
2025-12-06T08:30:05.332Z,ESP32_ENERGY_MONITOR_001,24.09,50.86,29,3.13,216.91,0.01,ok
2025-12-06T08:35:05.332Z,ESP32_ENERGY_MONITOR_001,23.42,50.52,28,2.89,220.46,0.01,ok
2025-12-06T08:40:05.332Z,ESP32_ENERGY_MONITOR_001,25.00,49.59,30,3.34,224.16,0.02,ok
2025-12-06T08:45:05.332Z,ESP32_ENERGY_MONITOR_001,24.94,51.69,29,3.54,217.76,0.02,ok
2025-12-06T08:50:05.332Z,ESP32_ENERGY_MONITOR_001,24.76,47.53,26,3.13,224.14,0.01,ok
2025-12-06T08:55:05.332Z,ESP32_ENERGY_MONITOR_001,24.28,48.84,27,3.13,223.85,0.01,ok
2025-12-06T09:00:05.332Z,ESP32_ENERGY_MONITOR_001,23.51,51.20,20,2.66,218.56,0.01,ok
2025-12-06T09:05:05.332Z,ESP32_ENERGY_MONITOR_001,22.38,52.04,25,2.77,224.38,0.01,ok
2025-12-06T09:10:05.332Z,ESP32_ENERGY_MONITOR_001,22.14,50.73,26,2.87,215.11,0.01,ok
2025-12-06T09:15:05.332Z,ESP32_ENERGY_MONITOR_001,23.65,52.54,29,3.15,219.35,0.01,ok
2025-12-06T09:20:05.332Z,ESP32_ENERGY_MONITOR_001,22.50,50.97,29,3.41,221.39,0.02,ok
2025-12-06T09:25:05.332Z,ESP32_ENERGY_MONITOR_001,22.08,50.19,24,3.02,216.02,0.01,ok
2025-12-06T09:30:05.332Z,ESP32_ENERGY_MONITOR_001,22.82,54.96,27,2.85,224.23,0.01,ok
2025-12-06T09:35:05.332Z,ESP32_ENERGY_MONITOR_001,23.59,52.29,24,2.80,215.97,0.01,ok
2025-12-06T09:40:05.332Z,ESP32_ENERGY_MONITOR_001,22.64,50.30,20,2.62,218.39,0.01,ok
2025-12-06T09:45:05.332Z,ESP32_ENERGY_MONITOR_001,22.53,51.92,20,2.77,224.61,0.01,ok
2025-12-06T09:50:05.332Z,ESP32_ENERGY_MONITOR_001,23.27,54.23,28,3.17,219.81,0.01,ok
2025-12-06T09:55:05.332Z,ESP32_ENERGY_MONITOR_001,22.86,50.17,20,2.89,223.01,0.01,ok
2025-12-06T10:00:05.332Z,ESP32_ENERGY_MONITOR_001,21.31,54.93,18,2.64,221.72,0.01,ok
2025-12-06T10:05:05.332Z,ESP32_ENERGY_MONITOR_001,21.20,54.32,22,3.12,220.92,0.01,ok
2025-12-06T10:10:05.332Z,ESP32_ENERGY_MONITOR_001,20.77,57.83,16,2.85,215.92,0.01,ok
2025-12-06T10:15:05.332Z,ESP32_ENERGY_MONITOR_001,21.44,57.36,20,2.87,224.67,0.01,ok
2025-12-06T10:20:05.332Z,ESP32_ENERGY_MONITOR_001,21.74,57.49,18,2.70,219.70,0.01,ok
2025-12-06T10:25:05.332Z,ESP32_ENERGY_MONITOR_001,21.50,54.71,20,2.92,219.91,0.01,ok
2025-12-06T10:30:05.332Z,ESP32_ENERGY_MONITOR_001,21.30,55.14,24,3.05,221.06,0.01,ok
2025-12-06T10:35:05.332Z,ESP32_ENERGY_MONITOR_001,22.51,58.35,24,2.94,219.66,0.01,ok
2025-12-06T10:40:05.332Z,ESP32_ENERGY_MONITOR_001,22.03,58.05,21,3.03,218.66,0.01,ok
2025-12-06T10:45:05.332Z,ESP32_ENERGY_MONITOR_001,21.85,54.45,16,2.70,219.40,0.01,ok
2025-12-06T10:50:05.332Z,ESP32_ENERGY_MONITOR_001,21.66,54.26,23,3.01,218.36,0.01,ok
2025-12-06T10:55:05.332Z,ESP32_ENERGY_MONITOR_001,21.48,58.17,16,2.60,215.54,0.01,ok
2025-12-06T11:00:05.332Z,ESP32_ENERGY_MONITOR_001,20.17,58.43,1,1.81,218.65,0.01,ok
2025-12-06T11:05:05.332Z,ESP32_ENERGY_MONITOR_001,20.93,58.35,8,2.28,220.22,0.01,ok
2025-12-06T11:10:05.332Z,ESP32_ENERGY_MONITOR_001,19.45,60.35,5,2.01,224.48,0.01,ok
2025-12-06T11:15:05.332Z,ESP32_ENERGY_MONITOR_001,19.03,62.19,7,2.22,222.73,0.01,ok
2025-12-06T11:20:05.332Z,ESP32_ENERGY_MONITOR_001,20.33,60.39,2,2.15,216.97,0.01,ok
2025-12-06T11:25:05.332Z,ESP32_ENERGY_MONITOR_001,19.03,58.73,9,2.17,224.76,0.01,ok
2025-12-06T11:30:05.332Z,ESP32_ENERGY_MONITOR_001,20.47,60.92,9,2.18,222.94,0.01,ok
2025-12-06T11:35:05.332Z,ESP32_ENERGY_MONITOR_001,19.31,61.09,1,1.88,224.02,0.01,ok
2025-12-06T11:40:05.332Z,ESP32_ENERGY_MONITOR_001,19.31,62.25,4,2.34,219.84,0.01,ok
2025-12-06T11:45:05.332Z,ESP32_ENERGY_MONITOR_001,19.43,61.77,3,2.24,219.78,0.01,ok
2025-12-06T11:50:05.332Z,ESP32_ENERGY_MONITOR_001,19.67,58.16,5,1.97,224.46,0.01,ok
2025-12-06T11:55:05.332Z,ESP32_ENERGY_MONITOR_001,20.06,61.83,7,2.06,223.99,0.01,ok
2025-12-06T12:00:05.332Z,ESP32_ENERGY_MONITOR_001,17.77,65.51,6,1.99,216.30,0.01,ok
2025-12-06T12:05:05.332Z,ESP32_ENERGY_MONITOR_001,19.07,65.93,4,2.30,222.47,0.01,ok
2025-12-06T12:10:05.332Z,ESP32_ENERGY_MONITOR_001,18.64,61.81,2,2.00,223.68,0.01,ok
2025-12-06T12:15:05.332Z,ESP32_ENERGY_MONITOR_001,19.18,61.49,5,2.33,215.96,0.01,ok
2025-12-06T12:20:05.332Z,ESP32_ENERGY_MONITOR_001,19.00,62.90,9,2.46,217.59,0.01,ok
2025-12-06T12:25:05.332Z,ESP32_ENERGY_MONITOR_001,17.54,61.43,6,2.17,219.82,0.01,ok
2025-12-06T12:30:05.332Z,ESP32_ENERGY_MONITOR_001,18.71,64.45,2,2.24,221.81,0.01,ok
2025-12-06T12:35:05.332Z,ESP32_ENERGY_MONITOR_001,19.28,61.53,3,1.95,221.58,0.01,ok
2025-12-06T12:40:05.332Z,ESP32_ENERGY_MONITOR_001,19.08,63.33,2,2.04,220.23,0.01,ok
2025-12-06T12:45:05.332Z,ESP32_ENERGY_MONITOR_001,18.87,66.37,2,1.96,224.94,0.01,ok
2025-12-06T12:50:05.332Z,ESP32_ENERGY_MONITOR_001,18.22,64.89,2,1.85,219.16,0.01,ok
2025-12-06T12:55:05.332Z,ESP32_ENERGY_MONITOR_001,18.67,63.77,5,2.07,218.65,0.01,ok
2025-12-06T13:00:05.332Z,ESP32_ENERGY_MONITOR_001,17.14,69.19,3,2.23,222.63,0.01,ok
2025-12-06T13:05:05.332Z,ESP32_ENERGY_MONITOR_001,17.43,69.96,4,2.35,219.85,0.01,ok
2025-12-06T13:10:05.332Z,ESP32_ENERGY_MONITOR_001,17.62,68.69,4,2.11,216.32,0.01,ok
2025-12-06T13:15:05.332Z,ESP32_ENERGY_MONITOR_001,16.74,69.86,3,2.30,219.25,0.01,ok
2025-12-06T13:20:05.332Z,ESP32_ENERGY_MONITOR_001,17.81,66.78,2,1.98,216.14,0.01,ok
2025-12-06T13:25:05.332Z,ESP32_ENERGY_MONITOR_001,16.39,66.49,6,2.21,216.66,0.01,ok
2025-12-06T13:30:05.332Z,ESP32_ENERGY_MONITOR_001,17.18,66.62,1,2.28,224.59,0.01,ok
2025-12-06T13:35:05.332Z,ESP32_ENERGY_MONITOR_001,17.50,67.46,2,2.30,222.21,0.01,ok
2025-12-06T13:40:05.332Z,ESP32_ENERGY_MONITOR_001,16.34,69.43,9,2.13,215.19,0.01,ok
2025-12-06T13:45:05.332Z,ESP32_ENERGY_MONITOR_001,17.57,69.07,5,2.01,224.81,0.01,ok
2025-12-06T13:50:05.332Z,ESP32_ENERGY_MONITOR_001,16.50,66.48,4,2.26,215.58,0.01,ok
2025-12-06T13:55:05.332Z,ESP32_ENERGY_MONITOR_001,17.06,67.18,4,2.09,219.23,0.01,ok
2025-12-06T14:00:05.332Z,ESP32_ENERGY_MONITOR_001,15.13,70.25,9,2.52,221.66,0.01,ok
2025-12-06T14:05:05.332Z,ESP32_ENERGY_MONITOR_001,15.17,71.94,2,2.07,221.92,0.01,ok
2025-12-06T14:10:05.332Z,ESP32_ENERGY_MONITOR_001,16.05,72.44,6,2.47,216.49,0.01,ok
2025-12-06T14:15:05.332Z,ESP32_ENERGY_MONITOR_001,15.21,71.37,6,2.25,222.98,0.01,ok
2025-12-06T14:20:05.332Z,ESP32_ENERGY_MONITOR_001,16.05,71.65,3,2.36,224.59,0.01,ok
2025-12-06T14:25:05.332Z,ESP32_ENERGY_MONITOR_001,16.44,68.19,9,2.41,219.39,0.01,ok
2025-12-06T14:30:05.332Z,ESP32_ENERGY_MONITOR_001,16.71,71.89,9,2.27,215.00,0.01,ok
2025-12-06T14:35:05.332Z,ESP32_ENERGY_MONITOR_001,15.24,70.69,0,1.86,215.60,0.01,ok
2025-12-06T14:40:05.332Z,ESP32_ENERGY_MONITOR_001,15.74,68.98,8,2.39,222.41,0.01,ok
2025-12-06T14:45:05.332Z,ESP32_ENERGY_MONITOR_001,16.21,70.73,9,2.36,217.50,0.01,ok
2025-12-06T14:50:05.332Z,ESP32_ENERGY_MONITOR_001,15.55,72.71,8,2.16,218.96,0.01,ok
2025-12-06T14:55:05.332Z,ESP32_ENERGY_MONITOR_001,16.50,69.11,2,2.16,217.54,0.01,ok
2025-12-06T15:00:05.332Z,ESP32_ENERGY_MONITOR_001,14.55,75.00,5,2.39,222.59,0.01,ok
2025-12-06T15:05:05.332Z,ESP32_ENERGY_MONITOR_001,13.81,74.91,7,2.39,217.66,0.01,ok
2025-12-06T15:10:05.332Z,ESP32_ENERGY_MONITOR_001,13.92,74.48,0,1.81,216.47,0.01,ok
2025-12-06T15:15:05.332Z,ESP32_ENERGY_MONITOR_001,14.21,74.10,8,2.28,224.73,0.01,ok
2025-12-06T15:20:05.332Z,ESP32_ENERGY_MONITOR_001,14.67,73.70,5,2.20,223.56,0.01,ok
2025-12-06T15:25:05.332Z,ESP32_ENERGY_MONITOR_001,14.07,73.72,1,1.83,218.22,0.01,ok
2025-12-06T15:30:05.332Z,ESP32_ENERGY_MONITOR_001,15.37,73.66,0,2.24,221.47,0.01,ok
2025-12-06T15:35:05.332Z,ESP32_ENERGY_MONITOR_001,14.12,72.44,0,1.92,216.64,0.01,ok
2025-12-06T15:40:05.332Z,ESP32_ENERGY_MONITOR_001,13.98,72.36,3,1.97,224.26,0.01,ok
2025-12-06T15:45:05.332Z,ESP32_ENERGY_MONITOR_001,14.59,73.56,6,2.10,221.98,0.01,ok
2025-12-06T15:50:05.332Z,ESP32_ENERGY_MONITOR_001,14.88,71.33,3,2.09,223.39,0.01,ok
2025-12-06T15:55:05.332Z,ESP32_ENERGY_MONITOR_001,14.18,72.68,9,2.37,220.96,0.01,ok
2025-12-06T16:00:05.332Z,ESP32_ENERGY_MONITOR_001,13.40,74.58,5,1.97,215.60,0.01,ok
2025-12-06T16:05:05.332Z,ESP32_ENERGY_MONITOR_001,13.71,74.52,8,2.30,220.31,0.01,ok
2025-12-06T16:10:05.332Z,ESP32_ENERGY_MONITOR_001,14.59,74.88,8,2.48,217.80,0.01,ok
2025-12-06T16:15:05.332Z,ESP32_ENERGY_MONITOR_001,13.93,75.50,3,1.94,223.46,0.01,ok
2025-12-06T16:20:05.332Z,ESP32_ENERGY_MONITOR_001,13.49,73.17,7,2.36,219.42,0.01,ok
2025-12-06T16:25:05.332Z,ESP32_ENERGY_MONITOR_001,13.39,73.50,4,2.41,224.47,0.01,ok
2025-12-06T16:30:05.332Z,ESP32_ENERGY_MONITOR_001,13.75,76.34,1,2.25,224.47,0.01,ok
2025-12-06T16:35:05.332Z,ESP32_ENERGY_MONITOR_001,13.97,73.19,5,2.25,215.96,0.01,ok
2025-12-06T16:40:05.332Z,ESP32_ENERGY_MONITOR_001,14.21,75.15,9,2.37,215.62,0.01,ok
2025-12-06T16:45:05.332Z,ESP32_ENERGY_MONITOR_001,14.44,73.46,2,2.23,222.68,0.01,ok
2025-12-06T16:50:05.332Z,ESP32_ENERGY_MONITOR_001,13.35,75.52,2,1.91,217.97,0.01,ok
2025-12-06T16:55:05.332Z,ESP32_ENERGY_MONITOR_001,15.15,74.16,4,2.02,216.88,0.01,ok
2025-12-06T17:00:05.332Z,ESP32_ENERGY_MONITOR_001,14.73,76.67,2,1.99,218.33,0.01,ok
2025-12-06T17:05:05.332Z,ESP32_ENERGY_MONITOR_001,14.83,74.68,6,2.16,216.65,0.01,ok
2025-12-06T17:10:05.332Z,ESP32_ENERGY_MONITOR_001,14.40,76.01,4,2.07,222.10,0.01,ok
2025-12-06T17:15:05.332Z,ESP32_ENERGY_MONITOR_001,13.74,76.79,0,2.09,220.33,0.01,ok
2025-12-06T17:20:05.332Z,ESP32_ENERGY_MONITOR_001,13.08,77.44,4,2.09,221.20,0.01,ok
2025-12-06T17:25:05.332Z,ESP32_ENERGY_MONITOR_001,14.37,73.05,0,1.83,215.44,0.01,ok
2025-12-06T17:30:05.332Z,ESP32_ENERGY_MONITOR_001,14.46,73.42,9,2.41,220.98,0.01,ok
2025-12-06T17:35:05.332Z,ESP32_ENERGY_MONITOR_001,13.67,76.42,4,2.19,221.76,0.01,ok
2025-12-06T17:40:05.332Z,ESP32_ENERGY_MONITOR_001,13.91,75.81,8,2.29,217.39,0.01,ok
2025-12-06T17:45:05.332Z,ESP32_ENERGY_MONITOR_001,13.49,73.52,7,2.11,215.34,0.01,ok
2025-12-06T17:50:05.332Z,ESP32_ENERGY_MONITOR_001,13.02,74.87,7,2.12,217.43,0.01,ok
2025-12-06T17:55:05.332Z,ESP32_ENERGY_MONITOR_001,13.28,73.80,9,2.49,215.17,0.01,ok
2025-12-06T18:00:05.332Z,ESP32_ENERGY_MONITOR_001,15.07,73.83,0,2.15,217.63,0.01,ok
2025-12-06T18:05:05.332Z,ESP32_ENERGY_MONITOR_001,13.43,72.37,3,2.26,221.58,0.01,ok
2025-12-06T18:10:05.332Z,ESP32_ENERGY_MONITOR_001,14.70,76.96,8,2.24,221.06,0.01,ok
2025-12-06T18:15:05.332Z,ESP32_ENERGY_MONITOR_001,15.07,76.72,3,1.93,220.99,0.01,ok
2025-12-06T18:20:05.332Z,ESP32_ENERGY_MONITOR_001,13.45,75.34,8,2.26,221.12,0.01,ok
2025-12-06T18:25:05.332Z,ESP32_ENERGY_MONITOR_001,15.09,76.71,5,2.14,223.85,0.01,ok
2025-12-06T18:30:05.332Z,ESP32_ENERGY_MONITOR_001,13.38,76.94,7,2.42,218.24,0.01,ok
2025-12-06T18:35:05.332Z,ESP32_ENERGY_MONITOR_001,13.76,73.10,2,2.32,221.60,0.01,ok
2025-12-06T18:40:05.332Z,ESP32_ENERGY_MONITOR_001,14.27,72.56,8,2.47,223.42,0.01,ok
2025-12-06T18:45:05.332Z,ESP32_ENERGY_MONITOR_001,14.43,76.63,9,2.14,224.15,0.01,ok
2025-12-06T18:50:05.332Z,ESP32_ENERGY_MONITOR_001,13.42,75.26,0,2.20,215.14,0.01,ok
2025-12-06T18:55:05.332Z,ESP32_ENERGY_MONITOR_001,14.11,72.24,2,2.12,224.45,0.01,ok
2025-12-06T19:00:05.332Z,ESP32_ENERGY_MONITOR_001,15.80,74.21,9,2.56,218.25,0.01,ok
2025-12-06T19:05:05.332Z,ESP32_ENERGY_MONITOR_001,13.96,71.45,9,2.45,218.90,0.01,ok
2025-12-06T19:10:05.332Z,ESP32_ENERGY_MONITOR_001,15.69,72.52,6,2.40,224.25,0.01,ok
2025-12-06T19:15:05.332Z,ESP32_ENERGY_MONITOR_001,15.77,74.38,5,2.41,223.71,0.01,ok
2025-12-06T19:20:05.332Z,ESP32_ENERGY_MONITOR_001,15.01,72.53,6,2.15,221.05,0.01,ok
2025-12-06T19:25:05.332Z,ESP32_ENERGY_MONITOR_001,14.30,72.73,5,2.00,219.15,0.01,ok
2025-12-06T19:30:05.332Z,ESP32_ENERGY_MONITOR_001,14.84,72.78,7,2.44,223.13,0.01,ok
2025-12-06T19:35:05.332Z,ESP32_ENERGY_MONITOR_001,15.28,74.01,7,2.30,216.12,0.01,ok
2025-12-06T19:40:05.332Z,ESP32_ENERGY_MONITOR_001,14.78,70.55,1,1.87,218.66,0.01,ok
2025-12-06T19:45:05.332Z,ESP32_ENERGY_MONITOR_001,14.33,72.04,6,2.48,223.87,0.01,ok
2025-12-06T19:50:05.332Z,ESP32_ENERGY_MONITOR_001,14.64,72.87,4,2.34,218.51,0.01,ok
2025-12-06T19:55:05.332Z,ESP32_ENERGY_MONITOR_001,13.84,73.00,5,2.26,223.00,0.01,ok
2025-12-06T20:00:05.332Z,ESP32_ENERGY_MONITOR_001,15.50,72.82,4,2.29,224.54,0.01,ok
2025-12-06T20:05:05.332Z,ESP32_ENERGY_MONITOR_001,15.36,69.46,1,2.04,223.33,0.01,ok
2025-12-06T20:10:05.332Z,ESP32_ENERGY_MONITOR_001,14.84,70.36,9,2.58,218.34,0.01,ok
2025-12-06T20:15:05.332Z,ESP32_ENERGY_MONITOR_001,15.07,69.39,8,2.50,217.86,0.01,ok
2025-12-06T20:20:05.332Z,ESP32_ENERGY_MONITOR_001,15.67,71.00,6,2.42,221.78,0.01,ok
2025-12-06T20:25:05.332Z,ESP32_ENERGY_MONITOR_001,15.78,69.12,2,1.85,216.53,0.01,ok
2025-12-06T20:30:05.332Z,ESP32_ENERGY_MONITOR_001,16.21,69.99,2,1.97,221.75,0.01,ok
2025-12-06T20:35:05.332Z,ESP32_ENERGY_MONITOR_001,15.07,71.69,2,2.25,222.30,0.01,ok
2025-12-06T20:40:05.332Z,ESP32_ENERGY_MONITOR_001,15.21,70.20,7,2.30,219.50,0.01,ok
2025-12-06T20:45:05.332Z,ESP32_ENERGY_MONITOR_001,16.49,70.40,6,2.02,222.15,0.01,ok
2025-12-06T20:50:05.332Z,ESP32_ENERGY_MONITOR_001,15.33,69.87,5,2.40,219.02,0.01,ok
2025-12-06T20:55:05.332Z,ESP32_ENERGY_MONITOR_001,15.92,72.21,1,2.02,222.94,0.01,ok
2025-12-06T21:00:05.332Z,ESP32_ENERGY_MONITOR_001,16.51,69.82,6,2.32,217.48,0.01,ok
2025-12-06T21:05:05.332Z,ESP32_ENERGY_MONITOR_001,16.58,67.44,2,2.21,221.50,0.01,ok
2025-12-06T21:10:05.332Z,ESP32_ENERGY_MONITOR_001,16.81,66.03,0,1.76,218.61,0.01,ok
2025-12-06T21:15:05.332Z,ESP32_ENERGY_MONITOR_001,16.48,68.31,4,2.28,218.26,0.01,ok
2025-12-06T21:20:05.332Z,ESP32_ENERGY_MONITOR_001,17.62,69.43,7,2.48,223.59,0.01,ok
2025-12-06T21:25:05.332Z,ESP32_ENERGY_MONITOR_001,16.11,68.09,9,2.52,222.41,0.01,ok
2025-12-06T21:30:05.332Z,ESP32_ENERGY_MONITOR_001,16.12,68.60,6,2.08,220.33,0.01,ok
2025-12-06T21:35:05.332Z,ESP32_ENERGY_MONITOR_001,16.85,69.95,3,2.13,224.35,0.01,ok
2025-12-06T21:40:05.332Z,ESP32_ENERGY_MONITOR_001,16.05,69.82,0,1.75,216.61,0.01,ok
2025-12-06T21:45:05.332Z,ESP32_ENERGY_MONITOR_001,16.69,68.26,4,2.28,218.11,0.01,ok
2025-12-06T21:50:05.332Z,ESP32_ENERGY_MONITOR_001,16.15,68.41,2,2.19,220.33,0.01,ok
2025-12-06T21:55:05.332Z,ESP32_ENERGY_MONITOR_001,16.39,67.18,5,2.27,222.90,0.01,ok
2025-12-06T22:00:05.332Z,ESP32_ENERGY_MONITOR_001,17.53,64.02,0,2.15,223.26,0.01,ok
2025-12-06T22:05:05.332Z,ESP32_ENERGY_MONITOR_001,18.91,64.95,0,2.19,218.39,0.01,ok
2025-12-06T22:10:05.332Z,ESP32_ENERGY_MONITOR_001,18.54,65.39,5,2.44,215.30,0.01,ok
2025-12-06T22:15:05.332Z,ESP32_ENERGY_MONITOR_001,18.13,64.03,3,2.21,216.62,0.01,ok
2025-12-06T22:20:05.332Z,ESP32_ENERGY_MONITOR_001,19.22,61.74,7,2.51,215.37,0.01,ok
2025-12-06T22:25:05.332Z,ESP32_ENERGY_MONITOR_001,18.39,62.19,4,2.40,222.48,0.01,ok
2025-12-06T22:30:05.332Z,ESP32_ENERGY_MONITOR_001,19.08,63.87,6,2.12,222.60,0.01,ok
2025-12-06T22:35:05.332Z,ESP32_ENERGY_MONITOR_001,19.10,62.14,0,2.23,221.07,0.01,ok
2025-12-06T22:40:05.332Z,ESP32_ENERGY_MONITOR_001,18.25,62.50,1,2.03,223.04,0.01,ok
2025-12-06T22:45:05.332Z,ESP32_ENERGY_MONITOR_001,18.06,63.15,1,2.06,215.88,0.01,ok
2025-12-06T22:50:05.332Z,ESP32_ENERGY_MONITOR_001,18.83,65.23,2,2.20,222.83,0.01,ok
2025-12-06T22:55:05.332Z,ESP32_ENERGY_MONITOR_001,17.97,65.87,7,2.36,216.25,0.01,ok
2025-12-06T23:00:05.332Z,ESP32_ENERGY_MONITOR_001,20.77,58.24,6,2.17,220.53,0.01,ok
2025-12-06T23:05:05.332Z,ESP32_ENERGY_MONITOR_001,20.53,59.98,4,2.16,219.98,0.01,ok
2025-12-06T23:10:05.332Z,ESP32_ENERGY_MONITOR_001,20.58,59.13,8,2.39,221.43,0.01,ok
2025-12-06T23:15:05.332Z,ESP32_ENERGY_MONITOR_001,20.84,60.93,2,1.86,218.69,0.01,ok
2025-12-06T23:20:05.332Z,ESP32_ENERGY_MONITOR_001,19.99,58.31,7,2.45,220.54,0.01,ok
2025-12-06T23:25:05.332Z,ESP32_ENERGY_MONITOR_001,20.00,60.05,2,2.16,215.82,0.01,ok
2025-12-06T23:30:05.332Z,ESP32_ENERGY_MONITOR_001,20.09,58.62,1,2.16,219.18,0.01,ok
2025-12-06T23:35:05.332Z,ESP32_ENERGY_MONITOR_001,20.57,61.86,2,2.27,224.37,0.01,ok
2025-12-06T23:40:05.332Z,ESP32_ENERGY_MONITOR_001,20.17,57.68,9,2.48,224.06,0.01,ok
2025-12-06T23:45:05.332Z,ESP32_ENERGY_MONITOR_001,19.22,59.43,5,2.29,223.60,0.01,ok
2025-12-06T23:50:05.332Z,ESP32_ENERGY_MONITOR_001,19.27,61.57,6,2.20,224.67,0.01,ok
2025-12-06T23:55:05.332Z,ESP32_ENERGY_MONITOR_001,19.68,59.39,7,2.07,223.69,0.01,ok
2025-12-07T00:00:05.332Z,ESP32_ENERGY_MONITOR_001,22.32,56.61,6,2.41,223.12,0.01,ok
2025-12-07T00:05:05.332Z,ESP32_ENERGY_MONITOR_001,21.95,53.86,1,1.87,224.54,0.01,ok
2025-12-07T00:10:05.332Z,ESP32_ENERGY_MONITOR_001,22.36,54.51,4,2.12,218.46,0.01,ok
2025-12-07T00:15:05.332Z,ESP32_ENERGY_MONITOR_001,20.69,53.76,6,2.45,217.24,0.01,ok
2025-12-07T00:20:05.332Z,ESP32_ENERGY_MONITOR_001,20.60,57.45,3,2.04,219.23,0.01,ok
2025-12-07T00:25:05.332Z,ESP32_ENERGY_MONITOR_001,22.09,57.43,8,2.49,218.31,0.01,ok
2025-12-07T00:30:05.332Z,ESP32_ENERGY_MONITOR_001,22.40,54.83,3,2.13,222.34,0.01,ok
2025-12-07T00:35:05.332Z,ESP32_ENERGY_MONITOR_001,22.47,56.76,8,2.11,216.25,0.01,ok
2025-12-07T00:40:05.332Z,ESP32_ENERGY_MONITOR_001,21.36,55.64,2,2.13,215.46,0.01,ok
2025-12-07T00:45:05.332Z,ESP32_ENERGY_MONITOR_001,21.13,56.76,6,2.36,217.60,0.01,ok
2025-12-07T00:50:05.332Z,ESP32_ENERGY_MONITOR_001,21.26,57.24,5,2.17,218.14,0.01,ok
2025-12-07T00:55:05.332Z,ESP32_ENERGY_MONITOR_001,21.10,58.53,9,2.55,222.47,0.01,ok
2025-12-07T01:00:05.332Z,ESP32_ENERGY_MONITOR_001,22.96,50.45,22,2.98,219.84,0.01,ok
2025-12-07T01:05:05.332Z,ESP32_ENERGY_MONITOR_001,22.62,51.56,18,2.68,223.70,0.01,ok
2025-12-07T01:10:05.332Z,ESP32_ENERGY_MONITOR_001,22.06,51.36,22,3.08,216.06,0.01,ok
2025-12-07T01:15:05.332Z,ESP32_ENERGY_MONITOR_001,23.10,52.82,16,2.73,224.24,0.01,ok
2025-12-07T01:20:05.332Z,ESP32_ENERGY_MONITOR_001,23.98,50.41,20,2.56,216.98,0.01,ok
2025-12-07T01:25:05.332Z,ESP32_ENERGY_MONITOR_001,22.10,52.57,22,2.87,215.62,0.01,ok
2025-12-07T01:30:05.332Z,ESP32_ENERGY_MONITOR_001,23.52,53.11,20,3.02,223.07,0.01,ok
2025-12-07T01:35:05.332Z,ESP32_ENERGY_MONITOR_001,22.97,54.59,21,2.83,219.64,0.01,ok
2025-12-07T01:40:05.332Z,ESP32_ENERGY_MONITOR_001,23.59,54.16,17,2.81,216.85,0.01,ok
2025-12-07T01:45:05.332Z,ESP32_ENERGY_MONITOR_001,23.60,50.57,17,2.87,224.83,0.01,ok
2025-12-07T01:50:05.332Z,ESP32_ENERGY_MONITOR_001,23.70,53.00,16,2.52,219.33,0.01,ok
2025-12-07T01:55:05.332Z,ESP32_ENERGY_MONITOR_001,22.18,50.00,24,2.80,216.53,0.01,ok
2025-12-07T02:00:05.332Z,ESP32_ENERGY_MONITOR_001,24.90,51.87,21,3.30,217.66,0.01,ok
2025-12-07T02:05:05.332Z,ESP32_ENERGY_MONITOR_001,25.17,50.49,29,3.70,215.45,0.02,ok
2025-12-07T02:10:05.332Z,ESP32_ENERGY_MONITOR_001,24.33,49.10,23,3.23,218.49,0.01,ok
2025-12-07T02:15:05.332Z,ESP32_ENERGY_MONITOR_001,24.88,50.78,23,3.29,219.81,0.01,ok
2025-12-07T02:20:05.332Z,ESP32_ENERGY_MONITOR_001,24.56,48.82,20,3.02,221.95,0.01,ok
2025-12-07T02:25:05.332Z,ESP32_ENERGY_MONITOR_001,24.33,51.14,27,3.20,224.07,0.01,ok
2025-12-07T02:30:05.332Z,ESP32_ENERGY_MONITOR_001,24.98,50.16,26,3.19,219.45,0.01,ok
2025-12-07T02:35:05.332Z,ESP32_ENERGY_MONITOR_001,23.68,51.36,28,3.30,217.81,0.01,ok
2025-12-07T02:40:05.332Z,ESP32_ENERGY_MONITOR_001,23.96,49.10,23,2.85,215.11,0.01,ok
2025-12-07T02:45:05.332Z,ESP32_ENERGY_MONITOR_001,23.84,49.44,24,2.76,215.98,0.01,ok
2025-12-07T02:50:05.332Z,ESP32_ENERGY_MONITOR_001,25.14,47.71,29,3.56,216.61,0.02,ok
2025-12-07T02:55:05.332Z,ESP32_ENERGY_MONITOR_001,25.12,49.70,28,3.26,218.51,0.01,ok
2025-12-07T03:00:05.332Z,ESP32_ENERGY_MONITOR_001,25.27,48.00,28,3.70,224.11,0.02,ok
2025-12-07T03:05:05.332Z,ESP32_ENERGY_MONITOR_001,26.04,49.18,25,3.61,216.34,0.02,ok
2025-12-07T03:10:05.332Z,ESP32_ENERGY_MONITOR_001,24.71,48.14,27,3.19,220.47,0.01,ok
2025-12-07T03:15:05.332Z,ESP32_ENERGY_MONITOR_001,24.88,47.43,32,3.58,216.10,0.02,ok
2025-12-07T03:20:05.332Z,ESP32_ENERGY_MONITOR_001,24.71,47.34,28,3.10,222.06,0.01,ok
2025-12-07T03:25:05.332Z,ESP32_ENERGY_MONITOR_001,26.11,48.32,32,4.06,221.92,0.02,ok
2025-12-07T03:30:05.332Z,ESP32_ENERGY_MONITOR_001,25.90,49.01,29,3.74,222.02,0.02,ok
2025-12-07T03:35:05.332Z,ESP32_ENERGY_MONITOR_001,25.24,47.67,28,3.60,216.52,0.02,ok
2025-12-07T03:40:05.332Z,ESP32_ENERGY_MONITOR_001,25.12,48.97,29,3.34,215.91,0.02,ok
2025-12-07T03:45:05.332Z,ESP32_ENERGY_MONITOR_001,24.74,48.51,33,3.40,220.58,0.02,ok
2025-12-07T03:50:05.332Z,ESP32_ENERGY_MONITOR_001,25.95,44.56,31,3.66,224.33,0.02,ok
2025-12-07T03:55:05.332Z,ESP32_ENERGY_MONITOR_001,25.14,48.81,29,3.46,218.91,0.02,ok
2025-12-07T04:00:05.332Z,ESP32_ENERGY_MONITOR_001,26.46,47.73,30,3.95,219.55,0.02,ok
2025-12-07T04:05:05.332Z,ESP32_ENERGY_MONITOR_001,26.32,43.88,33,4.09,217.52,0.02,ok
2025-12-07T04:10:05.332Z,ESP32_ENERGY_MONITOR_001,26.06,44.04,33,3.80,216.30,0.02,ok
2025-12-07T04:15:05.332Z,ESP32_ENERGY_MONITOR_001,24.95,43.98,31,3.60,222.70,0.02,ok
2025-12-07T04:20:05.332Z,ESP32_ENERGY_MONITOR_001,26.51,47.15,28,3.97,217.53,0.02,ok
2025-12-07T04:25:05.332Z,ESP32_ENERGY_MONITOR_001,26.25,47.37,36,4.02,216.42,0.02,ok
2025-12-07T04:30:05.332Z,ESP32_ENERGY_MONITOR_001,26.29,47.95,33,4.07,215.19,0.02,ok
2025-12-07T04:35:05.332Z,ESP32_ENERGY_MONITOR_001,25.19,46.95,35,3.78,216.88,0.02,ok
2025-12-07T04:40:05.332Z,ESP32_ENERGY_MONITOR_001,26.45,45.60,33,3.98,221.00,0.02,ok
2025-12-07T04:45:05.332Z,ESP32_ENERGY_MONITOR_001,26.20,46.34,33,3.73,219.15,0.02,ok
2025-12-07T04:50:05.332Z,ESP32_ENERGY_MONITOR_001,26.44,43.41,31,3.79,224.54,0.02,ok
2025-12-07T04:55:05.332Z,ESP32_ENERGY_MONITOR_001,25.91,44.30,34,3.81,224.83,0.02,ok
2025-12-07T05:00:05.332Z,ESP32_ENERGY_MONITOR_001,25.89,46.43,35,4.05,220.26,0.02,ok
2025-12-07T05:05:05.332Z,ESP32_ENERGY_MONITOR_001,26.79,43.21,34,4.17,224.65,0.02,ok
2025-12-07T05:10:05.332Z,ESP32_ENERGY_MONITOR_001,26.39,45.75,31,4.01,219.52,0.02,ok
2025-12-07T05:15:05.332Z,ESP32_ENERGY_MONITOR_001,26.62,45.69,37,4.31,223.98,0.02,ok
2025-12-07T05:20:05.332Z,ESP32_ENERGY_MONITOR_001,26.58,44.09,29,3.92,219.83,0.02,ok
2025-12-07T05:25:05.332Z,ESP32_ENERGY_MONITOR_001,25.23,46.87,29,3.74,217.89,0.02,ok
2025-12-07T05:30:05.332Z,ESP32_ENERGY_MONITOR_001,25.74,46.07,38,3.79,220.70,0.02,ok
2025-12-07T05:35:05.332Z,ESP32_ENERGY_MONITOR_001,26.85,47.26,33,4.03,218.77,0.02,ok
2025-12-07T05:40:05.332Z,ESP32_ENERGY_MONITOR_001,26.23,46.35,33,3.93,221.93,0.02,ok
2025-12-07T05:45:05.332Z,ESP32_ENERGY_MONITOR_001,26.90,44.79,30,4.11,222.61,0.02,ok
2025-12-07T05:50:05.332Z,ESP32_ENERGY_MONITOR_001,25.67,42.58,34,3.77,216.85,0.02,ok
2025-12-07T05:55:05.332Z,ESP32_ENERGY_MONITOR_001,26.01,46.94,37,4.19,221.58,0.02,ok
2025-12-07T06:00:05.332Z,ESP32_ENERGY_MONITOR_001,25.71,44.50,33,3.79,217.10,0.02,ok
2025-12-07T06:05:05.332Z,ESP32_ENERGY_MONITOR_001,25.76,46.98,32,3.96,216.05,0.02,ok
2025-12-07T06:10:05.332Z,ESP32_ENERGY_MONITOR_001,25.11,44.65,34,3.78,220.65,0.02,ok
2025-12-07T06:15:05.332Z,ESP32_ENERGY_MONITOR_001,26.46,44.96,30,3.98,220.94,0.02,ok
2025-12-07T06:20:05.332Z,ESP32_ENERGY_MONITOR_001,26.71,43.90,29,4.05,224.22,0.02,ok
2025-12-07T06:25:05.332Z,ESP32_ENERGY_MONITOR_001,25.72,45.47,35,3.91,215.75,0.02,ok
2025-12-07T06:30:05.332Z,ESP32_ENERGY_MONITOR_001,25.67,46.58,29,3.86,224.69,0.02,ok
2025-12-07T06:35:05.332Z,ESP32_ENERGY_MONITOR_001,25.21,43.54,31,3.62,215.47,0.02,ok
2025-12-07T06:40:05.332Z,ESP32_ENERGY_MONITOR_001,25.80,47.93,38,4.31,222.15,0.02,ok
2025-12-07T06:45:05.332Z,ESP32_ENERGY_MONITOR_001,24.82,46.70,29,3.30,218.75,0.02,ok
2025-12-07T06:50:05.332Z,ESP32_ENERGY_MONITOR_001,26.22,44.73,38,4.26,218.86,0.02,ok
2025-12-07T06:55:05.332Z,ESP32_ENERGY_MONITOR_001,26.37,44.60,38,4.17,222.25,0.02,ok
2025-12-07T07:00:05.332Z,ESP32_ENERGY_MONITOR_001,24.42,47.86,36,3.39,215.55,0.02,ok
2025-12-07T07:05:05.332Z,ESP32_ENERGY_MONITOR_001,25.61,46.52,27,3.71,216.42,0.02,ok
2025-12-07T07:10:05.332Z,ESP32_ENERGY_MONITOR_001,25.59,47.75,30,3.52,223.33,0.02,ok
2025-12-07T07:15:05.332Z,ESP32_ENERGY_MONITOR_001,25.70,44.54,28,3.47,217.68,0.02,ok
2025-12-07T07:20:05.332Z,ESP32_ENERGY_MONITOR_001,24.25,47.41,28,3.32,218.48,0.02,ok
2025-12-07T07:25:05.332Z,ESP32_ENERGY_MONITOR_001,25.70,46.68,31,3.90,216.69,0.02,ok
2025-12-07T07:30:05.332Z,ESP32_ENERGY_MONITOR_001,25.68,48.19,27,3.54,217.47,0.02,ok
2025-12-07T07:35:05.332Z,ESP32_ENERGY_MONITOR_001,25.29,49.17,32,3.69,218.04,0.02,ok
2025-12-07T07:40:05.332Z,ESP32_ENERGY_MONITOR_001,25.52,48.27,34,3.80,221.87,0.02,ok
2025-12-07T07:45:05.332Z,ESP32_ENERGY_MONITOR_001,24.78,44.74,30,3.43,215.54,0.02,ok
2025-12-07T07:50:05.332Z,ESP32_ENERGY_MONITOR_001,25.70,48.10,34,3.80,218.27,0.02,ok
2025-12-07T07:55:05.332Z,ESP32_ENERGY_MONITOR_001,25.13,45.56,32,3.60,223.49,0.02,ok
2025-12-07T08:00:05.332Z,ESP32_ENERGY_MONITOR_001,24.29,47.06,31,3.20,218.09,0.01,ok
2025-12-07T08:05:05.332Z,ESP32_ENERGY_MONITOR_001,23.81,47.86,32,3.39,223.93,0.02,ok
2025-12-07T08:10:05.332Z,ESP32_ENERGY_MONITOR_001,23.60,49.28,28,2.92,218.64,0.01,ok
2025-12-07T08:15:05.332Z,ESP32_ENERGY_MONITOR_001,23.52,47.54,25,3.09,218.21,0.01,ok
2025-12-07T08:20:05.332Z,ESP32_ENERGY_MONITOR_001,23.85,47.07,27,2.85,222.90,0.01,ok
2025-12-07T08:25:05.332Z,ESP32_ENERGY_MONITOR_001,24.97,48.95,32,3.41,220.03,0.02,ok
2025-12-07T08:30:05.332Z,ESP32_ENERGY_MONITOR_001,23.92,48.48,24,2.89,215.16,0.01,ok
2025-12-07T08:35:05.332Z,ESP32_ENERGY_MONITOR_001,23.58,50.86,26,3.01,223.93,0.01,ok
2025-12-07T08:40:05.332Z,ESP32_ENERGY_MONITOR_001,24.28,48.12,26,3.06,223.30,0.01,ok
2025-12-07T08:45:05.332Z,ESP32_ENERGY_MONITOR_001,25.12,50.56,25,3.26,222.17,0.01,ok
2025-12-07T08:50:05.332Z,ESP32_ENERGY_MONITOR_001,25.13,46.93,30,3.69,217.04,0.02,ok
2025-12-07T08:55:05.332Z,ESP32_ENERGY_MONITOR_001,24.27,47.57,26,3.15,219.03,0.01,ok
2025-12-07T09:00:05.332Z,ESP32_ENERGY_MONITOR_001,23.47,52.05,28,2.94,216.48,0.01,ok
2025-12-07T09:05:05.332Z,ESP32_ENERGY_MONITOR_001,23.98,52.67,24,3.21,222.56,0.01,ok
2025-12-07T09:10:05.332Z,ESP32_ENERGY_MONITOR_001,22.20,52.74,27,3.08,215.73,0.01,ok
2025-12-07T09:15:05.332Z,ESP32_ENERGY_MONITOR_001,22.11,53.05,26,3.05,219.48,0.01,ok
2025-12-07T09:20:05.332Z,ESP32_ENERGY_MONITOR_001,23.60,53.41,28,3.36,223.16,0.02,ok
2025-12-07T09:25:05.332Z,ESP32_ENERGY_MONITOR_001,23.84,50.61,22,2.96,218.49,0.01,ok
2025-12-07T09:30:05.332Z,ESP32_ENERGY_MONITOR_001,22.86,54.86,28,3.27,221.31,0.01,ok
2025-12-07T09:35:05.332Z,ESP32_ENERGY_MONITOR_001,22.09,53.72,21,2.60,223.79,0.01,ok
2025-12-07T09:40:05.332Z,ESP32_ENERGY_MONITOR_001,22.29,51.84,20,2.95,221.45,0.01,ok
2025-12-07T09:45:05.332Z,ESP32_ENERGY_MONITOR_001,23.13,54.01,22,2.84,219.08,0.01,ok
2025-12-07T09:50:05.332Z,ESP32_ENERGY_MONITOR_001,22.95,53.78,25,3.14,217.91,0.01,ok
2025-12-07T09:55:05.332Z,ESP32_ENERGY_MONITOR_001,22.29,53.28,24,2.90,224.63,0.01,ok
2025-12-07T10:00:05.332Z,ESP32_ENERGY_MONITOR_001,21.13,56.06,17,2.84,224.57,0.01,ok
2025-12-07T10:05:05.332Z,ESP32_ENERGY_MONITOR_001,22.34,54.69,19,2.80,219.98,0.01,ok
2025-12-07T10:10:05.332Z,ESP32_ENERGY_MONITOR_001,21.21,55.96,15,2.49,219.25,0.01,ok
2025-12-07T10:15:05.332Z,ESP32_ENERGY_MONITOR_001,20.94,58.60,15,2.83,219.68,0.01,ok
2025-12-07T10:20:05.332Z,ESP32_ENERGY_MONITOR_001,22.34,55.75,19,2.68,218.49,0.01,ok
2025-12-07T10:25:05.332Z,ESP32_ENERGY_MONITOR_001,21.86,56.93,24,3.16,217.91,0.01,ok
2025-12-07T10:30:05.332Z,ESP32_ENERGY_MONITOR_001,21.66,55.95,23,2.68,218.41,0.01,ok
2025-12-07T10:35:05.332Z,ESP32_ENERGY_MONITOR_001,20.92,54.52,20,2.86,223.21,0.01,ok
2025-12-07T10:40:05.332Z,ESP32_ENERGY_MONITOR_001,21.80,57.87,15,2.75,223.18,0.01,ok
2025-12-07T10:45:05.332Z,ESP32_ENERGY_MONITOR_001,20.89,54.96,20,2.76,224.32,0.01,ok
2025-12-07T10:50:05.332Z,ESP32_ENERGY_MONITOR_001,22.35,55.71,17,2.44,222.20,0.01,ok
2025-12-07T10:55:05.332Z,ESP32_ENERGY_MONITOR_001,21.27,58.58,19,2.77,219.17,0.01,ok
2025-12-07T11:00:05.332Z,ESP32_ENERGY_MONITOR_001,19.60,58.79,4,2.40,223.98,0.01,ok
2025-12-07T11:05:05.332Z,ESP32_ENERGY_MONITOR_001,20.66,61.66,1,1.89,219.89,0.01,ok
2025-12-07T11:10:05.332Z,ESP32_ENERGY_MONITOR_001,20.40,59.01,4,2.31,224.40,0.01,ok
2025-12-07T11:15:05.332Z,ESP32_ENERGY_MONITOR_001,20.59,59.25,0,2.02,221.19,0.01,ok
2025-12-07T11:20:05.332Z,ESP32_ENERGY_MONITOR_001,20.78,59.50,9,2.14,220.13,0.01,ok
2025-12-07T11:25:05.332Z,ESP32_ENERGY_MONITOR_001,20.69,59.88,5,2.44,224.28,0.01,ok
2025-12-07T11:30:05.332Z,ESP32_ENERGY_MONITOR_001,19.32,61.54,2,2.30,218.57,0.01,ok
2025-12-07T11:35:05.332Z,ESP32_ENERGY_MONITOR_001,19.49,60.13,6,2.20,223.29,0.01,ok
2025-12-07T11:40:05.332Z,ESP32_ENERGY_MONITOR_001,19.93,59.05,9,2.42,216.31,0.01,ok
2025-12-07T11:45:05.332Z,ESP32_ENERGY_MONITOR_001,19.73,60.07,7,2.50,222.66,0.01,ok
2025-12-07T11:50:05.332Z,ESP32_ENERGY_MONITOR_001,19.83,61.09,9,2.39,219.31,0.01,ok
2025-12-07T11:55:05.332Z,ESP32_ENERGY_MONITOR_001,19.50,57.57,6,2.27,217.42,0.01,ok
2025-12-07T12:00:05.332Z,ESP32_ENERGY_MONITOR_001,18.36,64.53,8,2.15,224.13,0.01,ok
2025-12-07T12:05:05.332Z,ESP32_ENERGY_MONITOR_001,18.86,64.53,3,2.12,219.33,0.01,ok
2025-12-07T12:10:05.332Z,ESP32_ENERGY_MONITOR_001,17.80,64.53,8,2.26,222.11,0.01,ok
2025-12-07T12:15:05.332Z,ESP32_ENERGY_MONITOR_001,17.79,62.16,0,1.95,221.05,0.01,ok
2025-12-07T12:20:05.332Z,ESP32_ENERGY_MONITOR_001,17.80,63.39,9,2.27,222.32,0.01,ok
2025-12-07T12:25:05.332Z,ESP32_ENERGY_MONITOR_001,18.92,61.39,9,2.54,216.08,0.01,ok
2025-12-07T12:30:05.332Z,ESP32_ENERGY_MONITOR_001,19.19,61.92,3,2.03,220.71,0.01,ok
2025-12-07T12:35:05.332Z,ESP32_ENERGY_MONITOR_001,18.33,62.52,1,1.98,224.01,0.01,ok
2025-12-07T12:40:05.332Z,ESP32_ENERGY_MONITOR_001,18.57,62.71,4,2.22,223.05,0.01,ok
2025-12-07T12:45:05.332Z,ESP32_ENERGY_MONITOR_001,19.10,64.21,9,2.12,222.45,0.01,ok
2025-12-07T12:50:05.332Z,ESP32_ENERGY_MONITOR_001,17.72,61.96,8,2.22,218.34,0.01,ok
2025-12-07T12:55:05.332Z,ESP32_ENERGY_MONITOR_001,17.72,62.32,0,1.82,215.81,0.01,ok
2025-12-07T13:00:05.332Z,ESP32_ENERGY_MONITOR_001,16.85,65.15,9,2.53,215.77,0.01,ok
2025-12-07T13:05:05.332Z,ESP32_ENERGY_MONITOR_001,17.95,66.84,8,2.09,222.22,0.01,ok
2025-12-07T13:10:05.332Z,ESP32_ENERGY_MONITOR_001,17.58,69.29,0,2.18,220.61,0.01,ok
2025-12-07T13:15:05.332Z,ESP32_ENERGY_MONITOR_001,17.26,66.20,0,1.78,220.57,0.01,ok
2025-12-07T13:20:05.332Z,ESP32_ENERGY_MONITOR_001,17.14,66.68,2,1.86,223.18,0.01,ok
2025-12-07T13:25:05.332Z,ESP32_ENERGY_MONITOR_001,17.79,69.53,6,2.18,222.08,0.01,ok
2025-12-07T13:30:05.332Z,ESP32_ENERGY_MONITOR_001,17.44,69.72,5,2.41,223.72,0.01,ok
2025-12-07T13:35:05.332Z,ESP32_ENERGY_MONITOR_001,17.45,65.56,7,2.08,218.77,0.01,ok
2025-12-07T13:40:05.332Z,ESP32_ENERGY_MONITOR_001,17.80,67.27,5,2.37,222.29,0.01,ok
2025-12-07T13:45:05.332Z,ESP32_ENERGY_MONITOR_001,17.41,68.75,7,2.47,218.32,0.01,ok
2025-12-07T13:50:05.332Z,ESP32_ENERGY_MONITOR_001,17.51,65.74,9,2.35,222.65,0.01,ok
2025-12-07T13:55:05.332Z,ESP32_ENERGY_MONITOR_001,17.48,66.67,3,2.07,215.95,0.01,ok
2025-12-07T14:00:05.332Z,ESP32_ENERGY_MONITOR_001,16.61,71.00,1,2.13,222.77,0.01,ok
2025-12-07T14:05:05.332Z,ESP32_ENERGY_MONITOR_001,15.46,69.27,5,2.22,219.99,0.01,ok
2025-12-07T14:10:05.332Z,ESP32_ENERGY_MONITOR_001,15.43,68.67,4,2.29,216.75,0.01,ok
2025-12-07T14:15:05.332Z,ESP32_ENERGY_MONITOR_001,15.71,70.13,7,2.07,222.03,0.01,ok
2025-12-07T14:20:05.332Z,ESP32_ENERGY_MONITOR_001,15.56,72.12,3,1.92,218.96,0.01,ok
2025-12-07T14:25:05.332Z,ESP32_ENERGY_MONITOR_001,16.28,68.17,0,2.02,219.65,0.01,ok
2025-12-07T14:30:05.332Z,ESP32_ENERGY_MONITOR_001,14.94,68.13,2,1.91,219.78,0.01,ok
2025-12-07T14:35:05.332Z,ESP32_ENERGY_MONITOR_001,15.77,69.43,3,2.02,221.37,0.01,ok
2025-12-07T14:40:05.332Z,ESP32_ENERGY_MONITOR_001,15.93,71.02,7,2.36,215.62,0.01,ok
2025-12-07T14:45:05.332Z,ESP32_ENERGY_MONITOR_001,15.91,71.24,0,2.09,215.50,0.01,ok
2025-12-07T14:50:05.332Z,ESP32_ENERGY_MONITOR_001,16.38,71.96,5,1.99,216.62,0.01,ok
2025-12-07T14:55:05.332Z,ESP32_ENERGY_MONITOR_001,16.13,73.10,4,2.12,218.90,0.01,ok
2025-12-07T15:00:05.332Z,ESP32_ENERGY_MONITOR_001,15.44,71.97,7,2.19,217.51,0.01,ok
2025-12-07T15:05:05.332Z,ESP32_ENERGY_MONITOR_001,15.64,71.65,0,2.12,216.78,0.01,ok
2025-12-07T15:10:05.332Z,ESP32_ENERGY_MONITOR_001,13.86,75.14,8,2.26,223.03,0.01,ok
2025-12-07T15:15:05.332Z,ESP32_ENERGY_MONITOR_001,15.73,73.49,5,2.29,217.58,0.01,ok
2025-12-07T15:20:05.332Z,ESP32_ENERGY_MONITOR_001,15.65,70.59,7,2.43,223.24,0.01,ok
2025-12-07T15:25:05.332Z,ESP32_ENERGY_MONITOR_001,14.97,74.65,1,1.83,216.76,0.01,ok
2025-12-07T15:30:05.332Z,ESP32_ENERGY_MONITOR_001,14.19,70.52,0,2.18,221.27,0.01,ok
2025-12-07T15:35:05.332Z,ESP32_ENERGY_MONITOR_001,14.43,72.68,2,2.05,224.71,0.01,ok
2025-12-07T15:40:05.332Z,ESP32_ENERGY_MONITOR_001,13.89,73.14,7,2.28,223.52,0.01,ok
2025-12-07T15:45:05.332Z,ESP32_ENERGY_MONITOR_001,14.15,73.74,9,2.38,219.10,0.01,ok
2025-12-07T15:50:05.332Z,ESP32_ENERGY_MONITOR_001,15.34,73.11,1,2.26,217.36,0.01,ok
2025-12-07T15:55:05.332Z,ESP32_ENERGY_MONITOR_001,14.67,72.58,0,2.14,222.13,0.01,ok
2025-12-07T16:00:05.332Z,ESP32_ENERGY_MONITOR_001,15.02,76.82,4,2.30,220.96,0.01,ok
2025-12-07T16:05:05.332Z,ESP32_ENERGY_MONITOR_001,14.32,75.66,1,2.13,221.65,0.01,ok
2025-12-07T16:10:05.332Z,ESP32_ENERGY_MONITOR_001,14.90,74.21,0,2.07,220.37,0.01,ok
2025-12-07T16:15:05.332Z,ESP32_ENERGY_MONITOR_001,15.14,73.50,4,2.17,219.22,0.01,ok
2025-12-07T16:20:05.332Z,ESP32_ENERGY_MONITOR_001,13.98,72.82,3,1.90,224.31,0.01,ok
2025-12-07T16:25:05.332Z,ESP32_ENERGY_MONITOR_001,14.40,76.94,8,2.10,217.74,0.01,ok
2025-12-07T16:30:05.332Z,ESP32_ENERGY_MONITOR_001,14.55,74.50,8,2.42,218.44,0.01,ok
2025-12-07T16:35:05.332Z,ESP32_ENERGY_MONITOR_001,13.70,74.57,0,2.22,221.22,0.01,ok
2025-12-07T16:40:05.332Z,ESP32_ENERGY_MONITOR_001,14.32,72.82,3,2.19,218.26,0.01,ok
2025-12-07T16:45:05.332Z,ESP32_ENERGY_MONITOR_001,14.16,72.15,7,2.47,215.09,0.01,ok
2025-12-07T16:50:05.332Z,ESP32_ENERGY_MONITOR_001,13.86,73.65,1,2.08,221.96,0.01,ok
2025-12-07T16:55:05.332Z,ESP32_ENERGY_MONITOR_001,14.97,75.50,5,2.34,224.94,0.01,ok
2025-12-07T17:00:05.332Z,ESP32_ENERGY_MONITOR_001,14.91,73.58,0,1.78,216.94,0.01,ok
2025-12-07T17:05:05.332Z,ESP32_ENERGY_MONITOR_001,13.49,74.42,5,2.43,221.23,0.01,ok
2025-12-07T17:10:05.332Z,ESP32_ENERGY_MONITOR_001,14.43,73.03,1,1.99,220.00,0.01,ok
2025-12-07T17:15:05.332Z,ESP32_ENERGY_MONITOR_001,13.02,74.95,1,2.01,222.05,0.01,ok
2025-12-07T17:20:05.332Z,ESP32_ENERGY_MONITOR_001,13.13,77.20,5,2.01,222.84,0.01,ok
2025-12-07T17:25:05.332Z,ESP32_ENERGY_MONITOR_001,14.93,74.25,2,2.16,222.23,0.01,ok
2025-12-07T17:30:05.332Z,ESP32_ENERGY_MONITOR_001,14.04,76.17,3,2.00,220.24,0.01,ok
2025-12-07T17:35:05.332Z,ESP32_ENERGY_MONITOR_001,13.46,73.15,1,1.89,222.62,0.01,ok
2025-12-07T17:40:05.332Z,ESP32_ENERGY_MONITOR_001,13.51,76.08,5,2.13,216.86,0.01,ok
2025-12-07T17:45:05.332Z,ESP32_ENERGY_MONITOR_001,13.50,73.41,0,1.85,220.88,0.01,ok
2025-12-07T17:50:05.332Z,ESP32_ENERGY_MONITOR_001,14.34,72.66,9,2.14,222.74,0.01,ok
2025-12-07T17:55:05.332Z,ESP32_ENERGY_MONITOR_001,14.50,76.70,4,2.14,223.16,0.01,ok
2025-12-07T18:00:05.332Z,ESP32_ENERGY_MONITOR_001,13.37,76.10,6,2.05,223.65,0.01,ok
2025-12-07T18:05:05.332Z,ESP32_ENERGY_MONITOR_001,14.69,74.52,9,2.12,219.45,0.01,ok
2025-12-07T18:10:05.332Z,ESP32_ENERGY_MONITOR_001,13.96,75.92,0,1.83,215.96,0.01,ok
2025-12-07T18:15:05.332Z,ESP32_ENERGY_MONITOR_001,14.32,76.55,1,2.13,223.82,0.01,ok
2025-12-07T18:20:05.332Z,ESP32_ENERGY_MONITOR_001,13.61,75.23,3,2.15,218.83,0.01,ok
2025-12-07T18:25:05.332Z,ESP32_ENERGY_MONITOR_001,14.40,74.47,0,2.00,217.02,0.01,ok
2025-12-07T18:30:05.332Z,ESP32_ENERGY_MONITOR_001,14.28,74.22,3,2.18,218.50,0.01,ok
2025-12-07T18:35:05.332Z,ESP32_ENERGY_MONITOR_001,14.04,75.86,5,2.02,224.32,0.01,ok
2025-12-07T18:40:05.332Z,ESP32_ENERGY_MONITOR_001,14.84,76.63,7,2.45,220.37,0.01,ok
2025-12-07T18:45:05.332Z,ESP32_ENERGY_MONITOR_001,14.90,75.13,9,2.41,218.25,0.01,ok
2025-12-07T18:50:05.332Z,ESP32_ENERGY_MONITOR_001,14.00,72.61,4,1.96,221.86,0.01,ok
2025-12-07T18:55:05.332Z,ESP32_ENERGY_MONITOR_001,14.38,76.70,0,1.79,218.68,0.01,ok
2025-12-07T19:00:05.332Z,ESP32_ENERGY_MONITOR_001,14.16,72.00,6,2.21,223.42,0.01,ok
2025-12-07T19:05:05.332Z,ESP32_ENERGY_MONITOR_001,14.93,74.88,2,2.33,217.98,0.01,ok
2025-12-07T19:10:05.332Z,ESP32_ENERGY_MONITOR_001,15.51,75.22,9,2.37,219.77,0.01,ok
2025-12-07T19:15:05.332Z,ESP32_ENERGY_MONITOR_001,14.32,74.94,2,2.30,215.77,0.01,ok
2025-12-07T19:20:05.332Z,ESP32_ENERGY_MONITOR_001,14.78,72.48,3,2.18,221.10,0.01,ok
2025-12-07T19:25:05.332Z,ESP32_ENERGY_MONITOR_001,15.00,73.52,8,2.23,222.71,0.01,ok
2025-12-07T19:30:05.332Z,ESP32_ENERGY_MONITOR_001,14.97,73.25,4,2.23,224.77,0.01,ok
2025-12-07T19:35:05.332Z,ESP32_ENERGY_MONITOR_001,14.60,71.84,9,2.47,222.13,0.01,ok
2025-12-07T19:40:05.332Z,ESP32_ENERGY_MONITOR_001,15.23,74.26,4,2.06,223.05,0.01,ok
2025-12-07T19:45:05.332Z,ESP32_ENERGY_MONITOR_001,15.04,74.12,4,2.34,219.23,0.01,ok
2025-12-07T19:50:05.332Z,ESP32_ENERGY_MONITOR_001,14.21,72.36,0,2.10,221.68,0.01,ok
2025-12-07T19:55:05.332Z,ESP32_ENERGY_MONITOR_001,15.15,71.00,7,2.07,221.14,0.01,ok
2025-12-07T20:00:05.332Z,ESP32_ENERGY_MONITOR_001,14.98,71.08,8,2.12,222.61,0.01,ok
2025-12-07T20:05:05.332Z,ESP32_ENERGY_MONITOR_001,16.12,71.11,2,2.16,216.98,0.01,ok
2025-12-07T20:10:05.332Z,ESP32_ENERGY_MONITOR_001,15.25,71.02,0,1.75,220.37,0.01,ok
2025-12-07T20:15:05.332Z,ESP32_ENERGY_MONITOR_001,15.68,70.60,5,1.97,223.18,0.01,ok
2025-12-07T20:20:05.332Z,ESP32_ENERGY_MONITOR_001,15.88,72.71,2,1.86,221.47,0.01,ok
2025-12-07T20:25:05.332Z,ESP32_ENERGY_MONITOR_001,16.25,71.38,0,1.84,224.25,0.01,ok
2025-12-07T20:30:05.332Z,ESP32_ENERGY_MONITOR_001,15.32,70.91,4,2.15,215.19,0.01,ok
2025-12-07T20:35:05.332Z,ESP32_ENERGY_MONITOR_001,16.62,70.34,6,2.37,219.76,0.01,ok
2025-12-07T20:40:05.332Z,ESP32_ENERGY_MONITOR_001,15.86,72.46,8,2.25,219.57,0.01,ok
2025-12-07T20:45:05.332Z,ESP32_ENERGY_MONITOR_001,15.29,71.61,9,2.31,215.45,0.01,ok
2025-12-07T20:50:05.332Z,ESP32_ENERGY_MONITOR_001,16.35,70.63,7,2.42,216.89,0.01,ok
2025-12-07T20:55:05.332Z,ESP32_ENERGY_MONITOR_001,15.95,69.16,8,2.50,215.08,0.01,ok
2025-12-07T21:00:05.332Z,ESP32_ENERGY_MONITOR_001,17.67,65.10,9,2.14,218.65,0.01,ok
2025-12-07T21:05:05.332Z,ESP32_ENERGY_MONITOR_001,17.06,68.89,6,2.05,217.92,0.01,ok
2025-12-07T21:10:05.332Z,ESP32_ENERGY_MONITOR_001,16.66,66.71,8,2.27,216.14,0.01,ok
2025-12-07T21:15:05.332Z,ESP32_ENERGY_MONITOR_001,16.10,67.95,6,2.44,219.60,0.01,ok
2025-12-07T21:20:05.332Z,ESP32_ENERGY_MONITOR_001,17.78,65.95,8,2.50,217.84,0.01,ok
2025-12-07T21:25:05.332Z,ESP32_ENERGY_MONITOR_001,17.95,65.31,4,2.10,224.70,0.01,ok
2025-12-07T21:30:05.332Z,ESP32_ENERGY_MONITOR_001,17.10,66.92,7,2.10,215.63,0.01,ok
2025-12-07T21:35:05.332Z,ESP32_ENERGY_MONITOR_001,16.14,66.25,6,2.32,219.39,0.01,ok
2025-12-07T21:40:05.332Z,ESP32_ENERGY_MONITOR_001,16.18,69.85,8,2.44,219.57,0.01,ok
2025-12-07T21:45:05.332Z,ESP32_ENERGY_MONITOR_001,16.26,66.69,7,2.22,224.53,0.01,ok
2025-12-07T21:50:05.332Z,ESP32_ENERGY_MONITOR_001,17.82,65.80,5,2.04,224.79,0.01,ok
2025-12-07T21:55:05.332Z,ESP32_ENERGY_MONITOR_001,16.73,65.57,5,2.45,221.09,0.01,ok
2025-12-07T22:00:05.332Z,ESP32_ENERGY_MONITOR_001,19.25,65.12,8,2.56,219.48,0.01,ok
2025-12-07T22:05:05.332Z,ESP32_ENERGY_MONITOR_001,17.71,62.56,9,2.40,221.60,0.01,ok
2025-12-07T22:10:05.332Z,ESP32_ENERGY_MONITOR_001,17.77,62.72,1,2.18,224.06,0.01,ok
2025-12-07T22:15:05.332Z,ESP32_ENERGY_MONITOR_001,19.30,64.95,6,2.26,219.84,0.01,ok
2025-12-07T22:20:05.332Z,ESP32_ENERGY_MONITOR_001,18.13,63.68,9,2.56,224.69,0.01,ok
2025-12-07T22:25:05.332Z,ESP32_ENERGY_MONITOR_001,19.26,61.88,0,1.97,222.55,0.01,ok
2025-12-07T22:30:05.332Z,ESP32_ENERGY_MONITOR_001,18.55,63.01,3,2.08,219.16,0.01,ok
2025-12-07T22:35:05.332Z,ESP32_ENERGY_MONITOR_001,17.89,63.27,8,2.48,218.86,0.01,ok
2025-12-07T22:40:05.332Z,ESP32_ENERGY_MONITOR_001,19.37,64.14,9,2.32,217.39,0.01,ok
2025-12-07T22:45:05.332Z,ESP32_ENERGY_MONITOR_001,19.28,63.77,3,2.20,219.07,0.01,ok
2025-12-07T22:50:05.332Z,ESP32_ENERGY_MONITOR_001,19.25,62.25,6,2.27,219.30,0.01,ok
2025-12-07T22:55:05.332Z,ESP32_ENERGY_MONITOR_001,19.15,61.69,6,2.10,219.15,0.01,ok
2025-12-07T23:00:05.332Z,ESP32_ENERGY_MONITOR_001,19.79,60.09,2,1.90,216.35,0.01,ok
2025-12-07T23:05:05.332Z,ESP32_ENERGY_MONITOR_001,20.06,60.23,2,1.94,220.46,0.01,ok
2025-12-07T23:10:05.332Z,ESP32_ENERGY_MONITOR_001,19.94,60.41,7,2.44,218.71,0.01,ok
2025-12-07T23:15:05.332Z,ESP32_ENERGY_MONITOR_001,20.47,61.10,2,2.09,223.17,0.01,ok
2025-12-07T23:20:05.332Z,ESP32_ENERGY_MONITOR_001,19.31,58.71,8,2.52,222.43,0.01,ok
2025-12-07T23:25:05.332Z,ESP32_ENERGY_MONITOR_001,20.96,57.73,1,1.90,222.22,0.01,ok
2025-12-07T23:30:05.332Z,ESP32_ENERGY_MONITOR_001,19.13,61.48,9,2.30,224.60,0.01,ok
2025-12-07T23:35:05.332Z,ESP32_ENERGY_MONITOR_001,20.34,59.67,8,2.27,215.16,0.01,ok
2025-12-07T23:40:05.332Z,ESP32_ENERGY_MONITOR_001,20.89,57.89,0,1.92,218.34,0.01,ok
2025-12-07T23:45:05.332Z,ESP32_ENERGY_MONITOR_001,20.68,57.51,9,2.52,223.07,0.01,ok
2025-12-07T23:50:05.332Z,ESP32_ENERGY_MONITOR_001,20.70,61.99,9,2.27,224.52,0.01,ok
2025-12-07T23:55:05.332Z,ESP32_ENERGY_MONITOR_001,20.97,61.55,4,2.22,217.75,0.01,ok
2025-12-08T00:00:05.332Z,ESP32_ENERGY_MONITOR_001,22.52,57.97,0,2.05,223.92,0.01,ok
2025-12-08T00:05:05.332Z,ESP32_ENERGY_MONITOR_001,21.55,58.40,7,2.24,216.32,0.01,ok
2025-12-08T00:10:05.332Z,ESP32_ENERGY_MONITOR_001,21.93,53.68,4,2.24,218.44,0.01,ok
2025-12-08T00:15:05.332Z,ESP32_ENERGY_MONITOR_001,21.36,58.31,0,1.76,224.12,0.01,ok
2025-12-08T00:20:05.332Z,ESP32_ENERGY_MONITOR_001,21.89,55.52,2,1.97,216.76,0.01,ok
2025-12-08T00:25:05.332Z,ESP32_ENERGY_MONITOR_001,21.15,53.64,5,2.41,218.29,0.01,ok
2025-12-08T00:30:05.332Z,ESP32_ENERGY_MONITOR_001,22.45,56.26,4,2.12,221.65,0.01,ok
2025-12-08T00:35:05.332Z,ESP32_ENERGY_MONITOR_001,22.52,55.84,5,2.10,221.35,0.01,ok
2025-12-08T00:40:05.332Z,ESP32_ENERGY_MONITOR_001,21.85,56.54,1,1.87,224.15,0.01,ok
2025-12-08T00:45:05.332Z,ESP32_ENERGY_MONITOR_001,21.88,55.35,9,2.20,219.50,0.01,ok
2025-12-08T00:50:05.332Z,ESP32_ENERGY_MONITOR_001,21.36,57.67,7,2.22,222.44,0.01,ok
2025-12-08T00:55:05.332Z,ESP32_ENERGY_MONITOR_001,21.88,54.72,1,2.28,223.43,0.01,ok
2025-12-08T01:00:05.332Z,ESP32_ENERGY_MONITOR_001,22.38,54.53,18,2.63,220.46,0.01,ok
2025-12-08T01:05:05.332Z,ESP32_ENERGY_MONITOR_001,23.44,53.54,24,3.07,222.07,0.01,ok
2025-12-08T01:10:05.332Z,ESP32_ENERGY_MONITOR_001,22.97,54.56,20,2.68,219.66,0.01,ok
2025-12-08T01:15:05.332Z,ESP32_ENERGY_MONITOR_001,23.61,54.91,24,3.10,221.08,0.01,ok
2025-12-08T01:20:05.332Z,ESP32_ENERGY_MONITOR_001,22.29,50.06,24,3.19,216.87,0.01,ok
2025-12-08T01:25:05.332Z,ESP32_ENERGY_MONITOR_001,23.65,54.55,15,2.55,224.56,0.01,ok
2025-12-08T01:30:05.332Z,ESP32_ENERGY_MONITOR_001,22.07,54.20,18,2.66,219.66,0.01,ok
2025-12-08T01:35:05.332Z,ESP32_ENERGY_MONITOR_001,23.40,53.95,20,2.59,218.25,0.01,ok
2025-12-08T01:40:05.332Z,ESP32_ENERGY_MONITOR_001,22.53,50.59,17,2.61,223.49,0.01,ok
2025-12-08T01:45:05.332Z,ESP32_ENERGY_MONITOR_001,23.46,53.58,21,2.59,217.91,0.01,ok
2025-12-08T01:50:05.332Z,ESP32_ENERGY_MONITOR_001,23.67,52.43,17,2.58,217.17,0.01,ok
2025-12-08T01:55:05.332Z,ESP32_ENERGY_MONITOR_001,22.19,50.12,15,2.63,222.24,0.01,ok
2025-12-08T02:00:05.332Z,ESP32_ENERGY_MONITOR_001,23.78,49.78,22,2.80,216.07,0.01,ok
2025-12-08T02:05:05.332Z,ESP32_ENERGY_MONITOR_001,24.36,47.43,28,3.29,224.92,0.01,ok
2025-12-08T02:10:05.332Z,ESP32_ENERGY_MONITOR_001,23.74,47.36,26,3.02,220.32,0.01,ok
2025-12-08T02:15:05.332Z,ESP32_ENERGY_MONITOR_001,23.68,48.77,21,2.62,219.18,0.01,ok
2025-12-08T02:20:05.332Z,ESP32_ENERGY_MONITOR_001,24.85,51.21,27,3.38,222.16,0.02,ok
2025-12-08T02:25:05.332Z,ESP32_ENERGY_MONITOR_001,24.84,50.46,23,3.18,223.09,0.01,ok
2025-12-08T02:30:05.332Z,ESP32_ENERGY_MONITOR_001,25.19,48.09,22,3.29,220.27,0.01,ok
2025-12-08T02:35:05.332Z,ESP32_ENERGY_MONITOR_001,24.10,49.49,28,3.37,221.33,0.02,ok
2025-12-08T02:40:05.332Z,ESP32_ENERGY_MONITOR_001,25.23,50.43,24,3.13,217.30,0.01,ok
2025-12-08T02:45:05.332Z,ESP32_ENERGY_MONITOR_001,25.08,49.95,24,3.24,219.43,0.01,ok
2025-12-08T02:50:05.332Z,ESP32_ENERGY_MONITOR_001,24.20,48.51,22,3.17,221.65,0.01,ok
2025-12-08T02:55:05.332Z,ESP32_ENERGY_MONITOR_001,23.65,47.08,29,3.11,216.43,0.01,ok
2025-12-08T03:00:05.332Z,ESP32_ENERGY_MONITOR_001,25.36,45.08,28,3.58,219.93,0.02,ok
2025-12-08T03:05:05.332Z,ESP32_ENERGY_MONITOR_001,24.37,45.32,29,3.30,222.79,0.02,ok
2025-12-08T03:10:05.332Z,ESP32_ENERGY_MONITOR_001,25.13,46.69,32,3.68,218.08,0.02,ok
2025-12-08T03:15:05.332Z,ESP32_ENERGY_MONITOR_001,24.56,47.91,29,3.52,224.17,0.02,ok
2025-12-08T03:20:05.332Z,ESP32_ENERGY_MONITOR_001,25.02,46.25,32,3.39,221.51,0.02,ok
2025-12-08T03:25:05.332Z,ESP32_ENERGY_MONITOR_001,24.28,46.77,29,3.38,221.16,0.02,ok
2025-12-08T03:30:05.332Z,ESP32_ENERGY_MONITOR_001,26.14,49.28,30,3.83,222.49,0.02,ok
2025-12-08T03:35:05.332Z,ESP32_ENERGY_MONITOR_001,25.61,45.82,33,3.73,222.68,0.02,ok
2025-12-08T03:40:05.332Z,ESP32_ENERGY_MONITOR_001,25.85,48.23,31,3.74,221.53,0.02,ok
2025-12-08T03:45:05.332Z,ESP32_ENERGY_MONITOR_001,24.54,46.35,28,3.12,217.63,0.01,ok
2025-12-08T03:50:05.332Z,ESP32_ENERGY_MONITOR_001,25.32,44.57,26,3.30,223.57,0.01,ok
2025-12-08T03:55:05.332Z,ESP32_ENERGY_MONITOR_001,25.74,44.95,25,3.69,218.70,0.02,ok
2025-12-08T04:00:05.332Z,ESP32_ENERGY_MONITOR_001,25.94,45.18,27,3.75,222.51,0.02,ok
2025-12-08T04:05:05.332Z,ESP32_ENERGY_MONITOR_001,26.42,47.46,31,4.15,221.28,0.02,ok
2025-12-08T04:10:05.332Z,ESP32_ENERGY_MONITOR_001,26.63,46.18,31,3.95,224.28,0.02,ok
2025-12-08T04:15:05.332Z,ESP32_ENERGY_MONITOR_001,24.83,47.66,28,3.28,217.91,0.01,ok
2025-12-08T04:20:05.332Z,ESP32_ENERGY_MONITOR_001,25.28,44.21,32,3.51,217.81,0.02,ok
2025-12-08T04:25:05.332Z,ESP32_ENERGY_MONITOR_001,26.64,45.93,34,4.13,220.34,0.02,ok
2025-12-08T04:30:05.332Z,ESP32_ENERGY_MONITOR_001,25.55,46.75,32,3.66,223.43,0.02,ok
2025-12-08T04:35:05.332Z,ESP32_ENERGY_MONITOR_001,25.43,45.66,28,3.59,221.76,0.02,ok
2025-12-08T04:40:05.332Z,ESP32_ENERGY_MONITOR_001,26.39,46.48,29,3.94,224.65,0.02,ok
2025-12-08T04:45:05.332Z,ESP32_ENERGY_MONITOR_001,26.20,47.96,28,3.72,224.09,0.02,ok
2025-12-08T04:50:05.332Z,ESP32_ENERGY_MONITOR_001,26.47,44.23,34,3.98,219.21,0.02,ok
2025-12-08T04:55:05.332Z,ESP32_ENERGY_MONITOR_001,25.96,43.24,32,4.06,217.39,0.02,ok
2025-12-08T05:00:05.332Z,ESP32_ENERGY_MONITOR_001,26.74,42.64,31,4.05,221.47,0.02,ok
2025-12-08T05:05:05.332Z,ESP32_ENERGY_MONITOR_001,25.79,42.59,30,3.92,216.56,0.02,ok
2025-12-08T05:10:05.332Z,ESP32_ENERGY_MONITOR_001,26.78,45.35,37,4.36,218.64,0.02,ok
2025-12-08T05:15:05.332Z,ESP32_ENERGY_MONITOR_001,25.68,44.48,30,3.83,223.75,0.02,ok
2025-12-08T05:20:05.332Z,ESP32_ENERGY_MONITOR_001,25.86,46.48,33,3.98,224.98,0.02,ok
2025-12-08T05:25:05.332Z,ESP32_ENERGY_MONITOR_001,25.67,45.24,36,4.06,218.35,0.02,ok
2025-12-08T05:30:05.332Z,ESP32_ENERGY_MONITOR_001,26.74,45.23,29,4.09,220.83,0.02,ok
2025-12-08T05:35:05.332Z,ESP32_ENERGY_MONITOR_001,26.33,45.85,32,3.73,223.70,0.02,ok
2025-12-08T05:40:05.332Z,ESP32_ENERGY_MONITOR_001,26.39,43.03,29,3.73,222.93,0.02,ok
2025-12-08T05:45:05.332Z,ESP32_ENERGY_MONITOR_001,25.52,43.60,33,4.00,216.54,0.02,ok
2025-12-08T05:50:05.332Z,ESP32_ENERGY_MONITOR_001,25.53,46.11,34,3.99,221.82,0.02,ok
2025-12-08T05:55:05.332Z,ESP32_ENERGY_MONITOR_001,26.14,43.54,36,4.22,215.23,0.02,ok
2025-12-08T06:00:05.332Z,ESP32_ENERGY_MONITOR_001,26.67,45.46,36,4.07,218.45,0.02,ok
2025-12-08T06:05:05.332Z,ESP32_ENERGY_MONITOR_001,25.82,47.73,31,3.82,224.71,0.02,ok
2025-12-08T06:10:05.332Z,ESP32_ENERGY_MONITOR_001,26.38,46.32,29,3.63,215.73,0.02,ok
2025-12-08T06:15:05.332Z,ESP32_ENERGY_MONITOR_001,25.56,46.80,33,3.76,220.79,0.02,ok
2025-12-08T06:20:05.332Z,ESP32_ENERGY_MONITOR_001,25.95,47.51,30,3.96,224.39,0.02,ok
2025-12-08T06:25:05.332Z,ESP32_ENERGY_MONITOR_001,26.39,45.20,31,4.07,217.35,0.02,ok
2025-12-08T06:30:05.332Z,ESP32_ENERGY_MONITOR_001,26.55,47.76,38,4.31,222.32,0.02,ok
2025-12-08T06:35:05.332Z,ESP32_ENERGY_MONITOR_001,25.14,44.18,31,3.54,221.32,0.02,ok
2025-12-08T06:40:05.332Z,ESP32_ENERGY_MONITOR_001,26.14,47.74,38,3.96,215.51,0.02,ok
2025-12-08T06:45:05.332Z,ESP32_ENERGY_MONITOR_001,26.74,44.81,29,4.03,220.61,0.02,ok
2025-12-08T06:50:05.332Z,ESP32_ENERGY_MONITOR_001,25.09,46.43,32,3.81,221.41,0.02,ok
2025-12-08T06:55:05.332Z,ESP32_ENERGY_MONITOR_001,25.52,44.57,34,3.91,223.43,0.02,ok
2025-12-08T07:00:05.332Z,ESP32_ENERGY_MONITOR_001,24.43,44.56,28,3.28,224.17,0.01,ok
2025-12-08T07:05:05.332Z,ESP32_ENERGY_MONITOR_001,25.14,47.57,34,3.81,218.31,0.02,ok
2025-12-08T07:10:05.332Z,ESP32_ENERGY_MONITOR_001,24.87,47.27,32,3.70,217.00,0.02,ok
2025-12-08T07:15:05.332Z,ESP32_ENERGY_MONITOR_001,24.98,48.14,34,3.63,223.86,0.02,ok
2025-12-08T07:20:05.332Z,ESP32_ENERGY_MONITOR_001,24.31,44.89,31,3.44,220.22,0.02,ok
2025-12-08T07:25:05.332Z,ESP32_ENERGY_MONITOR_001,24.99,45.14,27,3.35,220.23,0.02,ok
2025-12-08T07:30:05.332Z,ESP32_ENERGY_MONITOR_001,25.04,44.73,29,3.47,220.61,0.02,ok
2025-12-08T07:35:05.332Z,ESP32_ENERGY_MONITOR_001,25.17,44.64,34,3.71,217.04,0.02,ok
2025-12-08T07:40:05.332Z,ESP32_ENERGY_MONITOR_001,25.30,46.56,27,3.35,217.79,0.02,ok
2025-12-08T07:45:05.332Z,ESP32_ENERGY_MONITOR_001,25.49,47.06,30,3.79,223.47,0.02,ok
2025-12-08T07:50:05.332Z,ESP32_ENERGY_MONITOR_001,25.55,48.14,34,3.69,224.93,0.02,ok
2025-12-08T07:55:05.332Z,ESP32_ENERGY_MONITOR_001,26.11,46.95,35,4.23,216.97,0.02,ok
2025-12-08T08:00:05.332Z,ESP32_ENERGY_MONITOR_001,23.87,51.22,26,3.19,215.94,0.01,ok
2025-12-08T08:05:05.332Z,ESP32_ENERGY_MONITOR_001,25.11,47.06,32,3.40,222.48,0.02,ok
2025-12-08T08:10:05.332Z,ESP32_ENERGY_MONITOR_001,23.68,48.27,33,3.22,216.87,0.01,ok
2025-12-08T08:15:05.332Z,ESP32_ENERGY_MONITOR_001,23.71,50.80,24,2.75,216.47,0.01,ok
2025-12-08T08:20:05.332Z,ESP32_ENERGY_MONITOR_001,24.16,48.26,30,3.28,219.29,0.01,ok
2025-12-08T08:25:05.332Z,ESP32_ENERGY_MONITOR_001,25.17,50.31,26,3.33,222.17,0.02,ok
2025-12-08T08:30:05.332Z,ESP32_ENERGY_MONITOR_001,23.40,51.23,29,3.05,223.04,0.01,ok
2025-12-08T08:35:05.332Z,ESP32_ENERGY_MONITOR_001,24.75,48.55,33,3.66,224.75,0.02,ok
2025-12-08T08:40:05.332Z,ESP32_ENERGY_MONITOR_001,23.49,47.76,28,3.01,219.77,0.01,ok
2025-12-08T08:45:05.332Z,ESP32_ENERGY_MONITOR_001,23.35,47.71,31,3.33,216.95,0.02,ok
2025-12-08T08:50:05.332Z,ESP32_ENERGY_MONITOR_001,24.43,47.34,25,3.22,222.59,0.01,ok
2025-12-08T08:55:05.332Z,ESP32_ENERGY_MONITOR_001,23.41,50.22,28,3.36,224.82,0.02,ok
2025-12-08T09:00:05.332Z,ESP32_ENERGY_MONITOR_001,22.21,52.07,21,2.67,220.68,0.01,ok
2025-12-08T09:05:05.332Z,ESP32_ENERGY_MONITOR_001,23.32,51.35,27,3.04,220.09,0.01,ok
2025-12-08T09:10:05.332Z,ESP32_ENERGY_MONITOR_001,22.92,54.70,27,3.22,223.67,0.01,ok
2025-12-08T09:15:05.332Z,ESP32_ENERGY_MONITOR_001,22.91,50.09,27,2.94,221.30,0.01,ok
2025-12-08T09:20:05.332Z,ESP32_ENERGY_MONITOR_001,23.21,50.66,25,2.95,215.44,0.01,ok
2025-12-08T09:25:05.332Z,ESP32_ENERGY_MONITOR_001,22.80,51.36,21,2.94,220.36,0.01,ok
2025-12-08T09:30:05.332Z,ESP32_ENERGY_MONITOR_001,22.98,53.04,27,3.08,223.64,0.01,ok
2025-12-08T09:35:05.332Z,ESP32_ENERGY_MONITOR_001,22.66,53.45,20,2.88,220.76,0.01,ok
2025-12-08T09:40:05.332Z,ESP32_ENERGY_MONITOR_001,23.09,54.17,24,2.90,221.16,0.01,ok
2025-12-08T09:45:05.332Z,ESP32_ENERGY_MONITOR_001,22.53,52.72,28,3.04,218.47,0.01,ok
2025-12-08T09:50:05.332Z,ESP32_ENERGY_MONITOR_001,23.60,51.44,23,2.93,223.51,0.01,ok
2025-12-08T09:55:05.332Z,ESP32_ENERGY_MONITOR_001,23.17,53.97,26,3.23,221.38,0.01,ok
2025-12-08T10:00:05.332Z,ESP32_ENERGY_MONITOR_001,21.26,55.10,16,2.42,221.20,0.01,ok
2025-12-08T10:05:05.332Z,ESP32_ENERGY_MONITOR_001,22.51,56.67,16,2.70,219.10,0.01,ok
2025-12-08T10:10:05.332Z,ESP32_ENERGY_MONITOR_001,20.70,55.90,23,2.90,221.20,0.01,ok
2025-12-08T10:15:05.332Z,ESP32_ENERGY_MONITOR_001,22.31,57.21,15,2.77,215.51,0.01,ok
2025-12-08T10:20:05.332Z,ESP32_ENERGY_MONITOR_001,21.64,56.76,21,2.72,224.62,0.01,ok
2025-12-08T10:25:05.332Z,ESP32_ENERGY_MONITOR_001,21.89,56.10,20,2.67,224.00,0.01,ok
2025-12-08T10:30:05.332Z,ESP32_ENERGY_MONITOR_001,22.46,57.82,23,2.87,223.97,0.01,ok
2025-12-08T10:35:05.332Z,ESP32_ENERGY_MONITOR_001,22.15,56.42,17,2.80,221.70,0.01,ok
2025-12-08T10:40:05.332Z,ESP32_ENERGY_MONITOR_001,21.80,56.53,22,2.85,223.84,0.01,ok
2025-12-08T10:45:05.332Z,ESP32_ENERGY_MONITOR_001,20.57,54.53,18,2.63,220.25,0.01,ok
2025-12-08T10:50:05.332Z,ESP32_ENERGY_MONITOR_001,21.20,55.48,16,2.63,224.10,0.01,ok
2025-12-08T10:55:05.332Z,ESP32_ENERGY_MONITOR_001,22.17,57.33,15,2.54,221.77,0.01,ok
2025-12-08T11:00:05.332Z,ESP32_ENERGY_MONITOR_001,19.75,59.84,8,2.47,220.25,0.01,ok
2025-12-08T11:05:05.332Z,ESP32_ENERGY_MONITOR_001,20.26,61.28,2,2.08,221.42,0.01,ok
2025-12-08T11:10:05.332Z,ESP32_ENERGY_MONITOR_001,19.45,60.79,7,2.18,224.41,0.01,ok
2025-12-08T11:15:05.332Z,ESP32_ENERGY_MONITOR_001,20.32,58.45,2,1.91,218.04,0.01,ok
2025-12-08T11:20:05.332Z,ESP32_ENERGY_MONITOR_001,19.47,57.86,8,2.45,215.91,0.01,ok
2025-12-08T11:25:05.332Z,ESP32_ENERGY_MONITOR_001,20.52,60.41,6,2.25,219.42,0.01,ok
2025-12-08T11:30:05.332Z,ESP32_ENERGY_MONITOR_001,19.38,61.52,9,2.29,215.72,0.01,ok
2025-12-08T11:35:05.332Z,ESP32_ENERGY_MONITOR_001,20.51,61.62,5,1.96,219.97,0.01,ok
2025-12-08T11:40:05.332Z,ESP32_ENERGY_MONITOR_001,20.00,61.73,7,2.51,217.81,0.01,ok
2025-12-08T11:45:05.332Z,ESP32_ENERGY_MONITOR_001,20.06,60.92,8,2.17,222.11,0.01,ok
2025-12-08T11:50:05.332Z,ESP32_ENERGY_MONITOR_001,20.12,61.83,5,2.34,217.31,0.01,ok
2025-12-08T11:55:05.332Z,ESP32_ENERGY_MONITOR_001,19.70,59.56,9,2.20,218.00,0.01,ok
2025-12-08T12:00:05.332Z,ESP32_ENERGY_MONITOR_001,17.86,65.90,4,2.06,222.14,0.01,ok
2025-12-08T12:05:05.332Z,ESP32_ENERGY_MONITOR_001,18.49,63.69,9,2.34,220.69,0.01,ok
2025-12-08T12:10:05.332Z,ESP32_ENERGY_MONITOR_001,17.49,65.61,3,2.26,224.97,0.01,ok
2025-12-08T12:15:05.332Z,ESP32_ENERGY_MONITOR_001,17.98,63.39,7,2.46,219.84,0.01,ok
2025-12-08T12:20:05.332Z,ESP32_ENERGY_MONITOR_001,17.88,62.75,9,2.47,224.58,0.01,ok
2025-12-08T12:25:05.332Z,ESP32_ENERGY_MONITOR_001,17.67,61.89,1,1.91,222.62,0.01,ok
2025-12-08T12:30:05.332Z,ESP32_ENERGY_MONITOR_001,19.33,61.43,2,2.27,217.50,0.01,ok
2025-12-08T12:35:05.332Z,ESP32_ENERGY_MONITOR_001,19.35,64.36,4,2.09,221.84,0.01,ok
2025-12-08T12:40:05.332Z,ESP32_ENERGY_MONITOR_001,18.21,66.07,3,2.07,218.01,0.01,ok
2025-12-08T12:45:05.332Z,ESP32_ENERGY_MONITOR_001,19.06,65.01,2,2.20,218.09,0.01,ok
2025-12-08T12:50:05.332Z,ESP32_ENERGY_MONITOR_001,17.68,64.12,5,2.14,221.80,0.01,ok
2025-12-08T12:55:05.332Z,ESP32_ENERGY_MONITOR_001,18.09,63.43,3,2.16,219.16,0.01,ok
2025-12-08T13:00:05.332Z,ESP32_ENERGY_MONITOR_001,16.10,66.89,7,2.23,223.97,0.01,ok
2025-12-08T13:05:05.332Z,ESP32_ENERGY_MONITOR_001,16.04,68.57,2,2.05,224.25,0.01,ok
2025-12-08T13:10:05.332Z,ESP32_ENERGY_MONITOR_001,16.91,65.76,5,2.34,215.85,0.01,ok
2025-12-08T13:15:05.332Z,ESP32_ENERGY_MONITOR_001,16.85,65.73,0,1.77,224.61,0.01,ok
2025-12-08T13:20:05.332Z,ESP32_ENERGY_MONITOR_001,16.28,65.09,3,2.00,223.98,0.01,ok
2025-12-08T13:25:05.332Z,ESP32_ENERGY_MONITOR_001,16.44,68.67,5,2.40,216.07,0.01,ok
2025-12-08T13:30:05.332Z,ESP32_ENERGY_MONITOR_001,16.06,69.18,9,2.18,216.84,0.01,ok
2025-12-08T13:35:05.332Z,ESP32_ENERGY_MONITOR_001,16.51,65.76,9,2.22,222.08,0.01,ok
2025-12-08T13:40:05.332Z,ESP32_ENERGY_MONITOR_001,17.67,67.78,4,2.28,215.56,0.01,ok
2025-12-08T13:45:05.332Z,ESP32_ENERGY_MONITOR_001,16.47,69.69,3,1.91,224.80,0.01,ok
2025-12-08T13:50:05.332Z,ESP32_ENERGY_MONITOR_001,17.67,66.42,0,2.02,217.37,0.01,ok
2025-12-08T13:55:05.332Z,ESP32_ENERGY_MONITOR_001,17.93,68.66,7,2.33,217.79,0.01,ok
2025-12-08T14:00:05.332Z,ESP32_ENERGY_MONITOR_001,15.09,70.16,5,2.07,221.59,0.01,ok
2025-12-08T14:05:05.332Z,ESP32_ENERGY_MONITOR_001,16.54,68.99,9,2.51,223.84,0.01,ok
2025-12-08T14:10:05.332Z,ESP32_ENERGY_MONITOR_001,14.90,68.60,4,2.30,224.97,0.01,ok
2025-12-08T14:15:05.332Z,ESP32_ENERGY_MONITOR_001,16.74,70.35,9,2.30,222.44,0.01,ok
2025-12-08T14:20:05.332Z,ESP32_ENERGY_MONITOR_001,15.61,72.62,5,2.19,216.57,0.01,ok
2025-12-08T14:25:05.332Z,ESP32_ENERGY_MONITOR_001,15.33,69.53,5,2.44,223.19,0.01,ok
2025-12-08T14:30:05.332Z,ESP32_ENERGY_MONITOR_001,15.53,72.04,5,2.36,222.38,0.01,ok
2025-12-08T14:35:05.332Z,ESP32_ENERGY_MONITOR_001,15.23,69.75,6,2.36,222.95,0.01,ok
2025-12-08T14:40:05.332Z,ESP32_ENERGY_MONITOR_001,14.77,71.17,8,2.50,217.79,0.01,ok
2025-12-08T14:45:05.332Z,ESP32_ENERGY_MONITOR_001,14.77,70.33,9,2.24,220.25,0.01,ok
2025-12-08T14:50:05.332Z,ESP32_ENERGY_MONITOR_001,16.39,69.44,1,2.10,220.46,0.01,ok
2025-12-08T14:55:05.332Z,ESP32_ENERGY_MONITOR_001,16.37,70.84,0,1.93,217.31,0.01,ok
2025-12-08T15:00:05.332Z,ESP32_ENERGY_MONITOR_001,14.39,73.92,3,1.98,220.43,0.01,ok
2025-12-08T15:05:05.332Z,ESP32_ENERGY_MONITOR_001,14.32,74.99,2,2.19,217.12,0.01,ok
2025-12-08T15:10:05.332Z,ESP32_ENERGY_MONITOR_001,14.94,73.36,9,2.50,223.75,0.01,ok
2025-12-08T15:15:05.332Z,ESP32_ENERGY_MONITOR_001,14.57,73.40,2,2.06,219.28,0.01,ok
2025-12-08T15:20:05.332Z,ESP32_ENERGY_MONITOR_001,14.58,71.76,4,2.15,215.48,0.01,ok
2025-12-08T15:25:05.332Z,ESP32_ENERGY_MONITOR_001,14.72,73.95,6,2.34,216.00,0.01,ok
2025-12-08T15:30:05.332Z,ESP32_ENERGY_MONITOR_001,14.75,71.23,4,2.35,219.56,0.01,ok
2025-12-08T15:35:05.332Z,ESP32_ENERGY_MONITOR_001,15.55,72.78,8,2.09,219.64,0.01,ok
2025-12-08T15:40:05.332Z,ESP32_ENERGY_MONITOR_001,15.23,71.02,1,1.81,217.81,0.01,ok
2025-12-08T15:45:05.332Z,ESP32_ENERGY_MONITOR_001,13.93,75.29,6,2.21,221.96,0.01,ok
2025-12-08T15:50:05.332Z,ESP32_ENERGY_MONITOR_001,15.46,71.53,8,2.52,220.64,0.01,ok
2025-12-08T15:55:05.332Z,ESP32_ENERGY_MONITOR_001,14.70,73.38,2,1.95,221.14,0.01,ok
2025-12-08T16:00:05.332Z,ESP32_ENERGY_MONITOR_001,13.22,74.81,2,2.12,215.87,0.01,ok
2025-12-08T16:05:05.332Z,ESP32_ENERGY_MONITOR_001,14.14,72.27,6,2.37,217.54,0.01,ok
2025-12-08T16:10:05.332Z,ESP32_ENERGY_MONITOR_001,14.71,73.28,7,2.44,224.84,0.01,ok
2025-12-08T16:15:05.332Z,ESP32_ENERGY_MONITOR_001,13.30,76.07,1,1.85,223.87,0.01,ok
2025-12-08T16:20:05.332Z,ESP32_ENERGY_MONITOR_001,13.32,76.04,0,1.89,217.34,0.01,ok
2025-12-08T16:25:05.332Z,ESP32_ENERGY_MONITOR_001,13.68,73.89,3,1.90,220.65,0.01,ok
2025-12-08T16:30:05.332Z,ESP32_ENERGY_MONITOR_001,14.22,73.75,3,2.03,217.39,0.01,ok
2025-12-08T16:35:05.332Z,ESP32_ENERGY_MONITOR_001,13.63,73.64,4,1.92,221.15,0.01,ok
2025-12-08T16:40:05.332Z,ESP32_ENERGY_MONITOR_001,14.09,74.54,2,2.08,223.68,0.01,ok
2025-12-08T16:45:05.332Z,ESP32_ENERGY_MONITOR_001,13.99,73.00,8,2.20,223.40,0.01,ok
2025-12-08T16:50:05.332Z,ESP32_ENERGY_MONITOR_001,13.21,75.72,4,1.94,222.00,0.01,ok
2025-12-08T16:55:05.332Z,ESP32_ENERGY_MONITOR_001,13.63,73.07,6,2.16,216.22,0.01,ok
2025-12-08T17:00:05.332Z,ESP32_ENERGY_MONITOR_001,14.53,76.24,2,1.85,221.86,0.01,ok
2025-12-08T17:05:05.332Z,ESP32_ENERGY_MONITOR_001,13.62,77.49,8,2.36,216.87,0.01,ok
2025-12-08T17:10:05.332Z,ESP32_ENERGY_MONITOR_001,13.83,73.56,0,2.22,223.61,0.01,ok
2025-12-08T17:15:05.332Z,ESP32_ENERGY_MONITOR_001,14.79,75.35,2,2.22,220.61,0.01,ok
2025-12-08T17:20:05.332Z,ESP32_ENERGY_MONITOR_001,13.59,73.60,8,2.30,215.42,0.01,ok
2025-12-08T17:25:05.332Z,ESP32_ENERGY_MONITOR_001,13.98,76.25,5,2.15,222.64,0.01,ok
2025-12-08T17:30:05.332Z,ESP32_ENERGY_MONITOR_001,14.04,75.36,8,2.47,224.88,0.01,ok
2025-12-08T17:35:05.332Z,ESP32_ENERGY_MONITOR_001,14.78,76.69,8,2.18,218.82,0.01,ok
2025-12-08T17:40:05.332Z,ESP32_ENERGY_MONITOR_001,13.78,77.26,9,2.54,219.30,0.01,ok
2025-12-08T17:45:05.332Z,ESP32_ENERGY_MONITOR_001,14.69,76.81,0,2.12,223.79,0.01,ok
2025-12-08T17:50:05.332Z,ESP32_ENERGY_MONITOR_001,13.71,73.67,3,2.02,217.51,0.01,ok
2025-12-08T17:55:05.332Z,ESP32_ENERGY_MONITOR_001,14.96,76.21,1,1.84,215.48,0.01,ok
2025-12-08T18:00:05.332Z,ESP32_ENERGY_MONITOR_001,15.10,74.19,8,2.33,217.53,0.01,ok
2025-12-08T18:05:05.332Z,ESP32_ENERGY_MONITOR_001,13.94,74.70,9,2.37,221.14,0.01,ok
2025-12-08T18:10:05.332Z,ESP32_ENERGY_MONITOR_001,13.35,75.60,6,2.06,215.71,0.01,ok
2025-12-08T18:15:05.332Z,ESP32_ENERGY_MONITOR_001,15.20,72.65,9,2.60,218.85,0.01,ok
2025-12-08T18:20:05.332Z,ESP32_ENERGY_MONITOR_001,13.37,72.34,8,2.11,223.76,0.01,ok
2025-12-08T18:25:05.332Z,ESP32_ENERGY_MONITOR_001,15.14,76.30,0,2.01,218.94,0.01,ok
2025-12-08T18:30:05.332Z,ESP32_ENERGY_MONITOR_001,14.59,75.24,4,2.40,215.02,0.01,ok
2025-12-08T18:35:05.332Z,ESP32_ENERGY_MONITOR_001,14.04,75.66,3,1.91,219.01,0.01,ok
2025-12-08T18:40:05.332Z,ESP32_ENERGY_MONITOR_001,13.95,75.12,5,2.39,216.15,0.01,ok
2025-12-08T18:45:05.332Z,ESP32_ENERGY_MONITOR_001,14.04,76.81,3,2.28,222.98,0.01,ok
2025-12-08T18:50:05.332Z,ESP32_ENERGY_MONITOR_001,14.48,75.62,5,2.06,223.63,0.01,ok
2025-12-08T18:55:05.332Z,ESP32_ENERGY_MONITOR_001,14.57,73.12,3,2.11,216.40,0.01,ok
2025-12-08T19:00:05.332Z,ESP32_ENERGY_MONITOR_001,15.51,72.89,5,2.35,224.36,0.01,ok
2025-12-08T19:05:05.332Z,ESP32_ENERGY_MONITOR_001,14.79,72.06,6,2.35,217.07,0.01,ok
2025-12-08T19:10:05.332Z,ESP32_ENERGY_MONITOR_001,14.28,75.11,4,2.30,215.80,0.01,ok
2025-12-08T19:15:05.332Z,ESP32_ENERGY_MONITOR_001,14.16,74.83,4,2.00,216.59,0.01,ok
2025-12-08T19:20:05.332Z,ESP32_ENERGY_MONITOR_001,15.19,71.63,5,2.39,218.51,0.01,ok
2025-12-08T19:25:05.332Z,ESP32_ENERGY_MONITOR_001,14.36,71.56,6,2.35,215.44,0.01,ok
2025-12-08T19:30:05.332Z,ESP32_ENERGY_MONITOR_001,14.69,70.88,7,2.18,219.64,0.01,ok
2025-12-08T19:35:05.332Z,ESP32_ENERGY_MONITOR_001,14.74,74.58,5,2.17,216.12,0.01,ok
2025-12-08T19:40:05.332Z,ESP32_ENERGY_MONITOR_001,15.49,71.65,5,2.39,216.60,0.01,ok
2025-12-08T19:45:05.332Z,ESP32_ENERGY_MONITOR_001,14.72,71.35,1,1.94,219.52,0.01,ok
2025-12-08T19:50:05.332Z,ESP32_ENERGY_MONITOR_001,14.03,75.48,3,1.98,215.53,0.01,ok
2025-12-08T19:55:05.332Z,ESP32_ENERGY_MONITOR_001,15.03,70.52,1,1.89,216.16,0.01,ok
2025-12-08T20:00:05.332Z,ESP32_ENERGY_MONITOR_001,15.06,72.10,1,1.84,217.80,0.01,ok
2025-12-08T20:05:05.332Z,ESP32_ENERGY_MONITOR_001,14.86,72.97,0,1.78,224.98,0.01,ok
2025-12-08T20:10:05.332Z,ESP32_ENERGY_MONITOR_001,14.84,71.77,5,2.25,215.01,0.01,ok
2025-12-08T20:15:05.332Z,ESP32_ENERGY_MONITOR_001,15.77,69.23,4,2.13,224.59,0.01,ok
2025-12-08T20:20:05.332Z,ESP32_ENERGY_MONITOR_001,16.08,72.16,2,2.05,220.16,0.01,ok
2025-12-08T20:25:05.332Z,ESP32_ENERGY_MONITOR_001,15.73,70.62,3,1.97,223.75,0.01,ok
2025-12-08T20:30:05.332Z,ESP32_ENERGY_MONITOR_001,14.99,69.75,1,2.10,223.81,0.01,ok
2025-12-08T20:35:05.332Z,ESP32_ENERGY_MONITOR_001,16.69,71.86,2,2.13,222.16,0.01,ok
2025-12-08T20:40:05.332Z,ESP32_ENERGY_MONITOR_001,15.20,72.84,6,2.12,219.68,0.01,ok
2025-12-08T20:45:05.332Z,ESP32_ENERGY_MONITOR_001,15.63,68.80,6,2.41,224.98,0.01,ok
2025-12-08T20:50:05.332Z,ESP32_ENERGY_MONITOR_001,14.76,69.35,6,2.43,218.90,0.01,ok
2025-12-08T20:55:05.332Z,ESP32_ENERGY_MONITOR_001,15.66,70.57,5,2.13,215.25,0.01,ok
2025-12-08T21:00:05.332Z,ESP32_ENERGY_MONITOR_001,17.93,67.60,3,2.30,215.48,0.01,ok
2025-12-08T21:05:05.332Z,ESP32_ENERGY_MONITOR_001,16.27,67.83,5,2.05,217.44,0.01,ok
2025-12-08T21:10:05.332Z,ESP32_ENERGY_MONITOR_001,17.33,68.83,6,2.27,220.32,0.01,ok
2025-12-08T21:15:05.332Z,ESP32_ENERGY_MONITOR_001,17.79,65.55,2,1.88,220.05,0.01,ok
2025-12-08T21:20:05.332Z,ESP32_ENERGY_MONITOR_001,16.83,66.98,9,2.26,223.17,0.01,ok
2025-12-08T21:25:05.332Z,ESP32_ENERGY_MONITOR_001,16.91,65.86,0,2.11,218.45,0.01,ok
2025-12-08T21:30:05.332Z,ESP32_ENERGY_MONITOR_001,16.65,68.69,9,2.45,215.01,0.01,ok
2025-12-08T21:35:05.332Z,ESP32_ENERGY_MONITOR_001,17.31,68.39,5,2.20,217.72,0.01,ok
2025-12-08T21:40:05.332Z,ESP32_ENERGY_MONITOR_001,17.96,68.13,4,2.38,215.64,0.01,ok
2025-12-08T21:45:05.332Z,ESP32_ENERGY_MONITOR_001,17.31,68.49,2,2.02,224.22,0.01,ok
2025-12-08T21:50:05.332Z,ESP32_ENERGY_MONITOR_001,16.43,68.09,6,2.45,223.64,0.01,ok
2025-12-08T21:55:05.332Z,ESP32_ENERGY_MONITOR_001,17.83,66.17,6,2.27,216.29,0.01,ok
2025-12-08T22:00:05.332Z,ESP32_ENERGY_MONITOR_001,18.23,63.29,0,2.20,224.07,0.01,ok
2025-12-08T22:05:05.332Z,ESP32_ENERGY_MONITOR_001,19.23,65.53,0,1.88,224.33,0.01,ok
2025-12-08T22:10:05.332Z,ESP32_ENERGY_MONITOR_001,18.59,63.04,3,2.23,224.93,0.01,ok
2025-12-08T22:15:05.332Z,ESP32_ENERGY_MONITOR_001,19.23,62.22,0,2.14,220.16,0.01,ok
2025-12-08T22:20:05.332Z,ESP32_ENERGY_MONITOR_001,19.16,62.82,3,1.95,220.46,0.01,ok
2025-12-08T22:25:05.332Z,ESP32_ENERGY_MONITOR_001,18.64,62.70,2,1.97,222.37,0.01,ok
2025-12-08T22:30:05.332Z,ESP32_ENERGY_MONITOR_001,19.30,64.46,7,2.53,223.98,0.01,ok
2025-12-08T22:35:05.332Z,ESP32_ENERGY_MONITOR_001,18.98,63.55,4,2.22,220.23,0.01,ok
2025-12-08T22:40:05.332Z,ESP32_ENERGY_MONITOR_001,18.17,65.23,6,2.45,217.04,0.01,ok
2025-12-08T22:45:05.332Z,ESP32_ENERGY_MONITOR_001,18.98,62.97,9,2.36,216.69,0.01,ok
2025-12-08T22:50:05.332Z,ESP32_ENERGY_MONITOR_001,18.37,65.72,5,2.24,224.86,0.01,ok
2025-12-08T22:55:05.332Z,ESP32_ENERGY_MONITOR_001,18.10,64.40,5,2.12,217.75,0.01,ok
2025-12-08T23:00:05.332Z,ESP32_ENERGY_MONITOR_001,19.47,62.27,6,2.13,217.57,0.01,ok
2025-12-08T23:05:05.332Z,ESP32_ENERGY_MONITOR_001,20.15,62.29,7,2.03,219.51,0.01,ok
2025-12-08T23:10:05.332Z,ESP32_ENERGY_MONITOR_001,19.69,60.20,4,2.32,220.49,0.01,ok
2025-12-08T23:15:05.332Z,ESP32_ENERGY_MONITOR_001,19.12,59.32,7,2.10,224.40,0.01,ok
2025-12-08T23:20:05.332Z,ESP32_ENERGY_MONITOR_001,20.72,62.00,8,2.15,222.90,0.01,ok
2025-12-08T23:25:05.332Z,ESP32_ENERGY_MONITOR_001,20.99,61.42,4,2.02,224.26,0.01,ok
2025-12-08T23:30:05.332Z,ESP32_ENERGY_MONITOR_001,20.54,59.14,3,1.92,224.53,0.01,ok
2025-12-08T23:35:05.332Z,ESP32_ENERGY_MONITOR_001,19.45,59.45,0,1.78,215.61,0.01,ok
2025-12-08T23:40:05.332Z,ESP32_ENERGY_MONITOR_001,20.70,57.90,3,2.19,219.36,0.01,ok
2025-12-08T23:45:05.332Z,ESP32_ENERGY_MONITOR_001,19.30,61.57,7,2.38,221.70,0.01,ok
2025-12-08T23:50:05.332Z,ESP32_ENERGY_MONITOR_001,20.70,60.44,5,2.11,222.95,0.01,ok
2025-12-08T23:55:05.332Z,ESP32_ENERGY_MONITOR_001,19.62,58.13,3,2.26,215.99,0.01,ok
2025-12-09T00:00:05.332Z,ESP32_ENERGY_MONITOR_001,22.42,54.91,3,2.22,218.38,0.01,ok
2025-12-09T00:05:05.332Z,ESP32_ENERGY_MONITOR_001,21.25,55.50,1,2.13,218.44,0.01,ok
2025-12-09T00:10:05.332Z,ESP32_ENERGY_MONITOR_001,21.75,56.74,0,2.23,223.07,0.01,ok
2025-12-09T00:15:05.332Z,ESP32_ENERGY_MONITOR_001,22.23,58.02,2,2.17,215.46,0.01,ok
2025-12-09T00:20:05.332Z,ESP32_ENERGY_MONITOR_001,22.00,54.99,4,2.32,221.20,0.01,ok
2025-12-09T00:25:05.332Z,ESP32_ENERGY_MONITOR_001,20.94,56.03,1,2.23,222.15,0.01,ok
2025-12-09T00:30:05.332Z,ESP32_ENERGY_MONITOR_001,22.48,57.29,4,2.21,215.59,0.01,ok
2025-12-09T00:35:05.332Z,ESP32_ENERGY_MONITOR_001,21.05,56.01,6,2.14,220.47,0.01,ok
2025-12-09T00:40:05.332Z,ESP32_ENERGY_MONITOR_001,21.38,57.08,5,2.41,216.88,0.01,ok
2025-12-09T00:45:05.332Z,ESP32_ENERGY_MONITOR_001,22.03,57.39,0,1.84,218.80,0.01,ok
2025-12-09T00:50:05.332Z,ESP32_ENERGY_MONITOR_001,21.10,54.80,9,2.52,222.12,0.01,ok
2025-12-09T00:55:05.332Z,ESP32_ENERGY_MONITOR_001,20.56,55.41,4,2.41,218.83,0.01,ok
2025-12-09T01:00:05.332Z,ESP32_ENERGY_MONITOR_001,22.12,51.70,23,2.84,220.50,0.01,ok
2025-12-09T01:05:05.332Z,ESP32_ENERGY_MONITOR_001,22.72,53.75,17,2.56,222.21,0.01,ok
2025-12-09T01:10:05.332Z,ESP32_ENERGY_MONITOR_001,23.72,50.55,17,2.51,219.95,0.01,ok
2025-12-09T01:15:05.332Z,ESP32_ENERGY_MONITOR_001,22.44,50.56,15,2.72,221.32,0.01,ok
2025-12-09T01:20:05.332Z,ESP32_ENERGY_MONITOR_001,23.20,50.65,16,2.83,219.71,0.01,ok
2025-12-09T01:25:05.332Z,ESP32_ENERGY_MONITOR_001,22.45,50.77,21,2.86,220.26,0.01,ok
2025-12-09T01:30:05.332Z,ESP32_ENERGY_MONITOR_001,22.62,53.48,24,2.83,216.92,0.01,ok
2025-12-09T01:35:05.332Z,ESP32_ENERGY_MONITOR_001,23.10,50.44,15,2.69,220.38,0.01,ok
2025-12-09T01:40:05.332Z,ESP32_ENERGY_MONITOR_001,23.72,51.36,20,2.59,215.24,0.01,ok
2025-12-09T01:45:05.332Z,ESP32_ENERGY_MONITOR_001,22.62,51.97,18,2.53,224.12,0.01,ok
2025-12-09T01:50:05.332Z,ESP32_ENERGY_MONITOR_001,22.63,51.50,17,2.85,221.69,0.01,ok
2025-12-09T01:55:05.332Z,ESP32_ENERGY_MONITOR_001,22.12,54.58,22,2.64,220.82,0.01,ok
2025-12-09T02:00:05.332Z,ESP32_ENERGY_MONITOR_001,23.90,48.65,27,2.85,217.87,0.01,ok
2025-12-09T02:05:05.332Z,ESP32_ENERGY_MONITOR_001,24.45,48.77,27,3.30,220.62,0.02,ok
2025-12-09T02:10:05.332Z,ESP32_ENERGY_MONITOR_001,25.00,51.26,22,3.08,220.52,0.01,ok
2025-12-09T02:15:05.332Z,ESP32_ENERGY_MONITOR_001,23.87,49.23,22,3.06,224.31,0.01,ok
2025-12-09T02:20:05.332Z,ESP32_ENERGY_MONITOR_001,23.40,51.08,28,3.36,218.39,0.02,ok
2025-12-09T02:25:05.332Z,ESP32_ENERGY_MONITOR_001,23.77,51.62,25,3.06,217.65,0.01,ok
2025-12-09T02:30:05.332Z,ESP32_ENERGY_MONITOR_001,24.86,48.47,20,2.81,224.58,0.01,ok
2025-12-09T02:35:05.332Z,ESP32_ENERGY_MONITOR_001,24.85,48.71,23,3.34,223.30,0.02,ok
2025-12-09T02:40:05.332Z,ESP32_ENERGY_MONITOR_001,24.28,51.59,26,3.25,220.57,0.01,ok
2025-12-09T02:45:05.332Z,ESP32_ENERGY_MONITOR_001,24.62,49.46,24,3.33,224.15,0.02,ok
2025-12-09T02:50:05.332Z,ESP32_ENERGY_MONITOR_001,25.19,48.54,20,3.34,216.90,0.02,ok
2025-12-09T02:55:05.332Z,ESP32_ENERGY_MONITOR_001,24.37,51.25,22,3.10,217.84,0.01,ok
2025-12-09T03:00:05.332Z,ESP32_ENERGY_MONITOR_001,26.18,47.24,27,3.86,216.77,0.02,ok
2025-12-09T03:05:05.332Z,ESP32_ENERGY_MONITOR_001,25.89,49.44,24,3.73,218.29,0.02,ok
2025-12-09T03:10:05.332Z,ESP32_ENERGY_MONITOR_001,24.50,47.75,24,2.98,217.12,0.01,ok
2025-12-09T03:15:05.332Z,ESP32_ENERGY_MONITOR_001,25.81,47.02,28,3.80,224.79,0.02,ok
2025-12-09T03:20:05.332Z,ESP32_ENERGY_MONITOR_001,25.43,46.97,24,3.47,220.17,0.02,ok
2025-12-09T03:25:05.332Z,ESP32_ENERGY_MONITOR_001,24.50,45.23,33,3.29,219.82,0.01,ok
2025-12-09T03:30:05.332Z,ESP32_ENERGY_MONITOR_001,24.96,45.01,24,3.15,221.39,0.01,ok
2025-12-09T03:35:05.332Z,ESP32_ENERGY_MONITOR_001,26.05,47.62,28,3.67,218.89,0.02,ok
2025-12-09T03:40:05.332Z,ESP32_ENERGY_MONITOR_001,24.87,46.57,26,3.27,215.33,0.01,ok
2025-12-09T03:45:05.332Z,ESP32_ENERGY_MONITOR_001,26.18,46.39,33,3.89,219.95,0.02,ok
2025-12-09T03:50:05.332Z,ESP32_ENERGY_MONITOR_001,25.81,44.78,33,3.73,223.65,0.02,ok
2025-12-09T03:55:05.332Z,ESP32_ENERGY_MONITOR_001,25.34,47.97,26,3.26,221.66,0.01,ok
2025-12-09T04:00:05.332Z,ESP32_ENERGY_MONITOR_001,25.22,46.06,36,3.85,221.13,0.02,ok
2025-12-09T04:05:05.332Z,ESP32_ENERGY_MONITOR_001,25.88,45.76,29,3.62,221.67,0.02,ok
2025-12-09T04:10:05.332Z,ESP32_ENERGY_MONITOR_001,24.93,43.57,34,3.80,224.10,0.02,ok
2025-12-09T04:15:05.332Z,ESP32_ENERGY_MONITOR_001,25.84,46.64,31,3.54,217.04,0.02,ok
2025-12-09T04:20:05.332Z,ESP32_ENERGY_MONITOR_001,26.42,44.92,35,3.96,218.63,0.02,ok
2025-12-09T04:25:05.332Z,ESP32_ENERGY_MONITOR_001,26.61,44.99,36,4.23,218.81,0.02,ok
2025-12-09T04:30:05.332Z,ESP32_ENERGY_MONITOR_001,25.91,46.40,29,3.86,223.21,0.02,ok
2025-12-09T04:35:05.332Z,ESP32_ENERGY_MONITOR_001,25.26,44.69,28,3.58,220.35,0.02,ok
2025-12-09T04:40:05.332Z,ESP32_ENERGY_MONITOR_001,25.46,46.16,27,3.66,218.57,0.02,ok
2025-12-09T04:45:05.332Z,ESP32_ENERGY_MONITOR_001,25.55,43.62,36,3.97,219.03,0.02,ok
2025-12-09T04:50:05.332Z,ESP32_ENERGY_MONITOR_001,25.78,46.34,34,3.69,224.64,0.02,ok
2025-12-09T04:55:05.332Z,ESP32_ENERGY_MONITOR_001,26.05,45.76,33,4.08,216.85,0.02,ok
2025-12-09T05:00:05.332Z,ESP32_ENERGY_MONITOR_001,25.66,45.54,36,4.14,223.34,0.02,ok
2025-12-09T05:05:05.332Z,ESP32_ENERGY_MONITOR_001,26.95,45.17,37,4.57,221.07,0.02,ok
2025-12-09T05:10:05.332Z,ESP32_ENERGY_MONITOR_001,25.26,42.87,38,3.74,219.65,0.02,ok
2025-12-09T05:15:05.332Z,ESP32_ENERGY_MONITOR_001,25.79,42.77,31,3.69,218.89,0.02,ok
2025-12-09T05:20:05.332Z,ESP32_ENERGY_MONITOR_001,25.21,44.04,37,3.74,220.54,0.02,ok
2025-12-09T05:25:05.332Z,ESP32_ENERGY_MONITOR_001,25.35,44.76,32,3.93,220.66,0.02,ok
2025-12-09T05:30:05.332Z,ESP32_ENERGY_MONITOR_001,25.05,42.96,32,3.36,223.05,0.02,ok
2025-12-09T05:35:05.332Z,ESP32_ENERGY_MONITOR_001,26.45,45.93,32,4.08,220.76,0.02,ok
2025-12-09T05:40:05.332Z,ESP32_ENERGY_MONITOR_001,26.35,44.90,32,3.82,217.07,0.02,ok
2025-12-09T05:45:05.332Z,ESP32_ENERGY_MONITOR_001,26.35,47.50,33,4.19,223.40,0.02,ok
2025-12-09T05:50:05.332Z,ESP32_ENERGY_MONITOR_001,26.62,45.69,33,4.05,220.77,0.02,ok
2025-12-09T05:55:05.332Z,ESP32_ENERGY_MONITOR_001,26.85,43.43,37,4.14,215.75,0.02,ok
2025-12-09T06:00:05.332Z,ESP32_ENERGY_MONITOR_001,25.94,45.54,35,3.93,221.48,0.02,ok
2025-12-09T06:05:05.332Z,ESP32_ENERGY_MONITOR_001,26.33,43.09,38,4.45,219.39,0.02,ok
2025-12-09T06:10:05.332Z,ESP32_ENERGY_MONITOR_001,25.48,43.06,30,3.77,224.36,0.02,ok
2025-12-09T06:15:05.332Z,ESP32_ENERGY_MONITOR_001,26.46,44.00,31,4.15,218.05,0.02,ok
2025-12-09T06:20:05.332Z,ESP32_ENERGY_MONITOR_001,26.46,47.34,31,4.01,224.47,0.02,ok
2025-12-09T06:25:05.332Z,ESP32_ENERGY_MONITOR_001,26.25,44.01,37,4.29,216.41,0.02,ok
2025-12-09T06:30:05.332Z,ESP32_ENERGY_MONITOR_001,25.20,45.76,31,3.59,224.46,0.02,ok
2025-12-09T06:35:05.332Z,ESP32_ENERGY_MONITOR_001,25.85,47.58,37,3.94,221.42,0.02,ok
2025-12-09T06:40:05.332Z,ESP32_ENERGY_MONITOR_001,25.96,43.47,36,4.14,223.54,0.02,ok
2025-12-09T06:45:05.332Z,ESP32_ENERGY_MONITOR_001,26.69,44.28,30,4.23,217.02,0.02,ok
2025-12-09T06:50:05.332Z,ESP32_ENERGY_MONITOR_001,25.93,45.44,31,3.76,225.00,0.02,ok
2025-12-09T06:55:05.332Z,ESP32_ENERGY_MONITOR_001,25.23,45.92,36,3.94,223.66,0.02,ok
2025-12-09T07:00:05.332Z,ESP32_ENERGY_MONITOR_001,26.12,45.63,27,3.61,223.87,0.02,ok
2025-12-09T07:05:05.332Z,ESP32_ENERGY_MONITOR_001,25.53,47.54,31,3.62,220.55,0.02,ok
2025-12-09T07:10:05.332Z,ESP32_ENERGY_MONITOR_001,24.69,46.31,31,3.50,219.38,0.02,ok
2025-12-09T07:15:05.332Z,ESP32_ENERGY_MONITOR_001,24.96,45.96,28,3.25,216.95,0.01,ok
2025-12-09T07:20:05.332Z,ESP32_ENERGY_MONITOR_001,25.73,46.65,28,3.78,217.67,0.02,ok
2025-12-09T07:25:05.332Z,ESP32_ENERGY_MONITOR_001,25.53,48.99,33,4.00,220.08,0.02,ok
2025-12-09T07:30:05.332Z,ESP32_ENERGY_MONITOR_001,25.73,47.44,34,3.78,217.81,0.02,ok
2025-12-09T07:35:05.332Z,ESP32_ENERGY_MONITOR_001,24.69,49.49,31,3.38,221.64,0.02,ok
2025-12-09T07:40:05.332Z,ESP32_ENERGY_MONITOR_001,25.07,48.82,28,3.52,217.44,0.02,ok
2025-12-09T07:45:05.332Z,ESP32_ENERGY_MONITOR_001,24.82,49.14,30,3.37,221.82,0.02,ok
2025-12-09T07:50:05.332Z,ESP32_ENERGY_MONITOR_001,25.62,46.58,33,3.67,216.47,0.02,ok
2025-12-09T07:55:05.332Z,ESP32_ENERGY_MONITOR_001,25.26,45.66,31,3.42,222.30,0.02,ok
2025-12-09T08:00:05.332Z,ESP32_ENERGY_MONITOR_001,23.97,47.41,29,3.21,216.36,0.01,ok
2025-12-09T08:05:05.332Z,ESP32_ENERGY_MONITOR_001,25.20,49.41,30,3.72,219.46,0.02,ok
2025-12-09T08:10:05.332Z,ESP32_ENERGY_MONITOR_001,24.95,48.16,24,3.20,220.95,0.01,ok
2025-12-09T08:15:05.332Z,ESP32_ENERGY_MONITOR_001,23.77,49.72,29,3.26,217.12,0.01,ok
2025-12-09T08:20:05.332Z,ESP32_ENERGY_MONITOR_001,24.20,46.91,30,3.22,217.47,0.01,ok
2025-12-09T08:25:05.332Z,ESP32_ENERGY_MONITOR_001,24.65,51.29,26,3.22,219.38,0.01,ok
2025-12-09T08:30:05.332Z,ESP32_ENERGY_MONITOR_001,24.16,48.06,30,3.00,223.41,0.01,ok
2025-12-09T08:35:05.332Z,ESP32_ENERGY_MONITOR_001,24.91,48.93,27,3.48,215.83,0.02,ok
2025-12-09T08:40:05.332Z,ESP32_ENERGY_MONITOR_001,24.03,51.25,26,3.28,222.60,0.01,ok
2025-12-09T08:45:05.332Z,ESP32_ENERGY_MONITOR_001,24.38,48.58,30,3.47,220.75,0.02,ok
2025-12-09T08:50:05.332Z,ESP32_ENERGY_MONITOR_001,25.03,47.35,27,3.35,223.20,0.02,ok
2025-12-09T08:55:05.332Z,ESP32_ENERGY_MONITOR_001,24.24,48.97,28,3.40,224.73,0.02,ok
2025-12-09T09:00:05.332Z,ESP32_ENERGY_MONITOR_001,22.83,50.20,24,2.99,217.35,0.01,ok
2025-12-09T09:05:05.332Z,ESP32_ENERGY_MONITOR_001,22.84,52.01,21,2.82,223.25,0.01,ok
2025-12-09T09:10:05.332Z,ESP32_ENERGY_MONITOR_001,23.65,50.37,26,2.86,222.24,0.01,ok
2025-12-09T09:15:05.332Z,ESP32_ENERGY_MONITOR_001,22.91,54.65,21,2.94,223.64,0.01,ok
2025-12-09T09:20:05.332Z,ESP32_ENERGY_MONITOR_001,23.87,52.62,20,2.91,223.27,0.01,ok
2025-12-09T09:25:05.332Z,ESP32_ENERGY_MONITOR_001,23.27,52.46,26,3.24,220.17,0.01,ok
2025-12-09T09:30:05.332Z,ESP32_ENERGY_MONITOR_001,22.49,53.46,20,2.59,219.05,0.01,ok
2025-12-09T09:35:05.332Z,ESP32_ENERGY_MONITOR_001,23.25,53.25,22,3.13,216.63,0.01,ok
2025-12-09T09:40:05.332Z,ESP32_ENERGY_MONITOR_001,23.35,53.12,22,2.90,220.60,0.01,ok
2025-12-09T09:45:05.332Z,ESP32_ENERGY_MONITOR_001,22.87,54.65,22,3.02,219.25,0.01,ok
2025-12-09T09:50:05.332Z,ESP32_ENERGY_MONITOR_001,23.80,51.10,27,3.23,220.13,0.01,ok
2025-12-09T09:55:05.332Z,ESP32_ENERGY_MONITOR_001,22.07,50.03,21,2.65,217.85,0.01,ok
2025-12-09T10:00:05.332Z,ESP32_ENERGY_MONITOR_001,20.91,56.73,17,2.78,216.43,0.01,ok
2025-12-09T10:05:05.332Z,ESP32_ENERGY_MONITOR_001,22.08,55.76,22,2.88,219.39,0.01,ok
2025-12-09T10:10:05.332Z,ESP32_ENERGY_MONITOR_001,20.56,54.54,24,3.10,217.97,0.01,ok
2025-12-09T10:15:05.332Z,ESP32_ENERGY_MONITOR_001,21.09,53.69,17,2.43,223.67,0.01,ok
2025-12-09T10:20:05.332Z,ESP32_ENERGY_MONITOR_001,22.44,55.10,15,2.43,224.06,0.01,ok
2025-12-09T10:25:05.332Z,ESP32_ENERGY_MONITOR_001,21.65,56.07,19,2.88,218.47,0.01,ok
2025-12-09T10:30:05.332Z,ESP32_ENERGY_MONITOR_001,21.54,58.52,22,2.71,219.42,0.01,ok
2025-12-09T10:35:05.332Z,ESP32_ENERGY_MONITOR_001,20.58,55.66,15,2.51,222.89,0.01,ok
2025-12-09T10:40:05.332Z,ESP32_ENERGY_MONITOR_001,21.72,56.91,15,2.80,220.54,0.01,ok
2025-12-09T10:45:05.332Z,ESP32_ENERGY_MONITOR_001,21.71,54.98,20,2.98,215.60,0.01,ok
2025-12-09T10:50:05.332Z,ESP32_ENERGY_MONITOR_001,21.37,54.38,24,2.90,220.04,0.01,ok
2025-12-09T10:55:05.332Z,ESP32_ENERGY_MONITOR_001,20.89,56.38,18,2.74,223.62,0.01,ok
2025-12-09T11:00:05.332Z,ESP32_ENERGY_MONITOR_001,20.36,60.20,5,2.27,221.63,0.01,ok
2025-12-09T11:05:05.332Z,ESP32_ENERGY_MONITOR_001,20.49,57.89,5,2.04,222.85,0.01,ok
2025-12-09T11:10:05.332Z,ESP32_ENERGY_MONITOR_001,19.75,57.52,9,2.18,219.75,0.01,ok
2025-12-09T11:15:05.332Z,ESP32_ENERGY_MONITOR_001,20.10,60.25,7,2.11,224.59,0.01,ok
2025-12-09T11:20:05.332Z,ESP32_ENERGY_MONITOR_001,19.99,60.06,1,2.23,223.96,0.01,ok
2025-12-09T11:25:05.332Z,ESP32_ENERGY_MONITOR_001,19.87,62.10,5,2.11,224.65,0.01,ok
2025-12-09T11:30:05.332Z,ESP32_ENERGY_MONITOR_001,20.76,59.47,3,2.06,219.95,0.01,ok
2025-12-09T11:35:05.332Z,ESP32_ENERGY_MONITOR_001,20.62,58.42,9,2.41,221.23,0.01,ok
2025-12-09T11:40:05.332Z,ESP32_ENERGY_MONITOR_001,20.95,61.95,3,2.15,220.57,0.01,ok
2025-12-09T11:45:05.332Z,ESP32_ENERGY_MONITOR_001,19.15,61.62,2,2.00,224.82,0.01,ok
2025-12-09T11:50:05.332Z,ESP32_ENERGY_MONITOR_001,20.97,59.82,2,2.23,223.99,0.01,ok
2025-12-09T11:55:05.332Z,ESP32_ENERGY_MONITOR_001,19.26,60.31,7,2.08,224.41,0.01,ok
2025-12-09T12:00:05.332Z,ESP32_ENERGY_MONITOR_001,18.23,62.52,3,2.30,215.71,0.01,ok
2025-12-09T12:05:05.332Z,ESP32_ENERGY_MONITOR_001,18.57,64.21,7,2.20,221.84,0.01,ok
2025-12-09T12:10:05.332Z,ESP32_ENERGY_MONITOR_001,19.28,63.04,8,2.27,215.89,0.01,ok
2025-12-09T12:15:05.332Z,ESP32_ENERGY_MONITOR_001,18.65,62.37,9,2.18,221.01,0.01,ok
2025-12-09T12:20:05.332Z,ESP32_ENERGY_MONITOR_001,19.14,63.99,7,2.06,218.36,0.01,ok
2025-12-09T12:25:05.332Z,ESP32_ENERGY_MONITOR_001,18.48,63.22,8,2.15,224.51,0.01,ok
2025-12-09T12:30:05.332Z,ESP32_ENERGY_MONITOR_001,19.11,64.25,5,2.09,220.67,0.01,ok
2025-12-09T12:35:05.332Z,ESP32_ENERGY_MONITOR_001,19.19,64.40,4,1.97,224.06,0.01,ok
2025-12-09T12:40:05.332Z,ESP32_ENERGY_MONITOR_001,18.14,63.04,0,1.82,219.24,0.01,ok
2025-12-09T12:45:05.332Z,ESP32_ENERGY_MONITOR_001,19.23,64.89,2,1.99,221.92,0.01,ok
2025-12-09T12:50:05.332Z,ESP32_ENERGY_MONITOR_001,17.96,65.10,5,2.19,217.37,0.01,ok
2025-12-09T12:55:05.332Z,ESP32_ENERGY_MONITOR_001,17.85,64.13,2,1.87,224.17,0.01,ok
2025-12-09T13:00:05.332Z,ESP32_ENERGY_MONITOR_001,16.42,68.31,3,2.19,222.90,0.01,ok
2025-12-09T13:05:05.332Z,ESP32_ENERGY_MONITOR_001,16.22,68.36,5,2.34,222.55,0.01,ok
2025-12-09T13:10:05.332Z,ESP32_ENERGY_MONITOR_001,17.72,69.62,6,2.18,216.99,0.01,ok
2025-12-09T13:15:05.332Z,ESP32_ENERGY_MONITOR_001,17.42,66.71,8,2.44,216.15,0.01,ok
2025-12-09T13:20:05.332Z,ESP32_ENERGY_MONITOR_001,16.02,68.60,2,2.12,218.32,0.01,ok
2025-12-09T13:25:05.332Z,ESP32_ENERGY_MONITOR_001,17.64,68.03,3,1.93,221.01,0.01,ok
2025-12-09T13:30:05.332Z,ESP32_ENERGY_MONITOR_001,17.78,66.57,9,2.47,219.68,0.01,ok
2025-12-09T13:35:05.332Z,ESP32_ENERGY_MONITOR_001,16.01,68.19,4,2.21,217.59,0.01,ok
2025-12-09T13:40:05.332Z,ESP32_ENERGY_MONITOR_001,17.08,69.12,6,2.34,221.24,0.01,ok
2025-12-09T13:45:05.332Z,ESP32_ENERGY_MONITOR_001,16.99,69.81,8,2.56,222.32,0.01,ok
2025-12-09T13:50:05.332Z,ESP32_ENERGY_MONITOR_001,16.00,69.41,4,2.14,216.08,0.01,ok
2025-12-09T13:55:05.332Z,ESP32_ENERGY_MONITOR_001,17.21,69.61,5,2.36,221.33,0.01,ok
2025-12-09T14:00:05.332Z,ESP32_ENERGY_MONITOR_001,15.63,70.48,9,2.59,221.02,0.01,ok
2025-12-09T14:05:05.332Z,ESP32_ENERGY_MONITOR_001,15.51,69.92,4,2.05,224.26,0.01,ok
2025-12-09T14:10:05.332Z,ESP32_ENERGY_MONITOR_001,15.98,71.16,5,2.13,220.70,0.01,ok
2025-12-09T14:15:05.332Z,ESP32_ENERGY_MONITOR_001,15.86,68.26,0,2.02,224.82,0.01,ok
2025-12-09T14:20:05.332Z,ESP32_ENERGY_MONITOR_001,15.34,70.56,9,2.56,223.64,0.01,ok
2025-12-09T14:25:05.332Z,ESP32_ENERGY_MONITOR_001,16.63,71.62,5,2.23,216.84,0.01,ok
2025-12-09T14:30:05.332Z,ESP32_ENERGY_MONITOR_001,16.29,72.46,9,2.42,219.76,0.01,ok
2025-12-09T14:35:05.332Z,ESP32_ENERGY_MONITOR_001,15.79,68.94,8,2.15,220.60,0.01,ok
2025-12-09T14:40:05.332Z,ESP32_ENERGY_MONITOR_001,15.04,68.83,1,2.01,215.74,0.01,ok
2025-12-09T14:45:05.332Z,ESP32_ENERGY_MONITOR_001,14.98,72.37,6,2.18,222.30,0.01,ok
2025-12-09T14:50:05.332Z,ESP32_ENERGY_MONITOR_001,16.07,72.75,7,2.09,217.19,0.01,ok
2025-12-09T14:55:05.332Z,ESP32_ENERGY_MONITOR_001,15.05,70.05,2,2.20,224.53,0.01,ok
2025-12-09T15:00:05.332Z,ESP32_ENERGY_MONITOR_001,14.31,71.05,7,2.39,215.18,0.01,ok
2025-12-09T15:05:05.332Z,ESP32_ENERGY_MONITOR_001,15.17,74.66,3,2.05,216.98,0.01,ok
2025-12-09T15:10:05.332Z,ESP32_ENERGY_MONITOR_001,15.61,74.54,4,2.41,221.44,0.01,ok
2025-12-09T15:15:05.332Z,ESP32_ENERGY_MONITOR_001,14.57,75.47,4,1.98,217.32,0.01,ok
2025-12-09T15:20:05.332Z,ESP32_ENERGY_MONITOR_001,15.71,71.98,6,2.03,215.34,0.01,ok
2025-12-09T15:25:05.332Z,ESP32_ENERGY_MONITOR_001,13.98,71.72,2,2.30,224.40,0.01,ok
2025-12-09T15:30:05.332Z,ESP32_ENERGY_MONITOR_001,15.01,74.52,7,2.23,219.62,0.01,ok
2025-12-09T15:35:05.332Z,ESP32_ENERGY_MONITOR_001,13.92,72.80,7,2.15,220.63,0.01,ok
2025-12-09T15:40:05.332Z,ESP32_ENERGY_MONITOR_001,14.03,75.09,4,2.19,219.07,0.01,ok
2025-12-09T15:45:05.332Z,ESP32_ENERGY_MONITOR_001,14.23,73.43,2,2.08,224.67,0.01,ok
2025-12-09T15:50:05.332Z,ESP32_ENERGY_MONITOR_001,15.78,70.77,5,2.02,215.07,0.01,ok
2025-12-09T15:55:05.332Z,ESP32_ENERGY_MONITOR_001,14.28,72.79,9,2.22,219.25,0.01,ok
2025-12-09T16:00:05.332Z,ESP32_ENERGY_MONITOR_001,14.86,74.28,8,2.53,222.76,0.01,ok
2025-12-09T16:05:05.332Z,ESP32_ENERGY_MONITOR_001,13.21,75.84,6,2.19,219.01,0.01,ok
2025-12-09T16:10:05.332Z,ESP32_ENERGY_MONITOR_001,13.98,74.63,9,2.27,217.66,0.01,ok
2025-12-09T16:15:05.332Z,ESP32_ENERGY_MONITOR_001,13.94,72.95,6,2.08,215.80,0.01,ok
2025-12-09T16:20:05.332Z,ESP32_ENERGY_MONITOR_001,14.23,74.13,0,1.79,217.12,0.01,ok
2025-12-09T16:25:05.332Z,ESP32_ENERGY_MONITOR_001,13.97,72.48,0,2.12,218.75,0.01,ok
2025-12-09T16:30:05.332Z,ESP32_ENERGY_MONITOR_001,14.21,72.78,7,2.41,220.62,0.01,ok
2025-12-09T16:35:05.332Z,ESP32_ENERGY_MONITOR_001,14.10,72.98,4,2.02,220.93,0.01,ok
2025-12-09T16:40:05.332Z,ESP32_ENERGY_MONITOR_001,14.91,73.87,3,2.27,218.32,0.01,ok
2025-12-09T16:45:05.332Z,ESP32_ENERGY_MONITOR_001,14.14,74.63,8,2.49,222.64,0.01,ok
2025-12-09T16:50:05.332Z,ESP32_ENERGY_MONITOR_001,14.96,73.35,5,2.13,217.80,0.01,ok
2025-12-09T16:55:05.332Z,ESP32_ENERGY_MONITOR_001,14.96,73.38,4,2.10,217.98,0.01,ok
2025-12-09T17:00:05.332Z,ESP32_ENERGY_MONITOR_001,14.66,76.57,3,2.15,218.66,0.01,ok
2025-12-09T17:05:05.332Z,ESP32_ENERGY_MONITOR_001,13.01,72.55,4,2.31,217.64,0.01,ok
2025-12-09T17:10:05.332Z,ESP32_ENERGY_MONITOR_001,13.00,73.75,1,2.25,217.53,0.01,ok
2025-12-09T17:15:05.332Z,ESP32_ENERGY_MONITOR_001,13.50,72.99,7,2.48,222.96,0.01,ok
2025-12-09T17:20:05.332Z,ESP32_ENERGY_MONITOR_001,14.40,76.92,4,2.05,218.43,0.01,ok
2025-12-09T17:25:05.332Z,ESP32_ENERGY_MONITOR_001,13.09,74.59,5,2.29,218.24,0.01,ok
2025-12-09T17:30:05.332Z,ESP32_ENERGY_MONITOR_001,13.55,76.45,6,2.38,217.42,0.01,ok
2025-12-09T17:35:05.332Z,ESP32_ENERGY_MONITOR_001,13.99,73.83,2,2.15,222.58,0.01,ok
2025-12-09T17:40:05.332Z,ESP32_ENERGY_MONITOR_001,14.86,74.88,6,2.33,221.01,0.01,ok
2025-12-09T17:45:05.332Z,ESP32_ENERGY_MONITOR_001,13.41,73.03,8,2.43,225.00,0.01,ok
2025-12-09T17:50:05.332Z,ESP32_ENERGY_MONITOR_001,14.12,76.21,0,1.91,215.20,0.01,ok
2025-12-09T17:55:05.332Z,ESP32_ENERGY_MONITOR_001,13.44,75.87,9,2.53,217.14,0.01,ok
2025-12-09T18:00:05.332Z,ESP32_ENERGY_MONITOR_001,15.13,76.04,2,2.33,224.04,0.01,ok
2025-12-09T18:05:05.332Z,ESP32_ENERGY_MONITOR_001,13.54,72.60,0,2.22,217.56,0.01,ok
2025-12-09T18:10:05.332Z,ESP32_ENERGY_MONITOR_001,14.63,73.94,6,2.20,221.79,0.01,ok
2025-12-09T18:15:05.332Z,ESP32_ENERGY_MONITOR_001,14.31,73.67,6,2.18,222.16,0.01,ok
2025-12-09T18:20:05.332Z,ESP32_ENERGY_MONITOR_001,13.28,75.25,3,2.16,218.39,0.01,ok
2025-12-09T18:25:05.332Z,ESP32_ENERGY_MONITOR_001,13.82,73.51,0,2.20,221.32,0.01,ok
2025-12-09T18:30:05.332Z,ESP32_ENERGY_MONITOR_001,14.25,72.32,3,2.14,218.49,0.01,ok
2025-12-09T18:35:05.332Z,ESP32_ENERGY_MONITOR_001,13.23,72.98,7,2.34,222.41,0.01,ok
2025-12-09T18:40:05.332Z,ESP32_ENERGY_MONITOR_001,13.51,74.48,6,2.35,221.13,0.01,ok
2025-12-09T18:45:05.332Z,ESP32_ENERGY_MONITOR_001,14.68,73.49,0,2.22,217.29,0.01,ok
2025-12-09T18:50:05.332Z,ESP32_ENERGY_MONITOR_001,14.64,72.79,2,2.23,223.59,0.01,ok
2025-12-09T18:55:05.332Z,ESP32_ENERGY_MONITOR_001,14.92,72.09,4,2.04,217.78,0.01,ok
2025-12-09T19:00:05.332Z,ESP32_ENERGY_MONITOR_001,15.34,73.91,4,2.21,218.31,0.01,ok
2025-12-09T19:05:05.332Z,ESP32_ENERGY_MONITOR_001,15.60,74.11,3,2.25,218.25,0.01,ok
2025-12-09T19:10:05.332Z,ESP32_ENERGY_MONITOR_001,14.79,73.19,9,2.59,216.61,0.01,ok
2025-12-09T19:15:05.332Z,ESP32_ENERGY_MONITOR_001,14.29,74.26,1,1.93,216.31,0.01,ok
2025-12-09T19:20:05.332Z,ESP32_ENERGY_MONITOR_001,14.46,73.27,7,2.05,218.17,0.01,ok
2025-12-09T19:25:05.332Z,ESP32_ENERGY_MONITOR_001,14.68,73.43,4,2.40,216.76,0.01,ok
2025-12-09T19:30:05.332Z,ESP32_ENERGY_MONITOR_001,15.44,71.11,2,2.25,220.32,0.01,ok
2025-12-09T19:35:05.332Z,ESP32_ENERGY_MONITOR_001,15.50,71.70,6,2.28,217.43,0.01,ok
2025-12-09T19:40:05.332Z,ESP32_ENERGY_MONITOR_001,14.27,73.31,9,2.60,216.99,0.01,ok
2025-12-09T19:45:05.332Z,ESP32_ENERGY_MONITOR_001,15.67,74.75,8,2.34,222.41,0.01,ok
2025-12-09T19:50:05.332Z,ESP32_ENERGY_MONITOR_001,15.62,71.84,6,2.02,217.91,0.01,ok
2025-12-09T19:55:05.332Z,ESP32_ENERGY_MONITOR_001,15.64,72.29,1,2.15,219.85,0.01,ok
2025-12-09T20:00:05.332Z,ESP32_ENERGY_MONITOR_001,15.81,69.29,4,1.98,223.42,0.01,ok
2025-12-09T20:05:05.332Z,ESP32_ENERGY_MONITOR_001,15.26,70.34,6,2.17,218.10,0.01,ok
2025-12-09T20:10:05.332Z,ESP32_ENERGY_MONITOR_001,15.88,72.47,9,2.57,222.04,0.01,ok
2025-12-09T20:15:05.332Z,ESP32_ENERGY_MONITOR_001,15.60,68.19,5,2.21,217.12,0.01,ok
2025-12-09T20:20:05.332Z,ESP32_ENERGY_MONITOR_001,16.74,69.79,4,2.14,219.65,0.01,ok
2025-12-09T20:25:05.332Z,ESP32_ENERGY_MONITOR_001,15.47,69.40,5,2.38,223.43,0.01,ok
2025-12-09T20:30:05.332Z,ESP32_ENERGY_MONITOR_001,15.64,70.60,6,2.41,221.99,0.01,ok
2025-12-09T20:35:05.332Z,ESP32_ENERGY_MONITOR_001,16.33,72.35,4,1.95,224.14,0.01,ok
2025-12-09T20:40:05.332Z,ESP32_ENERGY_MONITOR_001,16.14,71.89,8,2.53,222.25,0.01,ok
2025-12-09T20:45:05.332Z,ESP32_ENERGY_MONITOR_001,15.09,68.29,5,2.39,220.87,0.01,ok
2025-12-09T20:50:05.332Z,ESP32_ENERGY_MONITOR_001,15.59,69.93,2,1.84,216.20,0.01,ok
2025-12-09T20:55:05.332Z,ESP32_ENERGY_MONITOR_001,16.67,70.19,6,2.30,223.41,0.01,ok
2025-12-09T21:00:05.332Z,ESP32_ENERGY_MONITOR_001,17.37,66.69,2,2.01,217.48,0.01,ok
2025-12-09T21:05:05.332Z,ESP32_ENERGY_MONITOR_001,17.26,68.71,7,2.15,220.42,0.01,ok
2025-12-09T21:10:05.332Z,ESP32_ENERGY_MONITOR_001,16.61,66.04,4,2.28,222.28,0.01,ok
2025-12-09T21:15:05.332Z,ESP32_ENERGY_MONITOR_001,17.82,69.01,9,2.28,222.43,0.01,ok
2025-12-09T21:20:05.332Z,ESP32_ENERGY_MONITOR_001,17.09,65.09,7,2.39,221.44,0.01,ok
2025-12-09T21:25:05.332Z,ESP32_ENERGY_MONITOR_001,16.71,66.82,6,2.39,215.23,0.01,ok
2025-12-09T21:30:05.332Z,ESP32_ENERGY_MONITOR_001,17.41,69.87,9,2.60,218.06,0.01,ok
2025-12-09T21:35:05.332Z,ESP32_ENERGY_MONITOR_001,16.94,67.38,5,2.03,221.08,0.01,ok
2025-12-09T21:40:05.332Z,ESP32_ENERGY_MONITOR_001,18.00,66.17,8,2.32,222.94,0.01,ok
2025-12-09T21:45:05.332Z,ESP32_ENERGY_MONITOR_001,16.26,68.13,1,2.01,221.98,0.01,ok
2025-12-09T21:50:05.332Z,ESP32_ENERGY_MONITOR_001,17.60,65.92,6,2.32,218.45,0.01,ok
2025-12-09T21:55:05.332Z,ESP32_ENERGY_MONITOR_001,16.67,67.49,3,2.04,219.63,0.01,ok
2025-12-09T22:00:05.332Z,ESP32_ENERGY_MONITOR_001,19.01,65.40,0,1.86,222.29,0.01,ok
2025-12-09T22:05:05.332Z,ESP32_ENERGY_MONITOR_001,19.28,64.01,0,1.80,217.96,0.01,ok
2025-12-09T22:10:05.332Z,ESP32_ENERGY_MONITOR_001,17.75,66.27,4,2.31,222.90,0.01,ok
2025-12-09T22:15:05.332Z,ESP32_ENERGY_MONITOR_001,17.95,64.95,8,2.29,223.31,0.01,ok
2025-12-09T22:20:05.332Z,ESP32_ENERGY_MONITOR_001,18.29,63.89,0,2.18,223.42,0.01,ok
2025-12-09T22:25:05.332Z,ESP32_ENERGY_MONITOR_001,17.80,64.42,4,2.20,224.62,0.01,ok
2025-12-09T22:30:05.332Z,ESP32_ENERGY_MONITOR_001,17.51,63.13,9,2.58,221.21,0.01,ok
2025-12-09T22:35:05.332Z,ESP32_ENERGY_MONITOR_001,19.28,61.78,1,1.82,223.92,0.01,ok
2025-12-09T22:40:05.332Z,ESP32_ENERGY_MONITOR_001,18.16,61.40,7,2.40,219.07,0.01,ok
2025-12-09T22:45:05.332Z,ESP32_ENERGY_MONITOR_001,18.45,65.63,4,1.91,224.86,0.01,ok
2025-12-09T22:50:05.332Z,ESP32_ENERGY_MONITOR_001,17.92,63.93,3,2.09,221.52,0.01,ok
2025-12-09T22:55:05.332Z,ESP32_ENERGY_MONITOR_001,18.02,65.36,8,2.25,215.19,0.01,ok
2025-12-09T23:00:05.332Z,ESP32_ENERGY_MONITOR_001,19.26,61.02,5,1.99,218.83,0.01,ok
2025-12-09T23:05:05.332Z,ESP32_ENERGY_MONITOR_001,19.45,57.57,2,2.19,217.20,0.01,ok
2025-12-09T23:10:05.332Z,ESP32_ENERGY_MONITOR_001,19.17,59.11,3,2.21,216.25,0.01,ok
2025-12-09T23:15:05.332Z,ESP32_ENERGY_MONITOR_001,20.18,61.62,5,1.95,218.81,0.01,ok
2025-12-09T23:20:05.332Z,ESP32_ENERGY_MONITOR_001,19.43,58.31,6,2.31,222.22,0.01,ok
2025-12-09T23:25:05.332Z,ESP32_ENERGY_MONITOR_001,19.27,61.11,3,1.94,223.19,0.01,ok
2025-12-09T23:30:05.332Z,ESP32_ENERGY_MONITOR_001,20.91,60.80,2,2.07,224.41,0.01,ok
2025-12-09T23:35:05.332Z,ESP32_ENERGY_MONITOR_001,20.76,60.35,7,2.44,215.80,0.01,ok
2025-12-09T23:40:05.332Z,ESP32_ENERGY_MONITOR_001,20.24,57.92,3,2.00,224.81,0.01,ok
2025-12-09T23:45:05.332Z,ESP32_ENERGY_MONITOR_001,20.40,57.56,0,2.03,220.88,0.01,ok
2025-12-09T23:50:05.332Z,ESP32_ENERGY_MONITOR_001,20.42,60.91,4,2.28,215.74,0.01,ok
2025-12-09T23:55:05.332Z,ESP32_ENERGY_MONITOR_001,20.05,58.55,5,2.41,215.71,0.01,ok
2025-12-10T00:00:05.332Z,ESP32_ENERGY_MONITOR_001,22.14,55.85,1,2.07,222.14,0.01,ok
2025-12-10T00:05:05.332Z,ESP32_ENERGY_MONITOR_001,22.12,57.94,4,2.34,216.28,0.01,ok
2025-12-10T00:10:05.332Z,ESP32_ENERGY_MONITOR_001,20.95,56.24,4,2.02,217.22,0.01,ok
2025-12-10T00:15:05.332Z,ESP32_ENERGY_MONITOR_001,20.79,56.80,1,2.05,218.15,0.01,ok
2025-12-10T00:20:05.332Z,ESP32_ENERGY_MONITOR_001,21.37,56.78,4,2.18,221.02,0.01,ok
2025-12-10T00:25:05.332Z,ESP32_ENERGY_MONITOR_001,21.20,57.52,5,2.20,221.47,0.01,ok
2025-12-10T00:30:05.332Z,ESP32_ENERGY_MONITOR_001,22.05,54.72,8,2.13,219.08,0.01,ok
2025-12-10T00:35:05.332Z,ESP32_ENERGY_MONITOR_001,20.73,54.62,3,2.15,220.22,0.01,ok
2025-12-10T00:40:05.332Z,ESP32_ENERGY_MONITOR_001,22.47,55.04,3,1.95,220.21,0.01,ok
2025-12-10T00:45:05.332Z,ESP32_ENERGY_MONITOR_001,22.44,56.36,8,2.43,224.93,0.01,ok
2025-12-10T00:50:05.332Z,ESP32_ENERGY_MONITOR_001,20.64,57.81,0,1.89,221.14,0.01,ok
2025-12-10T00:55:05.332Z,ESP32_ENERGY_MONITOR_001,21.13,57.01,4,2.25,215.33,0.01,ok
2025-12-10T01:00:05.332Z,ESP32_ENERGY_MONITOR_001,22.63,53.00,19,2.62,219.65,0.01,ok
2025-12-10T01:05:05.332Z,ESP32_ENERGY_MONITOR_001,22.57,52.74,19,2.70,220.46,0.01,ok
2025-12-10T01:10:05.332Z,ESP32_ENERGY_MONITOR_001,22.59,54.14,20,2.67,216.89,0.01,ok
2025-12-10T01:15:05.332Z,ESP32_ENERGY_MONITOR_001,22.52,54.29,22,2.67,216.18,0.01,ok
2025-12-10T01:20:05.332Z,ESP32_ENERGY_MONITOR_001,22.85,53.43,15,2.83,219.67,0.01,ok
2025-12-10T01:25:05.332Z,ESP32_ENERGY_MONITOR_001,22.57,54.97,16,2.79,216.88,0.01,ok
2025-12-10T01:30:05.332Z,ESP32_ENERGY_MONITOR_001,23.21,53.63,18,2.71,222.38,0.01,ok
2025-12-10T01:35:05.332Z,ESP32_ENERGY_MONITOR_001,23.91,54.02,19,2.95,221.34,0.01,ok
2025-12-10T01:40:05.332Z,ESP32_ENERGY_MONITOR_001,23.82,54.41,23,3.14,220.27,0.01,ok
2025-12-10T01:45:05.332Z,ESP32_ENERGY_MONITOR_001,23.60,53.86,24,2.87,223.05,0.01,ok
2025-12-10T01:50:05.332Z,ESP32_ENERGY_MONITOR_001,23.90,53.66,19,2.56,218.90,0.01,ok
2025-12-10T01:55:05.332Z,ESP32_ENERGY_MONITOR_001,23.87,53.94,20,2.79,218.76,0.01,ok
2025-12-10T02:00:05.332Z,ESP32_ENERGY_MONITOR_001,24.84,48.49,21,3.13,218.20,0.01,ok
2025-12-10T02:05:05.332Z,ESP32_ENERGY_MONITOR_001,24.44,51.65,23,3.14,216.73,0.01,ok
2025-12-10T02:10:05.332Z,ESP32_ENERGY_MONITOR_001,24.63,51.67,27,3.05,218.85,0.01,ok
2025-12-10T02:15:05.332Z,ESP32_ENERGY_MONITOR_001,23.79,48.73,27,2.92,219.94,0.01,ok
2025-12-10T02:20:05.332Z,ESP32_ENERGY_MONITOR_001,24.14,49.45,29,3.25,217.17,0.01,ok
2025-12-10T02:25:05.332Z,ESP32_ENERGY_MONITOR_001,23.95,47.10,27,3.14,224.89,0.01,ok
2025-12-10T02:30:05.332Z,ESP32_ENERGY_MONITOR_001,24.31,47.49,28,3.46,219.88,0.02,ok
2025-12-10T02:35:05.332Z,ESP32_ENERGY_MONITOR_001,23.57,51.25,28,3.20,221.27,0.01,ok
2025-12-10T02:40:05.332Z,ESP32_ENERGY_MONITOR_001,24.93,49.88,22,3.11,219.15,0.01,ok
2025-12-10T02:45:05.332Z,ESP32_ENERGY_MONITOR_001,23.29,51.46,29,3.24,219.40,0.01,ok
2025-12-10T02:50:05.332Z,ESP32_ENERGY_MONITOR_001,25.08,49.26,20,2.96,219.11,0.01,ok
2025-12-10T02:55:05.332Z,ESP32_ENERGY_MONITOR_001,23.79,47.24,22,2.76,220.16,0.01,ok
2025-12-10T03:00:05.332Z,ESP32_ENERGY_MONITOR_001,25.48,46.39,29,3.37,222.69,0.02,ok
2025-12-10T03:05:05.332Z,ESP32_ENERGY_MONITOR_001,26.00,47.14,29,3.72,224.24,0.02,ok
2025-12-10T03:10:05.332Z,ESP32_ENERGY_MONITOR_001,25.62,46.67,28,3.52,218.76,0.02,ok
2025-12-10T03:15:05.332Z,ESP32_ENERGY_MONITOR_001,24.27,48.61,33,3.50,216.57,0.02,ok
2025-12-10T03:20:05.332Z,ESP32_ENERGY_MONITOR_001,24.99,47.65,24,3.32,217.70,0.02,ok
2025-12-10T03:25:05.332Z,ESP32_ENERGY_MONITOR_001,24.72,47.44,24,3.39,215.45,0.02,ok
2025-12-10T03:30:05.332Z,ESP32_ENERGY_MONITOR_001,25.21,47.08,30,3.56,224.22,0.02,ok
2025-12-10T03:35:05.332Z,ESP32_ENERGY_MONITOR_001,25.20,49.21,26,3.28,223.00,0.01,ok
2025-12-10T03:40:05.332Z,ESP32_ENERGY_MONITOR_001,25.33,47.13,31,3.42,216.12,0.02,ok
2025-12-10T03:45:05.332Z,ESP32_ENERGY_MONITOR_001,25.55,46.52,25,3.34,216.56,0.02,ok
2025-12-10T03:50:05.332Z,ESP32_ENERGY_MONITOR_001,25.92,47.73,27,3.71,219.53,0.02,ok
2025-12-10T03:55:05.332Z,ESP32_ENERGY_MONITOR_001,25.77,45.69,27,3.77,219.39,0.02,ok
2025-12-10T04:00:05.332Z,ESP32_ENERGY_MONITOR_001,24.82,47.21,30,3.45,224.74,0.02,ok
2025-12-10T04:05:05.332Z,ESP32_ENERGY_MONITOR_001,25.45,46.25,32,3.64,221.79,0.02,ok
2025-12-10T04:10:05.332Z,ESP32_ENERGY_MONITOR_001,26.71,44.88,36,4.31,218.76,0.02,ok
2025-12-10T04:15:05.332Z,ESP32_ENERGY_MONITOR_001,25.71,47.63,28,3.81,223.81,0.02,ok
2025-12-10T04:20:05.332Z,ESP32_ENERGY_MONITOR_001,26.54,47.54,35,4.08,217.51,0.02,ok
2025-12-10T04:25:05.332Z,ESP32_ENERGY_MONITOR_001,26.38,45.77,30,3.75,222.17,0.02,ok
2025-12-10T04:30:05.332Z,ESP32_ENERGY_MONITOR_001,25.02,45.59,29,3.29,224.52,0.01,ok
2025-12-10T04:35:05.332Z,ESP32_ENERGY_MONITOR_001,25.37,46.65,27,3.58,216.83,0.02,ok
2025-12-10T04:40:05.332Z,ESP32_ENERGY_MONITOR_001,26.44,47.05,27,3.64,215.50,0.02,ok
2025-12-10T04:45:05.332Z,ESP32_ENERGY_MONITOR_001,25.07,43.95,36,3.79,215.49,0.02,ok
2025-12-10T04:50:05.332Z,ESP32_ENERGY_MONITOR_001,26.33,45.34,31,3.92,216.20,0.02,ok
2025-12-10T04:55:05.332Z,ESP32_ENERGY_MONITOR_001,26.51,45.59,31,4.09,222.06,0.02,ok
2025-12-10T05:00:05.332Z,ESP32_ENERGY_MONITOR_001,25.49,45.10,33,3.72,215.40,0.02,ok
2025-12-10T05:05:05.332Z,ESP32_ENERGY_MONITOR_001,26.61,44.15,35,4.43,219.49,0.02,ok
2025-12-10T05:10:05.332Z,ESP32_ENERGY_MONITOR_001,25.18,43.51,35,3.61,217.05,0.02,ok
2025-12-10T05:15:05.332Z,ESP32_ENERGY_MONITOR_001,25.80,44.14,33,3.67,221.65,0.02,ok
2025-12-10T05:20:05.332Z,ESP32_ENERGY_MONITOR_001,25.66,46.02,34,3.71,221.77,0.02,ok
2025-12-10T05:25:05.332Z,ESP32_ENERGY_MONITOR_001,25.92,42.74,32,3.63,217.74,0.02,ok
2025-12-10T05:30:05.332Z,ESP32_ENERGY_MONITOR_001,25.97,45.58,32,3.79,217.01,0.02,ok
2025-12-10T05:35:05.332Z,ESP32_ENERGY_MONITOR_001,25.06,47.38,32,3.39,224.47,0.02,ok
2025-12-10T05:40:05.332Z,ESP32_ENERGY_MONITOR_001,26.18,45.23,30,4.02,218.21,0.02,ok
2025-12-10T05:45:05.332Z,ESP32_ENERGY_MONITOR_001,25.15,42.86,29,3.73,217.82,0.02,ok
2025-12-10T05:50:05.332Z,ESP32_ENERGY_MONITOR_001,25.48,44.24,35,3.84,223.99,0.02,ok
2025-12-10T05:55:05.332Z,ESP32_ENERGY_MONITOR_001,25.86,43.50,35,4.01,224.77,0.02,ok
2025-12-10T06:00:05.332Z,ESP32_ENERGY_MONITOR_001,25.99,45.09,37,4.13,224.18,0.02,ok
2025-12-10T06:05:05.332Z,ESP32_ENERGY_MONITOR_001,25.32,44.34,34,3.72,217.82,0.02,ok
2025-12-10T06:10:05.332Z,ESP32_ENERGY_MONITOR_001,25.60,46.06,34,3.88,222.96,0.02,ok
2025-12-10T06:15:05.332Z,ESP32_ENERGY_MONITOR_001,26.56,46.04,29,4.09,223.24,0.02,ok
2025-12-10T06:20:05.332Z,ESP32_ENERGY_MONITOR_001,24.87,43.26,37,3.85,222.04,0.02,ok
2025-12-10T06:25:05.332Z,ESP32_ENERGY_MONITOR_001,25.29,47.12,37,3.76,219.57,0.02,ok
2025-12-10T06:30:05.332Z,ESP32_ENERGY_MONITOR_001,26.77,46.50,37,4.46,219.48,0.02,ok
2025-12-10T06:35:05.332Z,ESP32_ENERGY_MONITOR_001,25.50,47.46,32,3.69,216.12,0.02,ok
2025-12-10T06:40:05.332Z,ESP32_ENERGY_MONITOR_001,25.34,44.22,29,3.52,219.59,0.02,ok
2025-12-10T06:45:05.332Z,ESP32_ENERGY_MONITOR_001,26.44,46.45,30,3.85,217.50,0.02,ok
2025-12-10T06:50:05.332Z,ESP32_ENERGY_MONITOR_001,25.49,47.49,35,3.77,220.39,0.02,ok
2025-12-10T06:55:05.332Z,ESP32_ENERGY_MONITOR_001,26.33,44.77,31,3.98,223.73,0.02,ok
2025-12-10T07:00:05.332Z,ESP32_ENERGY_MONITOR_001,24.69,47.99,36,3.52,224.81,0.02,ok
2025-12-10T07:05:05.332Z,ESP32_ENERGY_MONITOR_001,24.28,47.52,34,3.27,223.84,0.01,ok
2025-12-10T07:10:05.332Z,ESP32_ENERGY_MONITOR_001,25.93,45.32,31,3.93,221.03,0.02,ok
2025-12-10T07:15:05.332Z,ESP32_ENERGY_MONITOR_001,25.54,48.95,32,3.59,217.23,0.02,ok
2025-12-10T07:20:05.332Z,ESP32_ENERGY_MONITOR_001,25.39,45.08,27,3.27,222.18,0.01,ok
2025-12-10T07:25:05.332Z,ESP32_ENERGY_MONITOR_001,25.41,45.50,28,3.31,218.84,0.02,ok
2025-12-10T07:30:05.332Z,ESP32_ENERGY_MONITOR_001,24.73,48.71,32,3.37,224.60,0.02,ok
2025-12-10T07:35:05.332Z,ESP32_ENERGY_MONITOR_001,24.36,47.25,36,3.75,221.32,0.02,ok
2025-12-10T07:40:05.332Z,ESP32_ENERGY_MONITOR_001,25.86,48.17,30,3.81,222.05,0.02,ok
2025-12-10T07:45:05.332Z,ESP32_ENERGY_MONITOR_001,24.82,46.52,27,3.53,218.45,0.02,ok
2025-12-10T07:50:05.332Z,ESP32_ENERGY_MONITOR_001,25.00,44.62,33,3.56,216.70,0.02,ok
2025-12-10T07:55:05.332Z,ESP32_ENERGY_MONITOR_001,24.55,45.33,29,3.33,221.26,0.02,ok
2025-12-10T08:00:05.332Z,ESP32_ENERGY_MONITOR_001,24.79,47.04,27,3.43,220.26,0.02,ok
2025-12-10T08:05:05.332Z,ESP32_ENERGY_MONITOR_001,24.27,49.12,26,3.11,217.40,0.01,ok
2025-12-10T08:10:05.332Z,ESP32_ENERGY_MONITOR_001,23.68,49.43,29,3.37,224.61,0.02,ok
2025-12-10T08:15:05.332Z,ESP32_ENERGY_MONITOR_001,24.75,48.33,25,3.16,215.10,0.01,ok
2025-12-10T08:20:05.332Z,ESP32_ENERGY_MONITOR_001,24.96,47.66,32,3.43,215.04,0.02,ok
2025-12-10T08:25:05.332Z,ESP32_ENERGY_MONITOR_001,23.52,47.48,27,2.83,215.71,0.01,ok
2025-12-10T08:30:05.332Z,ESP32_ENERGY_MONITOR_001,24.64,49.83,32,3.71,222.11,0.02,ok
2025-12-10T08:35:05.332Z,ESP32_ENERGY_MONITOR_001,23.96,51.01,31,3.34,215.84,0.02,ok
2025-12-10T08:40:05.332Z,ESP32_ENERGY_MONITOR_001,25.09,49.11,24,3.21,224.37,0.01,ok
2025-12-10T08:45:05.332Z,ESP32_ENERGY_MONITOR_001,23.84,46.97,30,3.14,215.56,0.01,ok
2025-12-10T08:50:05.332Z,ESP32_ENERGY_MONITOR_001,24.18,47.50,33,3.50,219.82,0.02,ok
2025-12-10T08:55:05.332Z,ESP32_ENERGY_MONITOR_001,24.09,49.66,30,3.37,219.66,0.02,ok
2025-12-10T09:00:05.332Z,ESP32_ENERGY_MONITOR_001,22.27,53.92,24,3.05,224.22,0.01,ok
2025-12-10T09:05:05.332Z,ESP32_ENERGY_MONITOR_001,22.61,53.83,24,3.07,218.12,0.01,ok
2025-12-10T09:10:05.332Z,ESP32_ENERGY_MONITOR_001,23.99,50.78,26,3.22,222.90,0.01,ok
2025-12-10T09:15:05.332Z,ESP32_ENERGY_MONITOR_001,22.08,54.74,20,3.03,215.20,0.01,ok
2025-12-10T09:20:05.332Z,ESP32_ENERGY_MONITOR_001,22.18,50.81,23,2.85,216.46,0.01,ok
2025-12-10T09:25:05.332Z,ESP32_ENERGY_MONITOR_001,22.32,52.39,21,2.83,216.64,0.01,ok
2025-12-10T09:30:05.332Z,ESP32_ENERGY_MONITOR_001,23.26,52.77,22,2.65,223.22,0.01,ok
2025-12-10T09:35:05.332Z,ESP32_ENERGY_MONITOR_001,23.16,51.06,26,3.23,215.55,0.01,ok
2025-12-10T09:40:05.332Z,ESP32_ENERGY_MONITOR_001,22.91,51.74,27,2.98,222.28,0.01,ok
2025-12-10T09:45:05.332Z,ESP32_ENERGY_MONITOR_001,23.76,53.38,20,2.68,223.45,0.01,ok
2025-12-10T09:50:05.332Z,ESP32_ENERGY_MONITOR_001,23.58,50.64,26,3.08,219.31,0.01,ok
2025-12-10T09:55:05.332Z,ESP32_ENERGY_MONITOR_001,22.26,51.62,29,3.15,216.06,0.01,ok
2025-12-10T10:00:05.332Z,ESP32_ENERGY_MONITOR_001,21.20,58.41,22,2.76,224.11,0.01,ok
2025-12-10T10:05:05.332Z,ESP32_ENERGY_MONITOR_001,21.86,53.79,16,2.75,222.62,0.01,ok
2025-12-10T10:10:05.332Z,ESP32_ENERGY_MONITOR_001,22.29,54.96,21,2.84,223.98,0.01,ok
2025-12-10T10:15:05.332Z,ESP32_ENERGY_MONITOR_001,21.70,55.25,24,2.86,223.36,0.01,ok
2025-12-10T10:20:05.332Z,ESP32_ENERGY_MONITOR_001,20.85,53.77,23,2.82,217.32,0.01,ok
2025-12-10T10:25:05.332Z,ESP32_ENERGY_MONITOR_001,20.90,58.31,16,2.59,215.59,0.01,ok
2025-12-10T10:30:05.332Z,ESP32_ENERGY_MONITOR_001,21.31,54.15,23,3.04,215.94,0.01,ok
2025-12-10T10:35:05.332Z,ESP32_ENERGY_MONITOR_001,22.24,56.96,15,2.81,223.43,0.01,ok
2025-12-10T10:40:05.332Z,ESP32_ENERGY_MONITOR_001,22.17,58.56,18,2.91,215.83,0.01,ok
2025-12-10T10:45:05.332Z,ESP32_ENERGY_MONITOR_001,20.66,57.75,19,2.74,215.78,0.01,ok
2025-12-10T10:50:05.332Z,ESP32_ENERGY_MONITOR_001,21.78,53.86,16,2.50,218.42,0.01,ok
2025-12-10T10:55:05.332Z,ESP32_ENERGY_MONITOR_001,22.45,57.36,23,3.01,216.67,0.01,ok
2025-12-10T11:00:05.332Z,ESP32_ENERGY_MONITOR_001,19.40,61.06,6,2.09,218.12,0.01,ok
2025-12-10T11:05:05.332Z,ESP32_ENERGY_MONITOR_001,20.97,61.05,8,2.39,216.84,0.01,ok
2025-12-10T11:10:05.332Z,ESP32_ENERGY_MONITOR_001,20.17,61.21,6,2.08,219.26,0.01,ok
2025-12-10T11:15:05.332Z,ESP32_ENERGY_MONITOR_001,20.92,58.39,1,2.17,224.89,0.01,ok
2025-12-10T11:20:05.332Z,ESP32_ENERGY_MONITOR_001,19.97,61.97,0,1.76,216.38,0.01,ok
2025-12-10T11:25:05.332Z,ESP32_ENERGY_MONITOR_001,19.76,59.58,3,2.25,221.10,0.01,ok
2025-12-10T11:30:05.332Z,ESP32_ENERGY_MONITOR_001,20.62,59.09,6,2.39,219.35,0.01,ok
2025-12-10T11:35:05.332Z,ESP32_ENERGY_MONITOR_001,20.60,58.12,9,2.30,217.86,0.01,ok
2025-12-10T11:40:05.332Z,ESP32_ENERGY_MONITOR_001,19.48,58.56,5,2.20,215.60,0.01,ok
2025-12-10T11:45:05.332Z,ESP32_ENERGY_MONITOR_001,19.51,62.21,6,2.44,219.94,0.01,ok
2025-12-10T11:50:05.332Z,ESP32_ENERGY_MONITOR_001,19.32,60.28,6,2.35,221.31,0.01,ok
2025-12-10T11:55:05.332Z,ESP32_ENERGY_MONITOR_001,20.95,58.00,6,2.11,222.09,0.01,ok
2025-12-10T12:00:05.332Z,ESP32_ENERGY_MONITOR_001,19.26,61.59,5,2.45,217.87,0.01,ok
2025-12-10T12:05:05.332Z,ESP32_ENERGY_MONITOR_001,18.69,63.13,3,1.88,222.27,0.01,ok
2025-12-10T12:10:05.332Z,ESP32_ENERGY_MONITOR_001,17.47,63.36,3,2.17,216.67,0.01,ok
2025-12-10T12:15:05.332Z,ESP32_ENERGY_MONITOR_001,17.85,62.89,0,2.22,222.47,0.01,ok
2025-12-10T12:20:05.332Z,ESP32_ENERGY_MONITOR_001,17.78,65.57,1,1.86,223.01,0.01,ok
2025-12-10T12:25:05.332Z,ESP32_ENERGY_MONITOR_001,18.38,63.11,6,2.29,219.19,0.01,ok
2025-12-10T12:30:05.332Z,ESP32_ENERGY_MONITOR_001,17.75,62.13,7,2.47,218.39,0.01,ok
2025-12-10T12:35:05.332Z,ESP32_ENERGY_MONITOR_001,18.98,63.90,5,2.35,215.27,0.01,ok
2025-12-10T12:40:05.332Z,ESP32_ENERGY_MONITOR_001,18.71,64.28,9,2.47,217.14,0.01,ok
2025-12-10T12:45:05.332Z,ESP32_ENERGY_MONITOR_001,18.81,65.95,3,2.00,218.11,0.01,ok
2025-12-10T12:50:05.332Z,ESP32_ENERGY_MONITOR_001,17.51,62.90,4,2.05,215.49,0.01,ok
2025-12-10T12:55:05.332Z,ESP32_ENERGY_MONITOR_001,18.50,65.14,7,2.06,221.95,0.01,ok
2025-12-10T13:00:05.332Z,ESP32_ENERGY_MONITOR_001,17.53,66.00,0,2.17,217.57,0.01,ok
2025-12-10T13:05:05.332Z,ESP32_ENERGY_MONITOR_001,17.41,69.55,5,2.04,216.23,0.01,ok
2025-12-10T13:10:05.332Z,ESP32_ENERGY_MONITOR_001,17.50,65.57,5,2.28,223.48,0.01,ok
2025-12-10T13:15:05.332Z,ESP32_ENERGY_MONITOR_001,17.54,66.63,4,2.32,219.80,0.01,ok
2025-12-10T13:20:05.332Z,ESP32_ENERGY_MONITOR_001,16.56,65.52,1,1.82,219.13,0.01,ok
2025-12-10T13:25:05.332Z,ESP32_ENERGY_MONITOR_001,16.57,66.72,5,1.96,217.44,0.01,ok
2025-12-10T13:30:05.332Z,ESP32_ENERGY_MONITOR_001,16.11,65.77,9,2.56,218.00,0.01,ok
2025-12-10T13:35:05.332Z,ESP32_ENERGY_MONITOR_001,16.61,68.83,3,2.34,217.31,0.01,ok
2025-12-10T13:40:05.332Z,ESP32_ENERGY_MONITOR_001,17.80,68.00,7,2.08,220.73,0.01,ok
2025-12-10T13:45:05.332Z,ESP32_ENERGY_MONITOR_001,17.03,65.43,0,1.93,219.76,0.01,ok
2025-12-10T13:50:05.332Z,ESP32_ENERGY_MONITOR_001,16.52,68.42,1,1.83,217.70,0.01,ok
2025-12-10T13:55:05.332Z,ESP32_ENERGY_MONITOR_001,16.81,68.16,8,2.40,222.41,0.01,ok
2025-12-10T14:00:05.332Z,ESP32_ENERGY_MONITOR_001,15.40,70.61,5,2.11,222.27,0.01,ok
2025-12-10T14:05:05.332Z,ESP32_ENERGY_MONITOR_001,16.39,69.63,3,1.88,216.82,0.01,ok
2025-12-10T14:10:05.332Z,ESP32_ENERGY_MONITOR_001,16.32,68.43,2,2.32,217.27,0.01,ok
2025-12-10T14:15:05.332Z,ESP32_ENERGY_MONITOR_001,15.73,71.09,6,2.32,223.90,0.01,ok
2025-12-10T14:20:05.332Z,ESP32_ENERGY_MONITOR_001,16.28,71.32,3,2.36,222.73,0.01,ok
2025-12-10T14:25:05.332Z,ESP32_ENERGY_MONITOR_001,16.34,71.50,6,2.40,221.20,0.01,ok
2025-12-10T14:30:05.332Z,ESP32_ENERGY_MONITOR_001,16.17,69.02,9,2.26,223.14,0.01,ok
2025-12-10T14:35:05.332Z,ESP32_ENERGY_MONITOR_001,15.12,69.92,1,2.14,219.20,0.01,ok
2025-12-10T14:40:05.332Z,ESP32_ENERGY_MONITOR_001,15.77,71.37,1,1.84,215.44,0.01,ok
2025-12-10T14:45:05.332Z,ESP32_ENERGY_MONITOR_001,15.03,69.07,9,2.39,215.68,0.01,ok
2025-12-10T14:50:05.332Z,ESP32_ENERGY_MONITOR_001,16.72,69.92,4,2.39,222.35,0.01,ok
2025-12-10T14:55:05.332Z,ESP32_ENERGY_MONITOR_001,14.77,69.27,5,2.17,222.22,0.01,ok
2025-12-10T15:00:05.332Z,ESP32_ENERGY_MONITOR_001,14.15,71.59,5,2.15,223.25,0.01,ok
2025-12-10T15:05:05.332Z,ESP32_ENERGY_MONITOR_001,14.96,72.39,6,2.05,221.49,0.01,ok
2025-12-10T15:10:05.332Z,ESP32_ENERGY_MONITOR_001,14.06,70.51,1,1.97,218.33,0.01,ok
2025-12-10T15:15:05.332Z,ESP32_ENERGY_MONITOR_001,14.51,72.12,7,2.42,215.36,0.01,ok
2025-12-10T15:20:05.332Z,ESP32_ENERGY_MONITOR_001,14.60,71.92,1,1.91,223.81,0.01,ok
2025-12-10T15:25:05.332Z,ESP32_ENERGY_MONITOR_001,15.18,74.88,9,2.60,216.96,0.01,ok
2025-12-10T15:30:05.332Z,ESP32_ENERGY_MONITOR_001,14.01,71.20,6,2.36,223.80,0.01,ok
2025-12-10T15:35:05.332Z,ESP32_ENERGY_MONITOR_001,13.83,73.88,9,2.34,221.62,0.01,ok
2025-12-10T15:40:05.332Z,ESP32_ENERGY_MONITOR_001,15.73,70.73,5,1.96,219.48,0.01,ok
2025-12-10T15:45:05.332Z,ESP32_ENERGY_MONITOR_001,14.09,73.14,6,2.39,215.22,0.01,ok
2025-12-10T15:50:05.332Z,ESP32_ENERGY_MONITOR_001,15.42,73.04,5,2.31,220.48,0.01,ok
2025-12-10T15:55:05.332Z,ESP32_ENERGY_MONITOR_001,13.92,72.79,8,2.40,219.05,0.01,ok
2025-12-10T16:00:05.332Z,ESP32_ENERGY_MONITOR_001,15.04,76.04,0,2.11,224.79,0.01,ok
2025-12-10T16:05:05.332Z,ESP32_ENERGY_MONITOR_001,14.00,73.31,3,2.26,220.03,0.01,ok
2025-12-10T16:10:05.332Z,ESP32_ENERGY_MONITOR_001,14.35,74.34,2,2.24,222.16,0.01,ok
2025-12-10T16:15:05.332Z,ESP32_ENERGY_MONITOR_001,14.29,75.10,1,2.22,215.79,0.01,ok
2025-12-10T16:20:05.332Z,ESP32_ENERGY_MONITOR_001,14.65,76.44,8,2.30,216.15,0.01,ok
2025-12-10T16:25:05.332Z,ESP32_ENERGY_MONITOR_001,14.65,72.62,2,1.92,221.56,0.01,ok
2025-12-10T16:30:05.332Z,ESP32_ENERGY_MONITOR_001,13.83,75.98,4,2.05,217.69,0.01,ok
2025-12-10T16:35:05.332Z,ESP32_ENERGY_MONITOR_001,13.37,72.80,3,2.25,221.20,0.01,ok
2025-12-10T16:40:05.332Z,ESP32_ENERGY_MONITOR_001,14.89,73.55,7,2.33,222.62,0.01,ok
2025-12-10T16:45:05.332Z,ESP32_ENERGY_MONITOR_001,14.78,73.48,8,2.38,224.17,0.01,ok
2025-12-10T16:50:05.332Z,ESP32_ENERGY_MONITOR_001,14.86,73.49,1,2.03,223.03,0.01,ok
2025-12-10T16:55:05.332Z,ESP32_ENERGY_MONITOR_001,15.10,74.46,2,2.14,218.07,0.01,ok
2025-12-10T17:00:05.332Z,ESP32_ENERGY_MONITOR_001,14.12,76.78,5,2.12,222.96,0.01,ok
2025-12-10T17:05:05.332Z,ESP32_ENERGY_MONITOR_001,14.20,74.51,9,2.19,219.13,0.01,ok
2025-12-10T17:10:05.332Z,ESP32_ENERGY_MONITOR_001,14.00,74.34,6,2.46,215.38,0.01,ok
2025-12-10T17:15:05.332Z,ESP32_ENERGY_MONITOR_001,13.38,72.71,2,1.98,215.24,0.01,ok
2025-12-10T17:20:05.332Z,ESP32_ENERGY_MONITOR_001,13.89,74.95,0,2.14,219.09,0.01,ok
2025-12-10T17:25:05.332Z,ESP32_ENERGY_MONITOR_001,13.44,72.65,8,2.41,216.65,0.01,ok
2025-12-10T17:30:05.332Z,ESP32_ENERGY_MONITOR_001,14.57,73.34,7,2.04,218.58,0.01,ok
2025-12-10T17:35:05.332Z,ESP32_ENERGY_MONITOR_001,14.85,73.74,7,2.05,217.96,0.01,ok
2025-12-10T17:40:05.332Z,ESP32_ENERGY_MONITOR_001,14.11,72.89,3,2.16,218.95,0.01,ok
2025-12-10T17:45:05.332Z,ESP32_ENERGY_MONITOR_001,14.95,75.95,5,2.21,224.03,0.01,ok
2025-12-10T17:50:05.332Z,ESP32_ENERGY_MONITOR_001,13.27,73.82,2,2.32,222.44,0.01,ok
2025-12-10T17:55:05.332Z,ESP32_ENERGY_MONITOR_001,14.10,73.38,1,2.26,224.16,0.01,ok
2025-12-10T18:00:05.332Z,ESP32_ENERGY_MONITOR_001,13.76,75.54,2,2.22,222.26,0.01,ok
2025-12-10T18:05:05.332Z,ESP32_ENERGY_MONITOR_001,15.10,73.34,9,2.60,215.34,0.01,ok
2025-12-10T18:10:05.332Z,ESP32_ENERGY_MONITOR_001,13.93,72.60,2,2.30,221.32,0.01,ok
2025-12-10T18:15:05.332Z,ESP32_ENERGY_MONITOR_001,13.88,75.79,4,2.32,217.86,0.01,ok
2025-12-10T18:20:05.332Z,ESP32_ENERGY_MONITOR_001,13.63,73.38,4,2.17,217.94,0.01,ok
2025-12-10T18:25:05.332Z,ESP32_ENERGY_MONITOR_001,13.39,73.00,7,2.42,216.25,0.01,ok
2025-12-10T18:30:05.332Z,ESP32_ENERGY_MONITOR_001,14.66,76.77,7,2.07,218.20,0.01,ok
2025-12-10T18:35:05.332Z,ESP32_ENERGY_MONITOR_001,13.32,73.46,2,2.28,218.53,0.01,ok
2025-12-10T18:40:05.332Z,ESP32_ENERGY_MONITOR_001,14.04,76.41,1,2.08,221.13,0.01,ok
2025-12-10T18:45:05.332Z,ESP32_ENERGY_MONITOR_001,13.83,73.87,5,2.32,223.00,0.01,ok
2025-12-10T18:50:05.332Z,ESP32_ENERGY_MONITOR_001,14.97,75.73,6,2.35,221.57,0.01,ok
2025-12-10T18:55:05.332Z,ESP32_ENERGY_MONITOR_001,13.51,73.43,9,2.15,224.99,0.01,ok
2025-12-10T19:00:05.332Z,ESP32_ENERGY_MONITOR_001,14.98,74.84,8,2.35,217.37,0.01,ok
2025-12-10T19:05:05.332Z,ESP32_ENERGY_MONITOR_001,14.75,70.52,9,2.28,222.05,0.01,ok
2025-12-10T19:10:05.332Z,ESP32_ENERGY_MONITOR_001,14.51,75.05,6,2.05,223.52,0.01,ok
2025-12-10T19:15:05.332Z,ESP32_ENERGY_MONITOR_001,15.43,73.74,8,2.19,215.46,0.01,ok
2025-12-10T19:20:05.332Z,ESP32_ENERGY_MONITOR_001,14.41,74.21,9,2.20,217.18,0.01,ok
2025-12-10T19:25:05.332Z,ESP32_ENERGY_MONITOR_001,15.15,71.10,0,1.89,224.49,0.01,ok
2025-12-10T19:30:05.332Z,ESP32_ENERGY_MONITOR_001,14.06,74.60,3,1.94,217.89,0.01,ok
2025-12-10T19:35:05.332Z,ESP32_ENERGY_MONITOR_001,15.57,73.36,7,2.26,222.95,0.01,ok
2025-12-10T19:40:05.332Z,ESP32_ENERGY_MONITOR_001,15.64,70.89,8,2.33,223.52,0.01,ok
2025-12-10T19:45:05.332Z,ESP32_ENERGY_MONITOR_001,15.11,71.74,1,2.02,221.63,0.01,ok
2025-12-10T19:50:05.332Z,ESP32_ENERGY_MONITOR_001,15.08,71.41,2,2.05,224.20,0.01,ok
2025-12-10T19:55:05.332Z,ESP32_ENERGY_MONITOR_001,15.55,72.78,9,2.21,221.52,0.01,ok
2025-12-10T20:00:05.332Z,ESP32_ENERGY_MONITOR_001,16.55,73.08,3,2.08,224.31,0.01,ok
2025-12-10T20:05:05.332Z,ESP32_ENERGY_MONITOR_001,14.76,70.57,7,2.38,218.99,0.01,ok
2025-12-10T20:10:05.332Z,ESP32_ENERGY_MONITOR_001,15.48,68.74,1,1.96,218.54,0.01,ok
2025-12-10T20:15:05.332Z,ESP32_ENERGY_MONITOR_001,15.47,71.65,1,2.00,224.48,0.01,ok
2025-12-10T20:20:05.332Z,ESP32_ENERGY_MONITOR_001,16.07,71.27,4,2.16,224.68,0.01,ok
2025-12-10T20:25:05.332Z,ESP32_ENERGY_MONITOR_001,16.30,70.37,9,2.31,222.23,0.01,ok
2025-12-10T20:30:05.332Z,ESP32_ENERGY_MONITOR_001,16.13,72.37,6,2.32,218.34,0.01,ok
2025-12-10T20:35:05.332Z,ESP32_ENERGY_MONITOR_001,15.90,71.85,2,1.97,217.50,0.01,ok
2025-12-10T20:40:05.332Z,ESP32_ENERGY_MONITOR_001,16.13,72.14,7,2.35,217.43,0.01,ok
2025-12-10T20:45:05.332Z,ESP32_ENERGY_MONITOR_001,14.97,70.43,0,2.25,224.60,0.01,ok
2025-12-10T20:50:05.332Z,ESP32_ENERGY_MONITOR_001,15.51,72.25,7,2.09,219.17,0.01,ok
2025-12-10T20:55:05.332Z,ESP32_ENERGY_MONITOR_001,16.58,71.19,7,2.19,219.78,0.01,ok
2025-12-10T21:00:05.332Z,ESP32_ENERGY_MONITOR_001,16.76,68.79,0,1.90,218.52,0.01,ok
2025-12-10T21:05:05.332Z,ESP32_ENERGY_MONITOR_001,16.10,68.61,7,2.28,216.25,0.01,ok
2025-12-10T21:10:05.332Z,ESP32_ENERGY_MONITOR_001,16.18,66.74,8,2.47,221.54,0.01,ok
2025-12-10T21:15:05.332Z,ESP32_ENERGY_MONITOR_001,17.81,66.79,2,2.26,217.44,0.01,ok
2025-12-10T21:20:05.332Z,ESP32_ENERGY_MONITOR_001,16.36,65.13,8,2.31,216.12,0.01,ok
2025-12-10T21:25:05.332Z,ESP32_ENERGY_MONITOR_001,16.07,69.43,5,2.32,217.20,0.01,ok
2025-12-10T21:30:05.332Z,ESP32_ENERGY_MONITOR_001,16.52,66.10,4,2.15,217.92,0.01,ok
2025-12-10T21:35:05.332Z,ESP32_ENERGY_MONITOR_001,16.13,66.15,3,2.06,223.63,0.01,ok
2025-12-10T21:40:05.332Z,ESP32_ENERGY_MONITOR_001,16.77,69.85,8,2.56,221.56,0.01,ok
2025-12-10T21:45:05.332Z,ESP32_ENERGY_MONITOR_001,16.53,65.38,6,2.30,215.61,0.01,ok
2025-12-10T21:50:05.332Z,ESP32_ENERGY_MONITOR_001,17.77,66.80,5,2.02,216.41,0.01,ok
2025-12-10T21:55:05.332Z,ESP32_ENERGY_MONITOR_001,17.33,67.26,0,1.86,218.58,0.01,ok
2025-12-10T22:00:05.332Z,ESP32_ENERGY_MONITOR_001,18.81,65.47,1,1.91,223.34,0.01,ok
2025-12-10T22:05:05.332Z,ESP32_ENERGY_MONITOR_001,18.02,61.51,1,2.09,217.49,0.01,ok
2025-12-10T22:10:05.332Z,ESP32_ENERGY_MONITOR_001,19.23,61.93,8,2.16,221.64,0.01,ok
2025-12-10T22:15:05.332Z,ESP32_ENERGY_MONITOR_001,18.52,65.61,6,2.19,219.94,0.01,ok
2025-12-10T22:20:05.332Z,ESP32_ENERGY_MONITOR_001,18.04,62.57,7,2.38,216.58,0.01,ok
2025-12-10T22:25:05.332Z,ESP32_ENERGY_MONITOR_001,18.68,62.51,5,2.26,223.18,0.01,ok
2025-12-10T22:30:05.332Z,ESP32_ENERGY_MONITOR_001,17.73,61.71,9,2.24,215.80,0.01,ok
2025-12-10T22:35:05.332Z,ESP32_ENERGY_MONITOR_001,17.57,61.85,7,2.29,223.62,0.01,ok
2025-12-10T22:40:05.332Z,ESP32_ENERGY_MONITOR_001,19.16,62.65,8,2.36,222.65,0.01,ok
2025-12-10T22:45:05.332Z,ESP32_ENERGY_MONITOR_001,18.32,62.14,9,2.23,219.72,0.01,ok
2025-12-10T22:50:05.332Z,ESP32_ENERGY_MONITOR_001,18.73,65.03,7,2.20,224.45,0.01,ok
2025-12-10T22:55:05.332Z,ESP32_ENERGY_MONITOR_001,17.52,65.62,6,2.34,224.55,0.01,ok
2025-12-10T23:00:05.332Z,ESP32_ENERGY_MONITOR_001,19.85,60.15,1,1.90,224.43,0.01,ok
2025-12-10T23:05:05.332Z,ESP32_ENERGY_MONITOR_001,20.14,57.72,8,2.51,223.17,0.01,ok
2025-12-10T23:10:05.332Z,ESP32_ENERGY_MONITOR_001,20.03,57.70,2,1.86,224.40,0.01,ok
2025-12-10T23:15:05.332Z,ESP32_ENERGY_MONITOR_001,20.37,58.46,0,1.90,218.57,0.01,ok
2025-12-10T23:20:05.332Z,ESP32_ENERGY_MONITOR_001,20.73,58.39,6,2.45,223.67,0.01,ok
2025-12-10T23:25:05.332Z,ESP32_ENERGY_MONITOR_001,20.29,60.21,2,2.09,221.50,0.01,ok
2025-12-10T23:30:05.332Z,ESP32_ENERGY_MONITOR_001,19.23,59.86,0,2.17,215.52,0.01,ok
2025-12-10T23:35:05.332Z,ESP32_ENERGY_MONITOR_001,20.14,61.80,4,1.95,218.08,0.01,ok
2025-12-10T23:40:05.332Z,ESP32_ENERGY_MONITOR_001,19.57,60.67,3,1.91,218.67,0.01,ok
2025-12-10T23:45:05.332Z,ESP32_ENERGY_MONITOR_001,20.41,60.45,6,2.34,219.10,0.01,ok
2025-12-10T23:50:05.332Z,ESP32_ENERGY_MONITOR_001,19.58,61.62,8,2.39,218.85,0.01,ok
2025-12-10T23:55:05.332Z,ESP32_ENERGY_MONITOR_001,19.06,60.74,3,2.33,217.47,0.01,ok
2025-12-11T00:00:05.332Z,ESP32_ENERGY_MONITOR_001,22.04,55.20,0,2.18,219.81,0.01,ok
2025-12-11T00:05:05.332Z,ESP32_ENERGY_MONITOR_001,21.08,57.66,5,1.98,223.47,0.01,ok
2025-12-11T00:10:05.332Z,ESP32_ENERGY_MONITOR_001,20.73,56.33,8,2.55,216.70,0.01,ok
2025-12-11T00:15:05.332Z,ESP32_ENERGY_MONITOR_001,21.55,54.79,8,2.23,224.25,0.01,ok
2025-12-11T00:20:05.332Z,ESP32_ENERGY_MONITOR_001,21.91,58.46,5,2.03,218.54,0.01,ok
2025-12-11T00:25:05.332Z,ESP32_ENERGY_MONITOR_001,21.60,56.02,3,2.23,224.24,0.01,ok
2025-12-11T00:30:05.332Z,ESP32_ENERGY_MONITOR_001,21.61,58.15,3,2.26,218.64,0.01,ok
2025-12-11T00:35:05.332Z,ESP32_ENERGY_MONITOR_001,20.59,53.98,0,2.24,223.58,0.01,ok
2025-12-11T00:40:05.332Z,ESP32_ENERGY_MONITOR_001,21.20,54.53,8,2.54,220.69,0.01,ok
2025-12-11T00:45:05.332Z,ESP32_ENERGY_MONITOR_001,20.80,57.04,2,1.84,216.31,0.01,ok
2025-12-11T00:50:05.332Z,ESP32_ENERGY_MONITOR_001,21.47,55.92,2,2.10,224.02,0.01,ok
2025-12-11T00:55:05.332Z,ESP32_ENERGY_MONITOR_001,21.59,54.63,1,2.11,216.32,0.01,ok
2025-12-11T01:00:05.332Z,ESP32_ENERGY_MONITOR_001,23.45,54.86,17,2.54,224.99,0.01,ok
2025-12-11T01:05:05.332Z,ESP32_ENERGY_MONITOR_001,22.16,53.06,17,2.91,223.17,0.01,ok
2025-12-11T01:10:05.332Z,ESP32_ENERGY_MONITOR_001,23.15,50.84,24,2.96,221.00,0.01,ok
2025-12-11T01:15:05.332Z,ESP32_ENERGY_MONITOR_001,23.53,50.96,19,2.95,219.40,0.01,ok
2025-12-11T01:20:05.332Z,ESP32_ENERGY_MONITOR_001,22.08,54.51,20,2.85,216.97,0.01,ok
2025-12-11T01:25:05.332Z,ESP32_ENERGY_MONITOR_001,22.20,53.76,15,2.65,221.61,0.01,ok
2025-12-11T01:30:05.332Z,ESP32_ENERGY_MONITOR_001,23.67,52.85,20,2.96,218.87,0.01,ok
2025-12-11T01:35:05.332Z,ESP32_ENERGY_MONITOR_001,23.28,54.51,23,2.82,219.69,0.01,ok
2025-12-11T01:40:05.332Z,ESP32_ENERGY_MONITOR_001,22.01,50.64,24,3.08,221.29,0.01,ok
2025-12-11T01:45:05.332Z,ESP32_ENERGY_MONITOR_001,22.13,52.69,23,2.68,215.49,0.01,ok
2025-12-11T01:50:05.332Z,ESP32_ENERGY_MONITOR_001,23.65,51.08,22,2.84,221.45,0.01,ok
2025-12-11T01:55:05.332Z,ESP32_ENERGY_MONITOR_001,22.97,52.28,22,2.98,223.24,0.01,ok
2025-12-11T02:00:05.332Z,ESP32_ENERGY_MONITOR_001,24.93,48.27,26,3.08,215.35,0.01,ok
2025-12-11T02:05:05.332Z,ESP32_ENERGY_MONITOR_001,24.56,49.74,20,3.09,221.29,0.01,ok
2025-12-11T02:10:05.332Z,ESP32_ENERGY_MONITOR_001,23.95,47.85,29,3.30,221.58,0.01,ok
2025-12-11T02:15:05.332Z,ESP32_ENERGY_MONITOR_001,23.62,48.63,26,3.22,220.82,0.01,ok
2025-12-11T02:20:05.332Z,ESP32_ENERGY_MONITOR_001,24.01,48.17,20,2.67,219.87,0.01,ok
2025-12-11T02:25:05.332Z,ESP32_ENERGY_MONITOR_001,24.78,48.04,24,3.25,224.25,0.01,ok
2025-12-11T02:30:05.332Z,ESP32_ENERGY_MONITOR_001,23.56,51.39,26,2.91,216.67,0.01,ok
2025-12-11T02:35:05.332Z,ESP32_ENERGY_MONITOR_001,25.16,49.96,21,3.42,222.87,0.02,ok
2025-12-11T02:40:05.332Z,ESP32_ENERGY_MONITOR_001,25.06,50.10,27,3.63,223.79,0.02,ok
2025-12-11T02:45:05.332Z,ESP32_ENERGY_MONITOR_001,24.75,47.86,21,2.87,221.06,0.01,ok
2025-12-11T02:50:05.332Z,ESP32_ENERGY_MONITOR_001,24.08,51.29,20,3.01,220.15,0.01,ok
2025-12-11T02:55:05.332Z,ESP32_ENERGY_MONITOR_001,23.70,47.15,22,2.86,222.37,0.01,ok
2025-12-11T03:00:05.332Z,ESP32_ENERGY_MONITOR_001,25.99,47.32,26,3.41,219.05,0.02,ok
2025-12-11T03:05:05.332Z,ESP32_ENERGY_MONITOR_001,26.19,47.72,31,4.11,224.13,0.02,ok
2025-12-11T03:10:05.332Z,ESP32_ENERGY_MONITOR_001,25.27,46.88,24,3.41,220.27,0.02,ok
2025-12-11T03:15:05.332Z,ESP32_ENERGY_MONITOR_001,25.20,46.40,24,3.09,217.12,0.01,ok
2025-12-11T03:20:05.332Z,ESP32_ENERGY_MONITOR_001,24.55,44.96,32,3.52,218.08,0.02,ok
2025-12-11T03:25:05.332Z,ESP32_ENERGY_MONITOR_001,24.23,44.78,28,3.23,220.32,0.01,ok
2025-12-11T03:30:05.332Z,ESP32_ENERGY_MONITOR_001,24.42,44.90,29,3.35,222.50,0.02,ok
2025-12-11T03:35:05.332Z,ESP32_ENERGY_MONITOR_001,24.30,47.08,30,3.20,222.87,0.01,ok
2025-12-11T03:40:05.332Z,ESP32_ENERGY_MONITOR_001,24.38,49.02,30,3.25,215.88,0.01,ok
2025-12-11T03:45:05.332Z,ESP32_ENERGY_MONITOR_001,24.39,48.14,32,3.24,222.69,0.01,ok
2025-12-11T03:50:05.332Z,ESP32_ENERGY_MONITOR_001,25.26,44.63,28,3.42,220.90,0.02,ok
2025-12-11T03:55:05.332Z,ESP32_ENERGY_MONITOR_001,25.24,45.38,30,3.69,220.73,0.02,ok
2025-12-11T04:00:05.332Z,ESP32_ENERGY_MONITOR_001,26.20,45.83,30,3.74,221.39,0.02,ok
2025-12-11T04:05:05.332Z,ESP32_ENERGY_MONITOR_001,26.58,47.47,27,3.83,216.50,0.02,ok
2025-12-11T04:10:05.332Z,ESP32_ENERGY_MONITOR_001,25.76,44.00,28,3.40,219.68,0.02,ok
2025-12-11T04:15:05.332Z,ESP32_ENERGY_MONITOR_001,26.28,44.65,32,3.73,217.40,0.02,ok
2025-12-11T04:20:05.332Z,ESP32_ENERGY_MONITOR_001,24.99,47.45,30,3.53,221.70,0.02,ok
2025-12-11T04:25:05.332Z,ESP32_ENERGY_MONITOR_001,24.88,43.51,30,3.69,221.87,0.02,ok
2025-12-11T04:30:05.332Z,ESP32_ENERGY_MONITOR_001,25.10,45.13,31,3.44,215.64,0.02,ok
2025-12-11T04:35:05.332Z,ESP32_ENERGY_MONITOR_001,25.72,43.25,31,3.82,221.24,0.02,ok
2025-12-11T04:40:05.332Z,ESP32_ENERGY_MONITOR_001,25.80,44.47,29,3.82,215.58,0.02,ok
2025-12-11T04:45:05.332Z,ESP32_ENERGY_MONITOR_001,26.04,44.77,30,3.65,218.39,0.02,ok
2025-12-11T04:50:05.332Z,ESP32_ENERGY_MONITOR_001,25.77,46.11,36,4.18,222.68,0.02,ok
2025-12-11T04:55:05.332Z,ESP32_ENERGY_MONITOR_001,26.35,47.26,29,3.68,215.33,0.02,ok
2025-12-11T05:00:05.332Z,ESP32_ENERGY_MONITOR_001,25.37,45.67,29,3.72,218.30,0.02,ok
2025-12-11T05:05:05.332Z,ESP32_ENERGY_MONITOR_001,25.43,43.77,37,4.04,220.63,0.02,ok
2025-12-11T05:10:05.332Z,ESP32_ENERGY_MONITOR_001,26.96,47.04,33,4.07,220.10,0.02,ok
2025-12-11T05:15:05.332Z,ESP32_ENERGY_MONITOR_001,25.57,45.25,29,3.70,222.54,0.02,ok
2025-12-11T05:20:05.332Z,ESP32_ENERGY_MONITOR_001,26.24,42.69,34,3.93,224.44,0.02,ok
2025-12-11T05:25:05.332Z,ESP32_ENERGY_MONITOR_001,25.42,46.53,38,4.12,216.16,0.02,ok
2025-12-11T05:30:05.332Z,ESP32_ENERGY_MONITOR_001,25.36,43.57,32,3.85,216.22,0.02,ok
2025-12-11T05:35:05.332Z,ESP32_ENERGY_MONITOR_001,26.50,43.74,34,4.02,216.37,0.02,ok
2025-12-11T05:40:05.332Z,ESP32_ENERGY_MONITOR_001,25.58,45.32,36,4.11,219.48,0.02,ok
2025-12-11T05:45:05.332Z,ESP32_ENERGY_MONITOR_001,26.54,47.29,32,4.08,220.62,0.02,ok
2025-12-11T05:50:05.332Z,ESP32_ENERGY_MONITOR_001,25.15,44.80,35,3.89,224.46,0.02,ok
2025-12-11T05:55:05.332Z,ESP32_ENERGY_MONITOR_001,26.32,43.60,31,3.80,219.17,0.02,ok
2025-12-11T06:00:05.332Z,ESP32_ENERGY_MONITOR_001,25.05,47.93,36,3.64,221.28,0.02,ok
2025-12-11T06:05:05.332Z,ESP32_ENERGY_MONITOR_001,26.21,47.29,32,3.88,215.83,0.02,ok
2025-12-11T06:10:05.332Z,ESP32_ENERGY_MONITOR_001,25.40,44.99,37,3.69,223.14,0.02,ok
2025-12-11T06:15:05.332Z,ESP32_ENERGY_MONITOR_001,26.51,47.50,29,3.74,222.06,0.02,ok
2025-12-11T06:20:05.332Z,ESP32_ENERGY_MONITOR_001,25.91,46.05,38,4.00,215.44,0.02,ok
2025-12-11T06:25:05.332Z,ESP32_ENERGY_MONITOR_001,26.32,43.13,30,3.72,223.79,0.02,ok
2025-12-11T06:30:05.332Z,ESP32_ENERGY_MONITOR_001,25.04,44.51,34,3.75,215.17,0.02,ok
2025-12-11T06:35:05.332Z,ESP32_ENERGY_MONITOR_001,26.09,45.71,35,4.16,222.97,0.02,ok
2025-12-11T06:40:05.332Z,ESP32_ENERGY_MONITOR_001,26.77,46.03,31,4.00,220.94,0.02,ok
2025-12-11T06:45:05.332Z,ESP32_ENERGY_MONITOR_001,25.45,44.63,30,3.71,221.62,0.02,ok
2025-12-11T06:50:05.332Z,ESP32_ENERGY_MONITOR_001,25.40,47.35,32,3.51,218.60,0.02,ok
2025-12-11T06:55:05.332Z,ESP32_ENERGY_MONITOR_001,25.43,45.19,34,3.87,224.95,0.02,ok
2025-12-11T07:00:05.332Z,ESP32_ENERGY_MONITOR_001,25.54,48.95,31,3.65,217.30,0.02,ok
2025-12-11T07:05:05.332Z,ESP32_ENERGY_MONITOR_001,26.17,48.51,36,4.10,221.32,0.02,ok
2025-12-11T07:10:05.332Z,ESP32_ENERGY_MONITOR_001,25.33,45.56,29,3.48,222.89,0.02,ok
2025-12-11T07:15:05.332Z,ESP32_ENERGY_MONITOR_001,25.50,46.68,31,3.81,215.45,0.02,ok
2025-12-11T07:20:05.332Z,ESP32_ENERGY_MONITOR_001,25.86,44.60,31,3.60,220.49,0.02,ok
2025-12-11T07:25:05.332Z,ESP32_ENERGY_MONITOR_001,24.59,48.05,27,3.14,221.50,0.01,ok
2025-12-11T07:30:05.332Z,ESP32_ENERGY_MONITOR_001,25.60,48.22,30,3.59,219.68,0.02,ok
2025-12-11T07:35:05.332Z,ESP32_ENERGY_MONITOR_001,24.45,48.89,28,3.17,224.14,0.01,ok
2025-12-11T07:40:05.332Z,ESP32_ENERGY_MONITOR_001,25.70,45.02,29,3.48,221.96,0.02,ok
2025-12-11T07:45:05.332Z,ESP32_ENERGY_MONITOR_001,24.30,49.22,30,3.16,224.73,0.01,ok
2025-12-11T07:50:05.332Z,ESP32_ENERGY_MONITOR_001,24.50,48.07,29,3.50,216.92,0.02,ok
2025-12-11T07:55:05.332Z,ESP32_ENERGY_MONITOR_001,24.91,46.28,35,3.65,219.10,0.02,ok
2025-12-11T08:00:05.332Z,ESP32_ENERGY_MONITOR_001,24.00,50.07,25,3.12,216.17,0.01,ok
2025-12-11T08:05:05.332Z,ESP32_ENERGY_MONITOR_001,24.08,51.54,25,3.01,221.52,0.01,ok
2025-12-11T08:10:05.332Z,ESP32_ENERGY_MONITOR_001,24.95,50.75,33,3.83,218.53,0.02,ok
2025-12-11T08:15:05.332Z,ESP32_ENERGY_MONITOR_001,23.32,50.68,26,3.03,220.42,0.01,ok
2025-12-11T08:20:05.332Z,ESP32_ENERGY_MONITOR_001,25.00,48.75,31,3.34,221.25,0.02,ok
2025-12-11T08:25:05.332Z,ESP32_ENERGY_MONITOR_001,23.78,47.08,30,3.21,216.17,0.01,ok
2025-12-11T08:30:05.332Z,ESP32_ENERGY_MONITOR_001,23.33,47.02,28,2.99,223.73,0.01,ok
2025-12-11T08:35:05.332Z,ESP32_ENERGY_MONITOR_001,23.56,48.58,28,3.20,215.11,0.01,ok
2025-12-11T08:40:05.332Z,ESP32_ENERGY_MONITOR_001,24.58,48.45,33,3.30,215.68,0.01,ok
2025-12-11T08:45:05.332Z,ESP32_ENERGY_MONITOR_001,25.02,48.49,30,3.46,215.89,0.02,ok
2025-12-11T08:50:05.332Z,ESP32_ENERGY_MONITOR_001,23.84,51.35,26,2.89,224.48,0.01,ok
2025-12-11T08:55:05.332Z,ESP32_ENERGY_MONITOR_001,23.35,49.26,32,3.27,216.23,0.01,ok
2025-12-11T09:00:05.332Z,ESP32_ENERGY_MONITOR_001,22.79,53.74,29,3.14,217.10,0.01,ok
2025-12-11T09:05:05.332Z,ESP32_ENERGY_MONITOR_001,22.98,53.36,22,2.67,215.38,0.01,ok
2025-12-11T09:10:05.332Z,ESP32_ENERGY_MONITOR_001,23.35,50.54,23,2.69,215.60,0.01,ok
2025-12-11T09:15:05.332Z,ESP32_ENERGY_MONITOR_001,23.69,52.86,27,3.09,221.20,0.01,ok
2025-12-11T09:20:05.332Z,ESP32_ENERGY_MONITOR_001,23.11,52.92,20,2.74,215.87,0.01,ok
2025-12-11T09:25:05.332Z,ESP32_ENERGY_MONITOR_001,22.98,53.39,23,2.78,221.47,0.01,ok
2025-12-11T09:30:05.332Z,ESP32_ENERGY_MONITOR_001,22.48,52.71,23,2.94,219.86,0.01,ok
2025-12-11T09:35:05.332Z,ESP32_ENERGY_MONITOR_001,23.34,53.34,27,2.92,217.83,0.01,ok
2025-12-11T09:40:05.332Z,ESP32_ENERGY_MONITOR_001,23.54,54.59,27,3.28,217.07,0.01,ok
2025-12-11T09:45:05.332Z,ESP32_ENERGY_MONITOR_001,23.70,50.09,22,2.86,219.98,0.01,ok
2025-12-11T09:50:05.332Z,ESP32_ENERGY_MONITOR_001,22.23,50.64,22,2.89,219.07,0.01,ok
2025-12-11T09:55:05.332Z,ESP32_ENERGY_MONITOR_001,23.33,50.36,26,3.27,217.48,0.01,ok
2025-12-11T10:00:05.332Z,ESP32_ENERGY_MONITOR_001,21.35,57.55,22,2.78,223.25,0.01,ok
2025-12-11T10:05:05.332Z,ESP32_ENERGY_MONITOR_001,20.88,57.98,23,2.96,220.35,0.01,ok
2025-12-11T10:10:05.332Z,ESP32_ENERGY_MONITOR_001,21.87,55.39,17,2.57,218.93,0.01,ok
2025-12-11T10:15:05.332Z,ESP32_ENERGY_MONITOR_001,20.84,54.14,21,2.98,216.29,0.01,ok
2025-12-11T10:20:05.332Z,ESP32_ENERGY_MONITOR_001,22.15,58.02,19,2.96,220.95,0.01,ok
2025-12-11T10:25:05.332Z,ESP32_ENERGY_MONITOR_001,20.74,58.03,23,3.04,217.01,0.01,ok
2025-12-11T10:30:05.332Z,ESP32_ENERGY_MONITOR_001,22.53,54.43,20,2.58,224.57,0.01,ok
2025-12-11T10:35:05.332Z,ESP32_ENERGY_MONITOR_001,21.20,57.67,21,3.05,221.81,0.01,ok
2025-12-11T10:40:05.332Z,ESP32_ENERGY_MONITOR_001,22.45,55.96,24,3.08,219.24,0.01,ok
2025-12-11T10:45:05.332Z,ESP32_ENERGY_MONITOR_001,22.35,58.56,22,2.74,223.79,0.01,ok
2025-12-11T10:50:05.332Z,ESP32_ENERGY_MONITOR_001,21.14,53.80,19,2.80,215.83,0.01,ok
2025-12-11T10:55:05.332Z,ESP32_ENERGY_MONITOR_001,21.06,54.83,21,3.03,222.50,0.01,ok
2025-12-11T11:00:05.332Z,ESP32_ENERGY_MONITOR_001,19.55,58.49,9,2.58,219.52,0.01,ok
2025-12-11T11:05:05.332Z,ESP32_ENERGY_MONITOR_001,19.89,59.10,4,2.16,220.35,0.01,ok
2025-12-11T11:10:05.332Z,ESP32_ENERGY_MONITOR_001,19.95,58.77,3,2.17,224.84,0.01,ok
2025-12-11T11:15:05.332Z,ESP32_ENERGY_MONITOR_001,20.05,62.16,1,1.85,218.08,0.01,ok
2025-12-11T11:20:05.332Z,ESP32_ENERGY_MONITOR_001,20.37,57.93,5,2.40,216.41,0.01,ok
2025-12-11T11:25:05.332Z,ESP32_ENERGY_MONITOR_001,19.10,61.97,5,2.03,219.75,0.01,ok
2025-12-11T11:30:05.332Z,ESP32_ENERGY_MONITOR_001,19.95,60.19,1,2.05,223.77,0.01,ok
2025-12-11T11:35:05.332Z,ESP32_ENERGY_MONITOR_001,19.59,61.75,4,2.33,216.72,0.01,ok
2025-12-11T11:40:05.332Z,ESP32_ENERGY_MONITOR_001,19.86,60.11,1,2.26,222.94,0.01,ok
2025-12-11T11:45:05.332Z,ESP32_ENERGY_MONITOR_001,19.90,61.69,7,2.13,215.02,0.01,ok
2025-12-11T11:50:05.332Z,ESP32_ENERGY_MONITOR_001,19.98,58.09,6,2.09,216.27,0.01,ok
2025-12-11T11:55:05.332Z,ESP32_ENERGY_MONITOR_001,19.19,61.58,7,2.25,224.07,0.01,ok
2025-12-11T12:00:05.332Z,ESP32_ENERGY_MONITOR_001,17.76,63.28,4,2.19,220.74,0.01,ok
2025-12-11T12:05:05.332Z,ESP32_ENERGY_MONITOR_001,18.83,64.52,5,2.30,218.88,0.01,ok
2025-12-11T12:10:05.332Z,ESP32_ENERGY_MONITOR_001,17.79,62.79,7,2.25,215.02,0.01,ok
2025-12-11T12:15:05.332Z,ESP32_ENERGY_MONITOR_001,17.90,63.33,4,2.13,219.20,0.01,ok
2025-12-11T12:20:05.332Z,ESP32_ENERGY_MONITOR_001,18.52,64.41,9,2.27,216.91,0.01,ok
2025-12-11T12:25:05.332Z,ESP32_ENERGY_MONITOR_001,18.20,65.26,4,2.14,219.57,0.01,ok
2025-12-11T12:30:05.332Z,ESP32_ENERGY_MONITOR_001,19.36,62.04,1,2.08,215.36,0.01,ok
2025-12-11T12:35:05.332Z,ESP32_ENERGY_MONITOR_001,17.73,63.65,6,2.12,224.89,0.01,ok
2025-12-11T12:40:05.332Z,ESP32_ENERGY_MONITOR_001,18.01,65.12,6,2.24,223.81,0.01,ok
2025-12-11T12:45:05.332Z,ESP32_ENERGY_MONITOR_001,19.04,65.60,2,1.89,223.31,0.01,ok
2025-12-11T12:50:05.332Z,ESP32_ENERGY_MONITOR_001,17.98,61.42,6,2.32,220.22,0.01,ok
2025-12-11T12:55:05.332Z,ESP32_ENERGY_MONITOR_001,17.72,66.00,6,2.44,222.97,0.01,ok
2025-12-11T13:00:05.332Z,ESP32_ENERGY_MONITOR_001,16.97,68.85,2,2.11,219.57,0.01,ok
2025-12-11T13:05:05.332Z,ESP32_ENERGY_MONITOR_001,16.84,65.35,9,2.19,217.83,0.01,ok
2025-12-11T13:10:05.332Z,ESP32_ENERGY_MONITOR_001,16.40,68.98,6,2.34,218.75,0.01,ok
2025-12-11T13:15:05.332Z,ESP32_ENERGY_MONITOR_001,17.96,65.57,8,2.48,224.63,0.01,ok
2025-12-11T13:20:05.332Z,ESP32_ENERGY_MONITOR_001,16.81,67.74,5,2.41,216.83,0.01,ok
2025-12-11T13:25:05.332Z,ESP32_ENERGY_MONITOR_001,16.83,66.41,3,2.09,219.34,0.01,ok
2025-12-11T13:30:05.332Z,ESP32_ENERGY_MONITOR_001,16.33,65.84,8,2.48,217.86,0.01,ok
2025-12-11T13:35:05.332Z,ESP32_ENERGY_MONITOR_001,17.67,66.57,4,2.26,218.61,0.01,ok
2025-12-11T13:40:05.332Z,ESP32_ENERGY_MONITOR_001,17.56,67.28,9,2.21,224.45,0.01,ok
2025-12-11T13:45:05.332Z,ESP32_ENERGY_MONITOR_001,16.19,69.67,5,2.42,224.20,0.01,ok
2025-12-11T13:50:05.332Z,ESP32_ENERGY_MONITOR_001,16.03,65.97,0,2.00,218.54,0.01,ok
2025-12-11T13:55:05.332Z,ESP32_ENERGY_MONITOR_001,17.40,67.30,3,1.98,222.54,0.01,ok
2025-12-11T14:00:05.332Z,ESP32_ENERGY_MONITOR_001,15.84,72.75,6,2.14,215.30,0.01,ok
2025-12-11T14:05:05.332Z,ESP32_ENERGY_MONITOR_001,15.29,72.33,5,2.26,221.29,0.01,ok
2025-12-11T14:10:05.332Z,ESP32_ENERGY_MONITOR_001,15.36,68.18,1,2.15,217.54,0.01,ok
2025-12-11T14:15:05.332Z,ESP32_ENERGY_MONITOR_001,15.59,72.35,5,2.04,220.45,0.01,ok
2025-12-11T14:20:05.332Z,ESP32_ENERGY_MONITOR_001,15.67,68.93,2,1.99,224.19,0.01,ok
2025-12-11T14:25:05.332Z,ESP32_ENERGY_MONITOR_001,15.82,68.28,7,2.45,217.14,0.01,ok
2025-12-11T14:30:05.332Z,ESP32_ENERGY_MONITOR_001,15.23,72.04,2,2.14,216.52,0.01,ok
2025-12-11T14:35:05.332Z,ESP32_ENERGY_MONITOR_001,15.17,68.49,8,2.25,222.95,0.01,ok
2025-12-11T14:40:05.332Z,ESP32_ENERGY_MONITOR_001,15.22,72.62,8,2.51,218.64,0.01,ok
2025-12-11T14:45:05.332Z,ESP32_ENERGY_MONITOR_001,16.56,70.95,7,2.27,220.71,0.01,ok
2025-12-11T14:50:05.332Z,ESP32_ENERGY_MONITOR_001,15.02,69.80,4,2.37,222.36,0.01,ok
2025-12-11T14:55:05.332Z,ESP32_ENERGY_MONITOR_001,16.51,70.43,9,2.40,223.46,0.01,ok
2025-12-11T15:00:05.332Z,ESP32_ENERGY_MONITOR_001,15.47,75.11,9,2.52,220.20,0.01,ok
2025-12-11T15:05:05.332Z,ESP32_ENERGY_MONITOR_001,15.61,70.52,8,2.11,223.93,0.01,ok
2025-12-11T15:10:05.332Z,ESP32_ENERGY_MONITOR_001,13.93,72.82,7,2.13,224.57,0.01,ok
2025-12-11T15:15:05.332Z,ESP32_ENERGY_MONITOR_001,14.72,70.79,7,2.45,221.71,0.01,ok
2025-12-11T15:20:05.332Z,ESP32_ENERGY_MONITOR_001,15.30,72.12,0,2.19,218.31,0.01,ok
2025-12-11T15:25:05.332Z,ESP32_ENERGY_MONITOR_001,15.57,70.81,4,2.29,223.62,0.01,ok
2025-12-11T15:30:05.332Z,ESP32_ENERGY_MONITOR_001,14.36,73.53,1,1.93,219.31,0.01,ok
2025-12-11T15:35:05.332Z,ESP32_ENERGY_MONITOR_001,14.46,73.51,1,1.83,224.30,0.01,ok
2025-12-11T15:40:05.332Z,ESP32_ENERGY_MONITOR_001,15.18,73.09,5,2.36,221.30,0.01,ok
2025-12-11T15:45:05.332Z,ESP32_ENERGY_MONITOR_001,15.37,72.65,7,2.31,224.66,0.01,ok
2025-12-11T15:50:05.332Z,ESP32_ENERGY_MONITOR_001,14.16,71.69,0,1.79,220.42,0.01,ok
2025-12-11T15:55:05.332Z,ESP32_ENERGY_MONITOR_001,14.43,75.41,9,2.55,222.06,0.01,ok
2025-12-11T16:00:05.332Z,ESP32_ENERGY_MONITOR_001,13.97,75.84,7,2.24,218.70,0.01,ok
2025-12-11T16:05:05.332Z,ESP32_ENERGY_MONITOR_001,14.18,74.42,9,2.21,216.07,0.01,ok
2025-12-11T16:10:05.332Z,ESP32_ENERGY_MONITOR_001,14.81,73.41,9,2.17,224.88,0.01,ok
2025-12-11T16:15:05.332Z,ESP32_ENERGY_MONITOR_001,14.22,73.72,9,2.53,217.22,0.01,ok
2025-12-11T16:20:05.332Z,ESP32_ENERGY_MONITOR_001,13.33,76.91,7,2.45,218.36,0.01,ok
2025-12-11T16:25:05.332Z,ESP32_ENERGY_MONITOR_001,14.68,72.55,9,2.55,224.05,0.01,ok
2025-12-11T16:30:05.332Z,ESP32_ENERGY_MONITOR_001,13.90,75.97,2,1.94,215.79,0.01,ok
2025-12-11T16:35:05.332Z,ESP32_ENERGY_MONITOR_001,14.91,73.78,5,2.38,222.64,0.01,ok
2025-12-11T16:40:05.332Z,ESP32_ENERGY_MONITOR_001,13.59,73.95,1,2.16,217.42,0.01,ok
2025-12-11T16:45:05.332Z,ESP32_ENERGY_MONITOR_001,15.09,74.16,7,2.26,218.57,0.01,ok
2025-12-11T16:50:05.332Z,ESP32_ENERGY_MONITOR_001,13.59,74.28,6,2.34,216.86,0.01,ok
2025-12-11T16:55:05.332Z,ESP32_ENERGY_MONITOR_001,14.11,75.03,6,2.00,223.27,0.01,ok
2025-12-11T17:00:05.332Z,ESP32_ENERGY_MONITOR_001,14.17,75.90,7,2.45,219.24,0.01,ok
2025-12-11T17:05:05.332Z,ESP32_ENERGY_MONITOR_001,13.67,72.64,8,2.40,215.70,0.01,ok
2025-12-11T17:10:05.332Z,ESP32_ENERGY_MONITOR_001,14.21,76.89,3,1.98,215.53,0.01,ok
2025-12-11T17:15:05.332Z,ESP32_ENERGY_MONITOR_001,13.53,77.16,6,2.40,218.99,0.01,ok
2025-12-11T17:20:05.332Z,ESP32_ENERGY_MONITOR_001,13.04,75.80,3,2.25,218.11,0.01,ok
2025-12-11T17:25:05.332Z,ESP32_ENERGY_MONITOR_001,13.16,73.96,5,2.12,218.78,0.01,ok
2025-12-11T17:30:05.332Z,ESP32_ENERGY_MONITOR_001,13.95,76.34,3,2.09,223.96,0.01,ok
2025-12-11T17:35:05.332Z,ESP32_ENERGY_MONITOR_001,13.10,74.40,1,1.85,219.08,0.01,ok
2025-12-11T17:40:05.332Z,ESP32_ENERGY_MONITOR_001,13.44,75.30,7,2.20,217.34,0.01,ok
2025-12-11T17:45:05.332Z,ESP32_ENERGY_MONITOR_001,14.19,75.77,1,2.11,216.91,0.01,ok
2025-12-11T17:50:05.332Z,ESP32_ENERGY_MONITOR_001,13.43,74.59,1,1.85,221.79,0.01,ok
2025-12-11T17:55:05.332Z,ESP32_ENERGY_MONITOR_001,13.92,76.57,9,2.45,216.10,0.01,ok
2025-12-11T18:00:05.332Z,ESP32_ENERGY_MONITOR_001,14.29,73.87,3,2.29,215.90,0.01,ok
2025-12-11T18:05:05.332Z,ESP32_ENERGY_MONITOR_001,13.33,72.98,9,2.25,222.70,0.01,ok
2025-12-11T18:10:05.332Z,ESP32_ENERGY_MONITOR_001,14.56,74.62,1,1.98,224.51,0.01,ok
2025-12-11T18:15:05.332Z,ESP32_ENERGY_MONITOR_001,14.23,75.03,4,2.37,221.68,0.01,ok
2025-12-11T18:20:05.332Z,ESP32_ENERGY_MONITOR_001,14.66,75.61,7,2.44,222.96,0.01,ok
2025-12-11T18:25:05.332Z,ESP32_ENERGY_MONITOR_001,14.67,75.42,5,2.18,224.44,0.01,ok
2025-12-11T18:30:05.332Z,ESP32_ENERGY_MONITOR_001,13.65,74.69,2,1.85,216.43,0.01,ok
2025-12-11T18:35:05.332Z,ESP32_ENERGY_MONITOR_001,15.03,75.50,0,1.92,220.76,0.01,ok
2025-12-11T18:40:05.332Z,ESP32_ENERGY_MONITOR_001,13.26,74.41,9,2.36,222.31,0.01,ok
2025-12-11T18:45:05.332Z,ESP32_ENERGY_MONITOR_001,15.15,74.92,6,2.23,224.30,0.01,ok
2025-12-11T18:50:05.332Z,ESP32_ENERGY_MONITOR_001,13.31,75.46,7,2.42,222.79,0.01,ok
2025-12-11T18:55:05.332Z,ESP32_ENERGY_MONITOR_001,13.31,76.34,6,2.40,220.61,0.01,ok
2025-12-11T19:00:05.332Z,ESP32_ENERGY_MONITOR_001,14.81,73.52,7,2.26,219.45,0.01,ok
2025-12-11T19:05:05.332Z,ESP32_ENERGY_MONITOR_001,14.45,73.88,3,2.20,222.00,0.01,ok
2025-12-11T19:10:05.332Z,ESP32_ENERGY_MONITOR_001,15.41,72.95,6,2.36,215.77,0.01,ok
2025-12-11T19:15:05.332Z,ESP32_ENERGY_MONITOR_001,15.10,74.24,6,2.42,217.13,0.01,ok
2025-12-11T19:20:05.332Z,ESP32_ENERGY_MONITOR_001,15.03,74.87,2,1.89,218.33,0.01,ok
2025-12-11T19:25:05.332Z,ESP32_ENERGY_MONITOR_001,13.83,72.77,5,2.19,215.43,0.01,ok
2025-12-11T19:30:05.332Z,ESP32_ENERGY_MONITOR_001,15.12,73.56,9,2.60,223.02,0.01,ok
2025-12-11T19:35:05.332Z,ESP32_ENERGY_MONITOR_001,15.17,72.59,7,2.31,223.94,0.01,ok
2025-12-11T19:40:05.332Z,ESP32_ENERGY_MONITOR_001,14.61,71.79,0,2.20,219.46,0.01,ok
2025-12-11T19:45:05.332Z,ESP32_ENERGY_MONITOR_001,14.14,73.44,2,2.06,223.36,0.01,ok
2025-12-11T19:50:05.332Z,ESP32_ENERGY_MONITOR_001,15.43,73.13,2,1.83,219.93,0.01,ok
2025-12-11T19:55:05.332Z,ESP32_ENERGY_MONITOR_001,15.77,73.90,0,1.99,220.37,0.01,ok
2025-12-11T20:00:05.332Z,ESP32_ENERGY_MONITOR_001,16.63,71.07,1,2.28,216.87,0.01,ok
2025-12-11T20:05:05.332Z,ESP32_ENERGY_MONITOR_001,16.42,70.87,4,1.95,221.46,0.01,ok
2025-12-11T20:10:05.332Z,ESP32_ENERGY_MONITOR_001,16.73,69.75,9,2.46,220.13,0.01,ok
2025-12-11T20:15:05.332Z,ESP32_ENERGY_MONITOR_001,15.34,71.02,4,2.37,216.76,0.01,ok
2025-12-11T20:20:05.332Z,ESP32_ENERGY_MONITOR_001,15.66,69.73,2,2.29,216.28,0.01,ok
2025-12-11T20:25:05.332Z,ESP32_ENERGY_MONITOR_001,16.54,70.91,4,2.26,219.03,0.01,ok
2025-12-11T20:30:05.332Z,ESP32_ENERGY_MONITOR_001,15.57,68.31,1,1.91,219.96,0.01,ok
2025-12-11T20:35:05.332Z,ESP32_ENERGY_MONITOR_001,15.24,69.44,2,2.01,216.20,0.01,ok
2025-12-11T20:40:05.332Z,ESP32_ENERGY_MONITOR_001,14.83,72.48,2,2.05,223.35,0.01,ok
2025-12-11T20:45:05.332Z,ESP32_ENERGY_MONITOR_001,15.20,72.14,3,1.89,216.06,0.01,ok
2025-12-11T20:50:05.332Z,ESP32_ENERGY_MONITOR_001,15.08,71.26,5,2.29,219.44,0.01,ok
2025-12-11T20:55:05.332Z,ESP32_ENERGY_MONITOR_001,15.69,69.02,3,2.23,224.03,0.01,ok
2025-12-11T21:00:05.332Z,ESP32_ENERGY_MONITOR_001,16.22,67.05,6,2.34,219.99,0.01,ok
2025-12-11T21:05:05.332Z,ESP32_ENERGY_MONITOR_001,17.08,66.36,8,2.28,222.00,0.01,ok
2025-12-11T21:10:05.332Z,ESP32_ENERGY_MONITOR_001,16.47,67.25,4,2.14,222.66,0.01,ok
2025-12-11T21:15:05.332Z,ESP32_ENERGY_MONITOR_001,16.07,68.36,3,2.21,215.34,0.01,ok
2025-12-11T21:20:05.332Z,ESP32_ENERGY_MONITOR_001,17.16,67.61,0,2.24,219.60,0.01,ok
2025-12-11T21:25:05.332Z,ESP32_ENERGY_MONITOR_001,17.82,67.92,5,2.12,219.67,0.01,ok
2025-12-11T21:30:05.332Z,ESP32_ENERGY_MONITOR_001,16.55,68.54,2,2.15,222.69,0.01,ok
2025-12-11T21:35:05.332Z,ESP32_ENERGY_MONITOR_001,17.72,68.53,9,2.22,220.15,0.01,ok
2025-12-11T21:40:05.332Z,ESP32_ENERGY_MONITOR_001,16.85,65.61,0,1.78,224.44,0.01,ok
2025-12-11T21:45:05.332Z,ESP32_ENERGY_MONITOR_001,17.34,68.13,2,2.15,223.39,0.01,ok
2025-12-11T21:50:05.332Z,ESP32_ENERGY_MONITOR_001,16.74,69.97,1,1.80,221.55,0.01,ok
2025-12-11T21:55:05.332Z,ESP32_ENERGY_MONITOR_001,17.87,65.78,0,1.84,215.44,0.01,ok
2025-12-11T22:00:05.332Z,ESP32_ENERGY_MONITOR_001,19.29,63.69,6,2.47,221.33,0.01,ok
2025-12-11T22:05:05.332Z,ESP32_ENERGY_MONITOR_001,18.30,66.12,4,1.92,215.09,0.01,ok
2025-12-11T22:10:05.332Z,ESP32_ENERGY_MONITOR_001,18.59,63.79,9,2.43,216.14,0.01,ok
2025-12-11T22:15:05.332Z,ESP32_ENERGY_MONITOR_001,18.42,61.66,5,2.15,220.51,0.01,ok
2025-12-11T22:20:05.332Z,ESP32_ENERGY_MONITOR_001,17.87,62.77,5,2.45,217.77,0.01,ok
2025-12-11T22:25:05.332Z,ESP32_ENERGY_MONITOR_001,18.81,63.29,7,2.38,217.26,0.01,ok
2025-12-11T22:30:05.332Z,ESP32_ENERGY_MONITOR_001,18.21,65.71,4,2.39,216.60,0.01,ok
2025-12-11T22:35:05.332Z,ESP32_ENERGY_MONITOR_001,17.85,63.73,0,2.03,223.41,0.01,ok
2025-12-11T22:40:05.332Z,ESP32_ENERGY_MONITOR_001,17.82,64.75,1,1.87,223.33,0.01,ok
2025-12-11T22:45:05.332Z,ESP32_ENERGY_MONITOR_001,18.87,65.00,0,1.90,224.36,0.01,ok
2025-12-11T22:50:05.332Z,ESP32_ENERGY_MONITOR_001,18.34,63.15,3,1.96,217.25,0.01,ok
2025-12-11T22:55:05.332Z,ESP32_ENERGY_MONITOR_001,19.05,64.70,8,2.43,220.50,0.01,ok
2025-12-11T23:00:05.332Z,ESP32_ENERGY_MONITOR_001,20.90,58.84,5,2.05,218.53,0.01,ok
2025-12-11T23:05:05.332Z,ESP32_ENERGY_MONITOR_001,19.15,60.28,9,2.52,215.94,0.01,ok
2025-12-11T23:10:05.332Z,ESP32_ENERGY_MONITOR_001,19.57,61.71,5,2.38,221.50,0.01,ok
2025-12-11T23:15:05.332Z,ESP32_ENERGY_MONITOR_001,19.19,59.72,3,2.13,223.05,0.01,ok
2025-12-11T23:20:05.332Z,ESP32_ENERGY_MONITOR_001,19.59,59.70,5,2.01,219.65,0.01,ok
2025-12-11T23:25:05.332Z,ESP32_ENERGY_MONITOR_001,20.12,60.87,9,2.46,220.90,0.01,ok
2025-12-11T23:30:05.332Z,ESP32_ENERGY_MONITOR_001,20.81,60.39,1,1.98,223.99,0.01,ok
2025-12-11T23:35:05.332Z,ESP32_ENERGY_MONITOR_001,19.31,60.40,5,2.43,221.26,0.01,ok
2025-12-11T23:40:05.332Z,ESP32_ENERGY_MONITOR_001,19.85,61.21,6,2.38,224.45,0.01,ok
2025-12-11T23:45:05.332Z,ESP32_ENERGY_MONITOR_001,20.83,62.30,9,2.50,224.52,0.01,ok
2025-12-11T23:50:05.332Z,ESP32_ENERGY_MONITOR_001,19.70,57.53,4,2.10,221.47,0.01,ok
2025-12-11T23:55:05.332Z,ESP32_ENERGY_MONITOR_001,19.45,60.14,3,2.23,220.63,0.01,ok
2025-12-12T00:00:05.332Z,ESP32_ENERGY_MONITOR_001,21.45,56.97,1,2.19,224.46,0.01,ok
2025-12-12T00:05:05.332Z,ESP32_ENERGY_MONITOR_001,22.30,55.00,8,2.52,219.80,0.01,ok
2025-12-12T00:10:05.332Z,ESP32_ENERGY_MONITOR_001,20.61,57.88,0,1.92,219.03,0.01,ok
2025-12-12T00:15:05.332Z,ESP32_ENERGY_MONITOR_001,22.17,54.54,0,1.75,217.34,0.01,ok
2025-12-12T00:20:05.332Z,ESP32_ENERGY_MONITOR_001,22.00,53.79,4,2.06,219.92,0.01,ok
2025-12-12T00:25:05.332Z,ESP32_ENERGY_MONITOR_001,21.68,58.30,2,2.32,221.09,0.01,ok
2025-12-12T00:30:05.332Z,ESP32_ENERGY_MONITOR_001,20.82,55.10,0,2.15,222.55,0.01,ok
2025-12-12T00:35:05.332Z,ESP32_ENERGY_MONITOR_001,21.10,55.75,1,2.04,215.04,0.01,ok
2025-12-12T00:40:05.332Z,ESP32_ENERGY_MONITOR_001,21.15,54.74,5,2.43,223.74,0.01,ok
2025-12-12T00:45:05.332Z,ESP32_ENERGY_MONITOR_001,20.94,56.63,0,1.85,223.92,0.01,ok
2025-12-12T00:50:05.332Z,ESP32_ENERGY_MONITOR_001,22.22,58.33,2,1.97,218.00,0.01,ok
2025-12-12T00:55:05.332Z,ESP32_ENERGY_MONITOR_001,21.83,55.89,6,2.39,216.76,0.01,ok
2025-12-12T01:00:05.332Z,ESP32_ENERGY_MONITOR_001,22.50,51.73,15,2.52,224.12,0.01,ok
2025-12-12T01:05:05.332Z,ESP32_ENERGY_MONITOR_001,23.60,51.75,15,2.72,217.50,0.01,ok
2025-12-12T01:10:05.332Z,ESP32_ENERGY_MONITOR_001,22.73,53.68,16,2.78,220.60,0.01,ok
2025-12-12T01:15:05.332Z,ESP32_ENERGY_MONITOR_001,22.74,54.03,20,2.75,215.14,0.01,ok
2025-12-12T01:20:05.332Z,ESP32_ENERGY_MONITOR_001,23.52,50.58,22,2.93,215.28,0.01,ok
2025-12-12T01:25:05.332Z,ESP32_ENERGY_MONITOR_001,22.39,51.58,23,2.90,219.99,0.01,ok
2025-12-12T01:30:05.332Z,ESP32_ENERGY_MONITOR_001,22.02,54.01,18,2.64,221.96,0.01,ok
2025-12-12T01:35:05.332Z,ESP32_ENERGY_MONITOR_001,23.83,53.49,20,2.87,216.07,0.01,ok
2025-12-12T01:40:05.332Z,ESP32_ENERGY_MONITOR_001,23.59,53.35,17,2.74,223.43,0.01,ok
2025-12-12T01:45:05.332Z,ESP32_ENERGY_MONITOR_001,22.06,54.27,21,2.82,221.97,0.01,ok
2025-12-12T01:50:05.332Z,ESP32_ENERGY_MONITOR_001,23.55,54.43,17,2.56,224.84,0.01,ok
2025-12-12T01:55:05.332Z,ESP32_ENERGY_MONITOR_001,23.95,50.96,22,2.77,219.18,0.01,ok
2025-12-12T02:00:05.332Z,ESP32_ENERGY_MONITOR_001,24.64,51.85,24,3.28,215.74,0.01,ok
2025-12-12T02:05:05.332Z,ESP32_ENERGY_MONITOR_001,23.50,49.82,23,2.98,223.32,0.01,ok
2025-12-12T02:10:05.332Z,ESP32_ENERGY_MONITOR_001,24.90,51.22,20,2.94,220.63,0.01,ok
2025-12-12T02:15:05.332Z,ESP32_ENERGY_MONITOR_001,25.07,47.23,23,3.39,220.64,0.02,ok
2025-12-12T02:20:05.332Z,ESP32_ENERGY_MONITOR_001,23.80,47.45,29,3.30,224.20,0.01,ok
2025-12-12T02:25:05.332Z,ESP32_ENERGY_MONITOR_001,23.63,48.03,25,2.86,215.96,0.01,ok
2025-12-12T02:30:05.332Z,ESP32_ENERGY_MONITOR_001,23.88,48.88,21,2.80,224.22,0.01,ok
2025-12-12T02:35:05.332Z,ESP32_ENERGY_MONITOR_001,24.40,49.04,20,2.86,216.66,0.01,ok
2025-12-12T02:40:05.332Z,ESP32_ENERGY_MONITOR_001,23.51,51.82,24,2.82,216.17,0.01,ok
2025-12-12T02:45:05.332Z,ESP32_ENERGY_MONITOR_001,23.53,50.32,28,3.31,217.97,0.02,ok
2025-12-12T02:50:05.332Z,ESP32_ENERGY_MONITOR_001,23.83,49.35,28,3.00,224.28,0.01,ok
2025-12-12T02:55:05.332Z,ESP32_ENERGY_MONITOR_001,24.62,50.61,22,3.23,224.23,0.01,ok
2025-12-12T03:00:05.332Z,ESP32_ENERGY_MONITOR_001,24.59,48.28,26,3.40,219.24,0.02,ok
2025-12-12T03:05:05.332Z,ESP32_ENERGY_MONITOR_001,24.31,48.16,27,3.19,222.89,0.01,ok
2025-12-12T03:10:05.332Z,ESP32_ENERGY_MONITOR_001,24.82,45.51,31,3.52,224.45,0.02,ok
2025-12-12T03:15:05.332Z,ESP32_ENERGY_MONITOR_001,25.51,46.80,30,3.61,216.05,0.02,ok
2025-12-12T03:20:05.332Z,ESP32_ENERGY_MONITOR_001,25.71,47.13,33,3.90,218.10,0.02,ok
2025-12-12T03:25:05.332Z,ESP32_ENERGY_MONITOR_001,25.59,46.77,26,3.28,217.73,0.01,ok
2025-12-12T03:30:05.332Z,ESP32_ENERGY_MONITOR_001,25.30,44.93,28,3.27,219.21,0.01,ok
2025-12-12T03:35:05.332Z,ESP32_ENERGY_MONITOR_001,24.36,47.83,28,3.15,217.94,0.01,ok
2025-12-12T03:40:05.332Z,ESP32_ENERGY_MONITOR_001,26.16,45.83,27,3.85,224.13,0.02,ok
2025-12-12T03:45:05.332Z,ESP32_ENERGY_MONITOR_001,24.60,47.45,27,3.02,220.84,0.01,ok
2025-12-12T03:50:05.332Z,ESP32_ENERGY_MONITOR_001,24.22,48.70,33,3.26,221.46,0.01,ok
2025-12-12T03:55:05.332Z,ESP32_ENERGY_MONITOR_001,25.39,48.66,30,3.69,217.96,0.02,ok
2025-12-12T04:00:05.332Z,ESP32_ENERGY_MONITOR_001,25.57,43.55,28,3.48,223.71,0.02,ok
2025-12-12T04:05:05.332Z,ESP32_ENERGY_MONITOR_001,26.47,46.78,29,3.83,216.22,0.02,ok
2025-12-12T04:10:05.332Z,ESP32_ENERGY_MONITOR_001,26.06,47.24,31,3.65,223.85,0.02,ok
2025-12-12T04:15:05.332Z,ESP32_ENERGY_MONITOR_001,25.52,46.83,35,4.06,224.19,0.02,ok
2025-12-12T04:20:05.332Z,ESP32_ENERGY_MONITOR_001,25.28,44.32,30,3.45,217.85,0.02,ok
2025-12-12T04:25:05.332Z,ESP32_ENERGY_MONITOR_001,25.56,46.49,32,3.54,224.53,0.02,ok
2025-12-12T04:30:05.332Z,ESP32_ENERGY_MONITOR_001,25.67,47.11,35,3.90,218.86,0.02,ok
2025-12-12T04:35:05.332Z,ESP32_ENERGY_MONITOR_001,26.71,44.47,33,4.35,224.93,0.02,ok
2025-12-12T04:40:05.332Z,ESP32_ENERGY_MONITOR_001,26.40,44.22,33,4.04,224.11,0.02,ok
2025-12-12T04:45:05.332Z,ESP32_ENERGY_MONITOR_001,25.43,46.09,30,3.62,218.95,0.02,ok
2025-12-12T04:50:05.332Z,ESP32_ENERGY_MONITOR_001,25.76,47.82,30,3.92,219.65,0.02,ok
2025-12-12T04:55:05.332Z,ESP32_ENERGY_MONITOR_001,26.70,46.80,30,3.89,221.36,0.02,ok
2025-12-12T05:00:05.332Z,ESP32_ENERGY_MONITOR_001,26.89,43.50,34,4.00,220.99,0.02,ok
2025-12-12T05:05:05.332Z,ESP32_ENERGY_MONITOR_001,25.99,43.41,38,4.08,217.35,0.02,ok
2025-12-12T05:10:05.332Z,ESP32_ENERGY_MONITOR_001,25.17,46.44,33,3.45,222.19,0.02,ok
2025-12-12T05:15:05.332Z,ESP32_ENERGY_MONITOR_001,26.05,42.82,37,4.19,219.33,0.02,ok
2025-12-12T05:20:05.332Z,ESP32_ENERGY_MONITOR_001,25.32,44.59,38,3.98,216.61,0.02,ok
2025-12-12T05:25:05.332Z,ESP32_ENERGY_MONITOR_001,26.33,43.31,34,3.88,224.75,0.02,ok
2025-12-12T05:30:05.332Z,ESP32_ENERGY_MONITOR_001,26.89,46.38,37,4.21,217.10,0.02,ok
2025-12-12T05:35:05.332Z,ESP32_ENERGY_MONITOR_001,26.22,46.98,33,3.90,221.93,0.02,ok
2025-12-12T05:40:05.332Z,ESP32_ENERGY_MONITOR_001,25.79,44.61,29,3.84,218.10,0.02,ok
2025-12-12T05:45:05.332Z,ESP32_ENERGY_MONITOR_001,26.73,42.82,31,4.29,224.05,0.02,ok
2025-12-12T05:50:05.332Z,ESP32_ENERGY_MONITOR_001,26.01,45.60,38,4.04,219.60,0.02,ok
2025-12-12T05:55:05.332Z,ESP32_ENERGY_MONITOR_001,26.38,46.10,37,4.37,222.52,0.02,ok
2025-12-12T06:00:05.332Z,ESP32_ENERGY_MONITOR_001,25.41,45.52,31,3.61,221.00,0.02,ok
2025-12-12T06:05:05.332Z,ESP32_ENERGY_MONITOR_001,25.77,46.77,33,3.78,216.97,0.02,ok
2025-12-12T06:10:05.332Z,ESP32_ENERGY_MONITOR_001,24.82,43.25,36,3.64,215.01,0.02,ok
2025-12-12T06:15:05.332Z,ESP32_ENERGY_MONITOR_001,26.12,47.80,31,3.81,223.13,0.02,ok
2025-12-12T06:20:05.332Z,ESP32_ENERGY_MONITOR_001,26.35,44.75,31,4.04,222.50,0.02,ok
2025-12-12T06:25:05.332Z,ESP32_ENERGY_MONITOR_001,26.65,44.82,30,4.19,219.64,0.02,ok
2025-12-12T06:30:05.332Z,ESP32_ENERGY_MONITOR_001,25.31,44.88,36,3.81,219.99,0.02,ok
2025-12-12T06:35:05.332Z,ESP32_ENERGY_MONITOR_001,26.38,45.76,38,4.28,216.15,0.02,ok
2025-12-12T06:40:05.332Z,ESP32_ENERGY_MONITOR_001,24.82,43.39,30,3.65,221.97,0.02,ok
2025-12-12T06:45:05.332Z,ESP32_ENERGY_MONITOR_001,25.92,44.20,29,3.53,222.71,0.02,ok
2025-12-12T06:50:05.332Z,ESP32_ENERGY_MONITOR_001,25.60,46.48,37,4.15,216.21,0.02,ok
2025-12-12T06:55:05.332Z,ESP32_ENERGY_MONITOR_001,25.17,46.00,35,3.86,219.15,0.02,ok
2025-12-12T07:00:05.332Z,ESP32_ENERGY_MONITOR_001,24.64,48.12,36,3.84,217.54,0.02,ok
2025-12-12T07:05:05.332Z,ESP32_ENERGY_MONITOR_001,26.18,48.00,36,4.05,215.58,0.02,ok
2025-12-12T07:10:05.332Z,ESP32_ENERGY_MONITOR_001,25.90,47.73,27,3.85,220.67,0.02,ok
2025-12-12T07:15:05.332Z,ESP32_ENERGY_MONITOR_001,25.18,47.73,35,3.70,221.51,0.02,ok
2025-12-12T07:20:05.332Z,ESP32_ENERGY_MONITOR_001,24.58,48.06,36,3.65,218.58,0.02,ok
2025-12-12T07:25:05.332Z,ESP32_ENERGY_MONITOR_001,25.99,45.10,31,3.65,217.58,0.02,ok
2025-12-12T07:30:05.332Z,ESP32_ENERGY_MONITOR_001,24.27,46.52,31,3.43,220.36,0.02,ok
2025-12-12T07:35:05.332Z,ESP32_ENERGY_MONITOR_001,25.29,45.13,34,3.51,215.44,0.02,ok
2025-12-12T07:40:05.332Z,ESP32_ENERGY_MONITOR_001,24.52,44.64,34,3.66,216.66,0.02,ok
2025-12-12T07:45:05.332Z,ESP32_ENERGY_MONITOR_001,25.16,47.25,35,3.52,219.99,0.02,ok
2025-12-12T07:50:05.332Z,ESP32_ENERGY_MONITOR_001,26.12,47.47,33,3.88,215.93,0.02,ok
2025-12-12T07:55:05.332Z,ESP32_ENERGY_MONITOR_001,24.72,48.77,27,3.53,219.49,0.02,ok
2025-12-12T08:00:05.332Z,ESP32_ENERGY_MONITOR_001,24.96,48.49,32,3.65,217.88,0.02,ok
2025-12-12T08:05:05.332Z,ESP32_ENERGY_MONITOR_001,23.90,51.21,29,3.07,222.50,0.01,ok
2025-12-12T08:10:05.332Z,ESP32_ENERGY_MONITOR_001,23.71,51.14,29,3.21,218.50,0.01,ok
2025-12-12T08:15:05.332Z,ESP32_ENERGY_MONITOR_001,23.66,51.45,28,3.20,217.66,0.01,ok
2025-12-12T08:20:05.332Z,ESP32_ENERGY_MONITOR_001,23.40,49.74,33,3.13,220.21,0.01,ok
2025-12-12T08:25:05.332Z,ESP32_ENERGY_MONITOR_001,23.36,51.35,27,2.94,219.27,0.01,ok
2025-12-12T08:30:05.332Z,ESP32_ENERGY_MONITOR_001,23.31,48.16,31,3.32,219.55,0.02,ok
2025-12-12T08:35:05.332Z,ESP32_ENERGY_MONITOR_001,24.27,48.89,31,3.53,218.67,0.02,ok
2025-12-12T08:40:05.332Z,ESP32_ENERGY_MONITOR_001,24.43,49.35,32,3.54,223.75,0.02,ok
2025-12-12T08:45:05.332Z,ESP32_ENERGY_MONITOR_001,23.73,48.53,26,3.17,216.83,0.01,ok
2025-12-12T08:50:05.332Z,ESP32_ENERGY_MONITOR_001,24.43,48.43,31,3.38,216.53,0.02,ok
2025-12-12T08:55:05.332Z,ESP32_ENERGY_MONITOR_001,24.40,50.18,33,3.66,223.53,0.02,ok
2025-12-12T09:00:05.332Z,ESP32_ENERGY_MONITOR_001,23.06,51.98,28,2.98,215.56,0.01,ok
2025-12-12T09:05:05.332Z,ESP32_ENERGY_MONITOR_001,22.34,54.40,29,3.03,217.89,0.01,ok
2025-12-12T09:10:05.332Z,ESP32_ENERGY_MONITOR_001,23.23,50.68,25,2.81,221.76,0.01,ok
2025-12-12T09:15:05.332Z,ESP32_ENERGY_MONITOR_001,22.97,50.99,20,2.93,221.20,0.01,ok
2025-12-12T09:20:05.332Z,ESP32_ENERGY_MONITOR_001,23.39,54.66,21,2.76,224.21,0.01,ok
2025-12-12T09:25:05.332Z,ESP32_ENERGY_MONITOR_001,22.80,51.00,20,2.69,220.44,0.01,ok
2025-12-12T09:30:05.332Z,ESP32_ENERGY_MONITOR_001,23.48,53.06,29,3.11,217.74,0.01,ok
2025-12-12T09:35:05.332Z,ESP32_ENERGY_MONITOR_001,22.01,50.84,20,3.00,215.66,0.01,ok
2025-12-12T09:40:05.332Z,ESP32_ENERGY_MONITOR_001,23.05,51.57,28,2.91,215.02,0.01,ok
2025-12-12T09:45:05.332Z,ESP32_ENERGY_MONITOR_001,22.54,54.24,23,3.08,220.61,0.01,ok
2025-12-12T09:50:05.332Z,ESP32_ENERGY_MONITOR_001,23.30,50.65,20,2.90,217.21,0.01,ok
2025-12-12T09:55:05.332Z,ESP32_ENERGY_MONITOR_001,22.21,50.81,22,3.12,223.75,0.01,ok
2025-12-12T10:00:05.332Z,ESP32_ENERGY_MONITOR_001,21.03,54.66,24,3.18,221.85,0.01,ok
2025-12-12T10:05:05.332Z,ESP32_ENERGY_MONITOR_001,21.81,54.64,16,2.61,217.55,0.01,ok
2025-12-12T10:10:05.332Z,ESP32_ENERGY_MONITOR_001,22.10,54.27,17,2.61,223.93,0.01,ok
2025-12-12T10:15:05.332Z,ESP32_ENERGY_MONITOR_001,21.94,56.83,23,2.72,217.79,0.01,ok
2025-12-12T10:20:05.332Z,ESP32_ENERGY_MONITOR_001,21.95,53.77,15,2.74,215.23,0.01,ok
2025-12-12T10:25:05.332Z,ESP32_ENERGY_MONITOR_001,20.73,56.06,24,2.72,219.13,0.01,ok
2025-12-12T10:30:05.332Z,ESP32_ENERGY_MONITOR_001,20.95,55.72,24,2.81,215.88,0.01,ok
2025-12-12T10:35:05.332Z,ESP32_ENERGY_MONITOR_001,21.93,55.33,23,3.03,216.87,0.01,ok
2025-12-12T10:40:05.332Z,ESP32_ENERGY_MONITOR_001,22.24,54.58,17,2.70,223.34,0.01,ok
2025-12-12T10:45:05.332Z,ESP32_ENERGY_MONITOR_001,21.56,57.49,19,2.64,216.59,0.01,ok
2025-12-12T10:50:05.332Z,ESP32_ENERGY_MONITOR_001,22.47,54.31,18,2.51,220.06,0.01,ok
2025-12-12T10:55:05.332Z,ESP32_ENERGY_MONITOR_001,21.18,54.71,19,2.88,221.58,0.01,ok
2025-12-12T11:00:05.332Z,ESP32_ENERGY_MONITOR_001,19.40,61.94,0,2.13,223.82,0.01,ok
2025-12-12T11:05:05.332Z,ESP32_ENERGY_MONITOR_001,20.40,60.89,8,2.47,219.02,0.01,ok
2025-12-12T11:10:05.332Z,ESP32_ENERGY_MONITOR_001,20.18,61.54,3,2.26,222.46,0.01,ok
2025-12-12T11:15:05.332Z,ESP32_ENERGY_MONITOR_001,19.66,58.64,4,2.00,217.18,0.01,ok
2025-12-12T11:20:05.332Z,ESP32_ENERGY_MONITOR_001,19.79,57.71,6,2.24,217.41,0.01,ok
2025-12-12T11:25:05.332Z,ESP32_ENERGY_MONITOR_001,19.64,57.76,3,2.30,220.56,0.01,ok
2025-12-12T11:30:05.332Z,ESP32_ENERGY_MONITOR_001,19.91,57.80,9,2.48,218.11,0.01,ok
2025-12-12T11:35:05.332Z,ESP32_ENERGY_MONITOR_001,19.65,62.14,3,2.17,222.52,0.01,ok
2025-12-12T11:40:05.332Z,ESP32_ENERGY_MONITOR_001,19.24,61.83,0,1.93,221.92,0.01,ok
2025-12-12T11:45:05.332Z,ESP32_ENERGY_MONITOR_001,20.42,57.95,7,2.15,217.80,0.01,ok
2025-12-12T11:50:05.332Z,ESP32_ENERGY_MONITOR_001,19.56,59.04,3,2.23,224.27,0.01,ok
2025-12-12T11:55:05.332Z,ESP32_ENERGY_MONITOR_001,20.61,59.85,2,1.93,224.63,0.01,ok
2025-12-12T12:00:05.332Z,ESP32_ENERGY_MONITOR_001,18.50,62.89,3,2.27,217.81,0.01,ok
2025-12-12T12:05:05.332Z,ESP32_ENERGY_MONITOR_001,18.27,65.20,5,2.10,224.86,0.01,ok
2025-12-12T12:10:05.332Z,ESP32_ENERGY_MONITOR_001,18.15,62.86,7,2.32,223.16,0.01,ok
2025-12-12T12:15:05.332Z,ESP32_ENERGY_MONITOR_001,18.91,61.68,2,2.25,224.68,0.01,ok
2025-12-12T12:20:05.332Z,ESP32_ENERGY_MONITOR_001,18.87,64.87,9,2.31,215.66,0.01,ok
2025-12-12T12:25:05.332Z,ESP32_ENERGY_MONITOR_001,18.73,63.64,4,1.97,224.59,0.01,ok
2025-12-12T12:30:05.332Z,ESP32_ENERGY_MONITOR_001,18.90,66.35,6,2.29,221.87,0.01,ok
2025-12-12T12:35:05.332Z,ESP32_ENERGY_MONITOR_001,18.31,62.02,6,2.33,221.54,0.01,ok
2025-12-12T12:40:05.332Z,ESP32_ENERGY_MONITOR_001,19.38,65.84,4,2.19,222.92,0.01,ok
2025-12-12T12:45:05.332Z,ESP32_ENERGY_MONITOR_001,18.90,62.47,7,2.37,218.48,0.01,ok
2025-12-12T12:50:05.332Z,ESP32_ENERGY_MONITOR_001,19.18,62.63,1,2.17,219.59,0.01,ok
2025-12-12T12:55:05.332Z,ESP32_ENERGY_MONITOR_001,19.35,63.55,1,2.06,221.03,0.01,ok
2025-12-12T13:00:05.332Z,ESP32_ENERGY_MONITOR_001,16.81,67.70,8,2.23,220.28,0.01,ok
2025-12-12T13:05:05.332Z,ESP32_ENERGY_MONITOR_001,17.85,65.82,6,2.23,221.79,0.01,ok
2025-12-12T13:10:05.332Z,ESP32_ENERGY_MONITOR_001,17.54,66.75,9,2.16,219.33,0.01,ok
2025-12-12T13:15:05.332Z,ESP32_ENERGY_MONITOR_001,17.38,68.56,2,2.26,223.69,0.01,ok
2025-12-12T13:20:05.332Z,ESP32_ENERGY_MONITOR_001,16.20,67.76,0,2.09,219.14,0.01,ok
2025-12-12T13:25:05.332Z,ESP32_ENERGY_MONITOR_001,16.64,68.79,6,2.21,218.43,0.01,ok
2025-12-12T13:30:05.332Z,ESP32_ENERGY_MONITOR_001,16.92,66.02,9,2.18,222.88,0.01,ok
2025-12-12T13:35:05.332Z,ESP32_ENERGY_MONITOR_001,17.55,66.32,6,1.99,217.99,0.01,ok
2025-12-12T13:40:05.332Z,ESP32_ENERGY_MONITOR_001,17.95,69.38,6,2.40,218.92,0.01,ok
2025-12-12T13:45:05.332Z,ESP32_ENERGY_MONITOR_001,16.33,68.12,1,1.99,223.19,0.01,ok
2025-12-12T13:50:05.332Z,ESP32_ENERGY_MONITOR_001,16.81,66.76,8,2.38,215.10,0.01,ok
2025-12-12T13:55:05.332Z,ESP32_ENERGY_MONITOR_001,17.76,67.59,2,1.96,221.32,0.01,ok
2025-12-12T14:00:05.332Z,ESP32_ENERGY_MONITOR_001,16.69,70.80,5,2.29,223.44,0.01,ok
2025-12-12T14:05:05.332Z,ESP32_ENERGY_MONITOR_001,16.22,70.15,9,2.38,215.97,0.01,ok
2025-12-12T14:10:05.332Z,ESP32_ENERGY_MONITOR_001,16.53,71.22,8,2.46,221.31,0.01,ok
2025-12-12T14:15:05.332Z,ESP32_ENERGY_MONITOR_001,15.49,69.91,0,1.83,217.85,0.01,ok
2025-12-12T14:20:05.332Z,ESP32_ENERGY_MONITOR_001,16.69,68.84,3,1.90,219.04,0.01,ok
2025-12-12T14:25:05.332Z,ESP32_ENERGY_MONITOR_001,16.54,71.75,8,2.47,224.12,0.01,ok
2025-12-12T14:30:05.332Z,ESP32_ENERGY_MONITOR_001,15.86,72.98,7,2.38,220.24,0.01,ok
2025-12-12T14:35:05.332Z,ESP32_ENERGY_MONITOR_001,15.31,72.94,7,2.37,223.96,0.01,ok
2025-12-12T14:40:05.332Z,ESP32_ENERGY_MONITOR_001,15.72,71.54,9,2.23,219.53,0.01,ok
2025-12-12T14:45:05.332Z,ESP32_ENERGY_MONITOR_001,15.51,70.96,5,2.17,216.01,0.01,ok
2025-12-12T14:50:05.332Z,ESP32_ENERGY_MONITOR_001,15.16,72.38,5,2.30,215.02,0.01,ok
2025-12-12T14:55:05.332Z,ESP32_ENERGY_MONITOR_001,15.99,69.06,1,2.03,220.58,0.01,ok
2025-12-12T15:00:05.332Z,ESP32_ENERGY_MONITOR_001,14.88,73.97,2,2.17,221.81,0.01,ok
2025-12-12T15:05:05.332Z,ESP32_ENERGY_MONITOR_001,14.60,70.71,7,2.45,222.66,0.01,ok
2025-12-12T15:10:05.332Z,ESP32_ENERGY_MONITOR_001,14.42,72.82,7,2.49,221.44,0.01,ok
2025-12-12T15:15:05.332Z,ESP32_ENERGY_MONITOR_001,13.92,73.50,0,1.95,220.99,0.01,ok
2025-12-12T15:20:05.332Z,ESP32_ENERGY_MONITOR_001,13.90,70.76,2,1.83,222.20,0.01,ok
2025-12-12T15:25:05.332Z,ESP32_ENERGY_MONITOR_001,15.33,75.36,6,2.13,217.94,0.01,ok
2025-12-12T15:30:05.332Z,ESP32_ENERGY_MONITOR_001,14.69,71.14,9,2.29,222.91,0.01,ok
2025-12-12T15:35:05.332Z,ESP32_ENERGY_MONITOR_001,15.27,74.18,9,2.57,217.59,0.01,ok
2025-12-12T15:40:05.332Z,ESP32_ENERGY_MONITOR_001,14.64,72.28,1,2.09,222.44,0.01,ok
2025-12-12T15:45:05.332Z,ESP32_ENERGY_MONITOR_001,14.43,70.79,9,2.28,222.54,0.01,ok
2025-12-12T15:50:05.332Z,ESP32_ENERGY_MONITOR_001,14.31,71.67,1,1.97,215.48,0.01,ok
2025-12-12T15:55:05.332Z,ESP32_ENERGY_MONITOR_001,15.40,73.40,2,2.15,221.75,0.01,ok
2025-12-12T16:00:05.332Z,ESP32_ENERGY_MONITOR_001,13.37,76.06,9,2.33,224.97,0.01,ok
2025-12-12T16:05:05.332Z,ESP32_ENERGY_MONITOR_001,14.67,71.99,4,2.12,217.08,0.01,ok
2025-12-12T16:10:05.332Z,ESP32_ENERGY_MONITOR_001,13.36,72.27,5,2.02,219.81,0.01,ok
2025-12-12T16:15:05.332Z,ESP32_ENERGY_MONITOR_001,13.51,75.27,4,1.99,217.97,0.01,ok
2025-12-12T16:20:05.332Z,ESP32_ENERGY_MONITOR_001,13.70,74.13,0,1.81,223.14,0.01,ok
2025-12-12T16:25:05.332Z,ESP32_ENERGY_MONITOR_001,14.43,74.32,6,2.02,222.70,0.01,ok
2025-12-12T16:30:05.332Z,ESP32_ENERGY_MONITOR_001,13.54,74.93,7,2.33,216.51,0.01,ok
2025-12-12T16:35:05.332Z,ESP32_ENERGY_MONITOR_001,14.99,73.70,1,2.05,224.72,0.01,ok
2025-12-12T16:40:05.332Z,ESP32_ENERGY_MONITOR_001,14.60,76.64,6,2.17,221.95,0.01,ok
2025-12-12T16:45:05.332Z,ESP32_ENERGY_MONITOR_001,14.04,74.42,7,2.49,221.34,0.01,ok
2025-12-12T16:50:05.332Z,ESP32_ENERGY_MONITOR_001,15.13,75.97,0,1.79,223.63,0.01,ok
2025-12-12T16:55:05.332Z,ESP32_ENERGY_MONITOR_001,13.91,76.13,9,2.36,216.81,0.01,ok
2025-12-12T17:00:05.332Z,ESP32_ENERGY_MONITOR_001,13.15,73.97,1,2.02,220.89,0.01,ok
2025-12-12T17:05:05.332Z,ESP32_ENERGY_MONITOR_001,14.19,72.63,8,2.52,223.59,0.01,ok
2025-12-12T17:10:05.332Z,ESP32_ENERGY_MONITOR_001,14.62,73.75,0,2.12,221.26,0.01,ok
2025-12-12T17:15:05.332Z,ESP32_ENERGY_MONITOR_001,13.34,75.12,4,2.23,223.99,0.01,ok
2025-12-12T17:20:05.332Z,ESP32_ENERGY_MONITOR_001,13.13,75.18,2,2.07,217.15,0.01,ok
2025-12-12T17:25:05.332Z,ESP32_ENERGY_MONITOR_001,14.38,75.03,7,2.51,216.99,0.01,ok
2025-12-12T17:30:05.332Z,ESP32_ENERGY_MONITOR_001,13.21,74.85,4,2.34,223.88,0.01,ok
2025-12-12T17:35:05.332Z,ESP32_ENERGY_MONITOR_001,13.84,73.05,3,1.92,220.35,0.01,ok
2025-12-12T17:40:05.332Z,ESP32_ENERGY_MONITOR_001,14.88,75.38,6,2.16,224.09,0.01,ok
2025-12-12T17:45:05.332Z,ESP32_ENERGY_MONITOR_001,13.77,73.43,2,2.00,221.87,0.01,ok
2025-12-12T17:50:05.332Z,ESP32_ENERGY_MONITOR_001,14.87,74.66,2,1.87,218.43,0.01,ok
2025-12-12T17:55:05.332Z,ESP32_ENERGY_MONITOR_001,14.52,72.85,1,2.14,216.92,0.01,ok
2025-12-12T18:00:05.332Z,ESP32_ENERGY_MONITOR_001,14.53,74.71,8,2.31,220.88,0.01,ok
2025-12-12T18:05:05.332Z,ESP32_ENERGY_MONITOR_001,15.09,72.09,3,1.97,215.39,0.01,ok
2025-12-12T18:10:05.332Z,ESP32_ENERGY_MONITOR_001,14.86,76.92,3,2.08,215.76,0.01,ok
2025-12-12T18:15:05.332Z,ESP32_ENERGY_MONITOR_001,15.13,76.14,7,2.22,215.83,0.01,ok
2025-12-12T18:20:05.332Z,ESP32_ENERGY_MONITOR_001,14.30,76.26,4,1.92,220.69,0.01,ok
2025-12-12T18:25:05.332Z,ESP32_ENERGY_MONITOR_001,13.59,76.15,4,2.29,216.94,0.01,ok
2025-12-12T18:30:05.332Z,ESP32_ENERGY_MONITOR_001,13.27,73.92,5,2.34,222.41,0.01,ok
2025-12-12T18:35:05.332Z,ESP32_ENERGY_MONITOR_001,14.72,74.59,6,2.25,224.60,0.01,ok
2025-12-12T18:40:05.332Z,ESP32_ENERGY_MONITOR_001,14.37,76.24,6,2.25,221.60,0.01,ok
2025-12-12T18:45:05.332Z,ESP32_ENERGY_MONITOR_001,14.55,72.74,9,2.39,217.53,0.01,ok
2025-12-12T18:50:05.332Z,ESP32_ENERGY_MONITOR_001,14.94,74.64,2,1.95,219.22,0.01,ok
2025-12-12T18:55:05.332Z,ESP32_ENERGY_MONITOR_001,13.35,73.63,8,2.57,223.99,0.01,ok
2025-12-12T19:00:05.332Z,ESP32_ENERGY_MONITOR_001,15.14,74.09,7,2.38,222.85,0.01,ok
2025-12-12T19:05:05.332Z,ESP32_ENERGY_MONITOR_001,15.57,73.23,5,2.11,221.95,0.01,ok
2025-12-12T19:10:05.332Z,ESP32_ENERGY_MONITOR_001,13.86,73.27,9,2.24,220.87,0.01,ok
2025-12-12T19:15:05.332Z,ESP32_ENERGY_MONITOR_001,15.36,72.44,1,2.07,216.57,0.01,ok
2025-12-12T19:20:05.332Z,ESP32_ENERGY_MONITOR_001,14.38,71.97,7,2.15,221.85,0.01,ok
2025-12-12T19:25:05.332Z,ESP32_ENERGY_MONITOR_001,14.54,75.35,7,2.53,223.25,0.01,ok
2025-12-12T19:30:05.332Z,ESP32_ENERGY_MONITOR_001,15.77,74.52,5,2.36,217.32,0.01,ok
2025-12-12T19:35:05.332Z,ESP32_ENERGY_MONITOR_001,14.85,71.06,6,2.03,221.75,0.01,ok
2025-12-12T19:40:05.332Z,ESP32_ENERGY_MONITOR_001,15.76,71.47,4,2.15,220.11,0.01,ok
2025-12-12T19:45:05.332Z,ESP32_ENERGY_MONITOR_001,15.44,73.46,5,2.33,222.38,0.01,ok
2025-12-12T19:50:05.332Z,ESP32_ENERGY_MONITOR_001,15.26,74.36,8,2.39,219.11,0.01,ok
2025-12-12T19:55:05.332Z,ESP32_ENERGY_MONITOR_001,15.76,74.18,9,2.53,220.00,0.01,ok
2025-12-12T20:00:05.332Z,ESP32_ENERGY_MONITOR_001,15.72,69.88,5,2.03,220.34,0.01,ok
2025-12-12T20:05:05.332Z,ESP32_ENERGY_MONITOR_001,16.25,71.38,9,2.47,220.04,0.01,ok
2025-12-12T20:10:05.332Z,ESP32_ENERGY_MONITOR_001,14.81,70.63,9,2.40,218.33,0.01,ok
2025-12-12T20:15:05.332Z,ESP32_ENERGY_MONITOR_001,16.46,68.48,3,1.97,222.34,0.01,ok
2025-12-12T20:20:05.332Z,ESP32_ENERGY_MONITOR_001,16.73,70.22,5,2.24,224.59,0.01,ok
2025-12-12T20:25:05.332Z,ESP32_ENERGY_MONITOR_001,16.25,71.14,3,2.33,216.65,0.01,ok
2025-12-12T20:30:05.332Z,ESP32_ENERGY_MONITOR_001,15.94,70.05,9,2.57,216.56,0.01,ok
2025-12-12T20:35:05.332Z,ESP32_ENERGY_MONITOR_001,16.23,69.81,0,1.99,218.63,0.01,ok
2025-12-12T20:40:05.332Z,ESP32_ENERGY_MONITOR_001,16.29,68.37,6,2.23,215.29,0.01,ok
2025-12-12T20:45:05.332Z,ESP32_ENERGY_MONITOR_001,16.38,72.55,5,2.44,222.85,0.01,ok
2025-12-12T20:50:05.332Z,ESP32_ENERGY_MONITOR_001,16.69,72.61,5,2.12,215.02,0.01,ok
2025-12-12T20:55:05.332Z,ESP32_ENERGY_MONITOR_001,15.26,71.96,1,2.16,219.17,0.01,ok
2025-12-12T21:00:05.332Z,ESP32_ENERGY_MONITOR_001,17.73,66.43,9,2.31,217.85,0.01,ok
2025-12-12T21:05:05.332Z,ESP32_ENERGY_MONITOR_001,16.41,66.08,0,2.09,218.08,0.01,ok
2025-12-12T21:10:05.332Z,ESP32_ENERGY_MONITOR_001,17.48,67.53,5,2.31,219.86,0.01,ok
2025-12-12T21:15:05.332Z,ESP32_ENERGY_MONITOR_001,16.27,67.13,5,2.24,223.00,0.01,ok
2025-12-12T21:20:05.332Z,ESP32_ENERGY_MONITOR_001,17.57,68.84,2,1.96,216.76,0.01,ok
2025-12-12T21:25:05.332Z,ESP32_ENERGY_MONITOR_001,16.82,68.30,3,2.07,222.74,0.01,ok
2025-12-12T21:30:05.332Z,ESP32_ENERGY_MONITOR_001,16.56,68.79,9,2.44,215.01,0.01,ok
2025-12-12T21:35:05.332Z,ESP32_ENERGY_MONITOR_001,17.03,66.81,0,2.00,223.07,0.01,ok
2025-12-12T21:40:05.332Z,ESP32_ENERGY_MONITOR_001,16.41,67.97,3,2.27,216.75,0.01,ok
2025-12-12T21:45:05.332Z,ESP32_ENERGY_MONITOR_001,16.08,69.28,7,2.25,223.68,0.01,ok
2025-12-12T21:50:05.332Z,ESP32_ENERGY_MONITOR_001,17.16,65.03,5,2.34,222.07,0.01,ok
2025-12-12T21:55:05.332Z,ESP32_ENERGY_MONITOR_001,17.41,69.96,8,2.24,218.60,0.01,ok
2025-12-12T22:00:05.332Z,ESP32_ENERGY_MONITOR_001,19.19,62.25,3,2.34,220.26,0.01,ok
2025-12-12T22:05:05.332Z,ESP32_ENERGY_MONITOR_001,19.42,62.86,4,2.18,218.11,0.01,ok
2025-12-12T22:10:05.332Z,ESP32_ENERGY_MONITOR_001,18.82,66.30,4,2.32,218.03,0.01,ok
2025-12-12T22:15:05.332Z,ESP32_ENERGY_MONITOR_001,18.88,63.31,8,2.55,219.87,0.01,ok
2025-12-12T22:20:05.332Z,ESP32_ENERGY_MONITOR_001,18.04,63.78,5,2.44,224.69,0.01,ok
2025-12-12T22:25:05.332Z,ESP32_ENERGY_MONITOR_001,18.01,65.08,6,2.15,215.56,0.01,ok
2025-12-12T22:30:05.332Z,ESP32_ENERGY_MONITOR_001,17.77,62.05,7,2.48,224.09,0.01,ok
2025-12-12T22:35:05.332Z,ESP32_ENERGY_MONITOR_001,17.51,62.20,0,2.17,223.44,0.01,ok
2025-12-12T22:40:05.332Z,ESP32_ENERGY_MONITOR_001,17.91,62.40,2,1.83,224.84,0.01,ok
2025-12-12T22:45:05.332Z,ESP32_ENERGY_MONITOR_001,17.61,65.49,8,2.32,217.76,0.01,ok
2025-12-12T22:50:05.332Z,ESP32_ENERGY_MONITOR_001,18.53,62.84,7,2.45,217.30,0.01,ok
2025-12-12T22:55:05.332Z,ESP32_ENERGY_MONITOR_001,17.88,62.03,9,2.37,215.55,0.01,ok
2025-12-12T23:00:05.332Z,ESP32_ENERGY_MONITOR_001,19.47,62.34,3,1.90,224.74,0.01,ok
2025-12-12T23:05:05.332Z,ESP32_ENERGY_MONITOR_001,20.65,60.74,8,2.16,220.05,0.01,ok
2025-12-12T23:10:05.332Z,ESP32_ENERGY_MONITOR_001,20.54,60.74,1,2.26,216.43,0.01,ok
2025-12-12T23:15:05.332Z,ESP32_ENERGY_MONITOR_001,20.67,62.01,6,2.30,221.11,0.01,ok
2025-12-12T23:20:05.332Z,ESP32_ENERGY_MONITOR_001,19.37,58.06,7,2.50,223.14,0.01,ok
2025-12-12T23:25:05.332Z,ESP32_ENERGY_MONITOR_001,19.26,61.35,4,2.22,224.63,0.01,ok
2025-12-12T23:30:05.332Z,ESP32_ENERGY_MONITOR_001,20.28,59.41,5,2.41,219.41,0.01,ok
2025-12-12T23:35:05.332Z,ESP32_ENERGY_MONITOR_001,19.87,60.82,7,2.09,221.37,0.01,ok
2025-12-12T23:40:05.332Z,ESP32_ENERGY_MONITOR_001,19.22,58.87,3,2.14,222.73,0.01,ok
2025-12-12T23:45:05.332Z,ESP32_ENERGY_MONITOR_001,20.44,58.56,3,2.03,224.00,0.01,ok
2025-12-12T23:50:05.332Z,ESP32_ENERGY_MONITOR_001,20.00,58.74,7,2.03,216.20,0.01,ok
2025-12-12T23:55:05.332Z,ESP32_ENERGY_MONITOR_001,20.01,60.74,5,2.16,216.03,0.01,ok
2025-12-13T00:00:05.332Z,ESP32_ENERGY_MONITOR_001,21.16,55.70,3,2.29,223.14,0.01,ok
2025-12-13T00:05:05.332Z,ESP32_ENERGY_MONITOR_001,22.15,54.79,3,2.15,220.49,0.01,ok
2025-12-13T00:10:05.332Z,ESP32_ENERGY_MONITOR_001,21.89,56.32,1,2.10,221.36,0.01,ok
2025-12-13T00:15:05.332Z,ESP32_ENERGY_MONITOR_001,22.02,58.51,7,2.11,224.76,0.01,ok
2025-12-13T00:20:05.332Z,ESP32_ENERGY_MONITOR_001,21.05,56.88,8,2.23,218.77,0.01,ok
2025-12-13T00:25:05.332Z,ESP32_ENERGY_MONITOR_001,22.03,55.80,3,1.97,221.56,0.01,ok
2025-12-13T00:30:05.332Z,ESP32_ENERGY_MONITOR_001,21.96,58.47,8,2.16,216.89,0.01,ok
2025-12-13T00:35:05.332Z,ESP32_ENERGY_MONITOR_001,20.70,57.10,1,2.23,216.06,0.01,ok
2025-12-13T00:40:05.332Z,ESP32_ENERGY_MONITOR_001,22.35,53.63,6,2.19,215.66,0.01,ok
2025-12-13T00:45:05.332Z,ESP32_ENERGY_MONITOR_001,21.57,56.38,8,2.54,223.98,0.01,ok
2025-12-13T00:50:05.332Z,ESP32_ENERGY_MONITOR_001,20.85,54.29,0,2.10,217.96,0.01,ok
2025-12-13T00:55:05.332Z,ESP32_ENERGY_MONITOR_001,21.44,54.58,8,2.22,216.83,0.01,ok
2025-12-13T01:00:05.332Z,ESP32_ENERGY_MONITOR_001,23.01,53.70,17,2.64,224.78,0.01,ok
2025-12-13T01:05:05.332Z,ESP32_ENERGY_MONITOR_001,22.88,54.14,18,2.85,222.51,0.01,ok
2025-12-13T01:10:05.332Z,ESP32_ENERGY_MONITOR_001,22.93,53.16,16,2.68,223.63,0.01,ok
2025-12-13T01:15:05.332Z,ESP32_ENERGY_MONITOR_001,23.52,54.48,23,2.96,217.09,0.01,ok
2025-12-13T01:20:05.332Z,ESP32_ENERGY_MONITOR_001,23.90,52.03,23,2.86,219.30,0.01,ok
2025-12-13T01:25:05.332Z,ESP32_ENERGY_MONITOR_001,22.63,51.52,20,2.89,220.88,0.01,ok
2025-12-13T01:30:05.332Z,ESP32_ENERGY_MONITOR_001,23.06,52.86,18,2.77,217.57,0.01,ok
2025-12-13T01:35:05.332Z,ESP32_ENERGY_MONITOR_001,23.87,54.13,24,2.87,223.47,0.01,ok
2025-12-13T01:40:05.332Z,ESP32_ENERGY_MONITOR_001,23.30,54.97,15,2.44,222.10,0.01,ok
2025-12-13T01:45:05.332Z,ESP32_ENERGY_MONITOR_001,22.70,54.85,17,2.82,224.30,0.01,ok
2025-12-13T01:50:05.332Z,ESP32_ENERGY_MONITOR_001,22.72,51.90,15,2.82,218.59,0.01,ok
2025-12-13T01:55:05.332Z,ESP32_ENERGY_MONITOR_001,23.86,51.23,20,2.95,216.10,0.01,ok
2025-12-13T02:00:05.332Z,ESP32_ENERGY_MONITOR_001,23.88,49.94,29,3.28,218.69,0.01,ok
2025-12-13T02:05:05.332Z,ESP32_ENERGY_MONITOR_001,25.00,50.65,27,3.33,223.18,0.02,ok
2025-12-13T02:10:05.332Z,ESP32_ENERGY_MONITOR_001,23.76,49.18,24,2.94,224.27,0.01,ok
2025-12-13T02:15:05.332Z,ESP32_ENERGY_MONITOR_001,24.94,47.68,22,3.07,215.57,0.01,ok
2025-12-13T02:20:05.332Z,ESP32_ENERGY_MONITOR_001,24.38,48.66,24,3.23,223.88,0.01,ok
2025-12-13T02:25:05.332Z,ESP32_ENERGY_MONITOR_001,24.33,47.20,25,3.02,223.16,0.01,ok
2025-12-13T02:30:05.332Z,ESP32_ENERGY_MONITOR_001,24.63,48.65,26,3.11,216.87,0.01,ok
2025-12-13T02:35:05.332Z,ESP32_ENERGY_MONITOR_001,24.59,49.12,23,3.24,221.87,0.01,ok
2025-12-13T02:40:05.332Z,ESP32_ENERGY_MONITOR_001,23.54,50.89,23,3.17,216.30,0.01,ok
2025-12-13T02:45:05.332Z,ESP32_ENERGY_MONITOR_001,23.75,49.27,20,3.02,216.25,0.01,ok
2025-12-13T02:50:05.332Z,ESP32_ENERGY_MONITOR_001,23.91,47.62,28,2.95,219.86,0.01,ok
2025-12-13T02:55:05.332Z,ESP32_ENERGY_MONITOR_001,23.79,51.59,29,2.97,215.13,0.01,ok
2025-12-13T03:00:05.332Z,ESP32_ENERGY_MONITOR_001,24.53,45.11,33,3.30,217.02,0.02,ok
2025-12-13T03:05:05.332Z,ESP32_ENERGY_MONITOR_001,25.71,46.38,28,3.71,216.99,0.02,ok
2025-12-13T03:10:05.332Z,ESP32_ENERGY_MONITOR_001,25.20,47.80,29,3.76,221.17,0.02,ok
2025-12-13T03:15:05.332Z,ESP32_ENERGY_MONITOR_001,24.25,45.12,29,3.20,221.12,0.01,ok
2025-12-13T03:20:05.332Z,ESP32_ENERGY_MONITOR_001,25.13,46.87,29,3.31,220.61,0.02,ok
2025-12-13T03:25:05.332Z,ESP32_ENERGY_MONITOR_001,26.06,48.37,24,3.76,220.92,0.02,ok
2025-12-13T03:30:05.332Z,ESP32_ENERGY_MONITOR_001,24.60,45.28,27,3.34,224.60,0.02,ok
2025-12-13T03:35:05.332Z,ESP32_ENERGY_MONITOR_001,25.69,49.19,27,3.79,216.23,0.02,ok
2025-12-13T03:40:05.332Z,ESP32_ENERGY_MONITOR_001,25.15,47.42,32,3.52,215.53,0.02,ok
2025-12-13T03:45:05.332Z,ESP32_ENERGY_MONITOR_001,25.86,44.96,33,3.71,217.64,0.02,ok
2025-12-13T03:50:05.332Z,ESP32_ENERGY_MONITOR_001,25.22,49.31,30,3.75,222.32,0.02,ok
2025-12-13T03:55:05.332Z,ESP32_ENERGY_MONITOR_001,24.45,46.61,25,2.93,220.23,0.01,ok
2025-12-13T04:00:05.332Z,ESP32_ENERGY_MONITOR_001,26.37,44.20,34,4.27,224.04,0.02,ok
2025-12-13T04:05:05.332Z,ESP32_ENERGY_MONITOR_001,26.53,46.24,34,3.95,219.73,0.02,ok
2025-12-13T04:10:05.332Z,ESP32_ENERGY_MONITOR_001,25.32,43.23,33,3.63,217.84,0.02,ok
2025-12-13T04:15:05.332Z,ESP32_ENERGY_MONITOR_001,25.61,43.35,36,3.82,219.94,0.02,ok
2025-12-13T04:20:05.332Z,ESP32_ENERGY_MONITOR_001,25.92,46.13,35,4.05,216.34,0.02,ok
2025-12-13T04:25:05.332Z,ESP32_ENERGY_MONITOR_001,24.85,43.21,34,3.67,216.59,0.02,ok
2025-12-13T04:30:05.332Z,ESP32_ENERGY_MONITOR_001,25.86,46.22,29,3.88,221.64,0.02,ok
2025-12-13T04:35:05.332Z,ESP32_ENERGY_MONITOR_001,26.58,47.40,33,4.18,220.31,0.02,ok
2025-12-13T04:40:05.332Z,ESP32_ENERGY_MONITOR_001,25.18,44.39,32,3.85,219.07,0.02,ok
2025-12-13T04:45:05.332Z,ESP32_ENERGY_MONITOR_001,26.69,44.35,28,3.84,220.33,0.02,ok
2025-12-13T04:50:05.332Z,ESP32_ENERGY_MONITOR_001,25.11,44.21,27,3.61,223.39,0.02,ok
2025-12-13T04:55:05.332Z,ESP32_ENERGY_MONITOR_001,25.51,47.60,31,3.83,220.43,0.02,ok
2025-12-13T05:00:05.332Z,ESP32_ENERGY_MONITOR_001,25.75,44.91,30,3.53,219.11,0.02,ok
2025-12-13T05:05:05.332Z,ESP32_ENERGY_MONITOR_001,25.65,44.27,29,3.59,217.70,0.02,ok
2025-12-13T05:10:05.332Z,ESP32_ENERGY_MONITOR_001,26.08,46.47,34,4.07,216.08,0.02,ok
2025-12-13T05:15:05.332Z,ESP32_ENERGY_MONITOR_001,26.69,44.68,29,3.99,216.30,0.02,ok
2025-12-13T05:20:05.332Z,ESP32_ENERGY_MONITOR_001,25.20,42.80,30,3.51,216.10,0.02,ok
2025-12-13T05:25:05.332Z,ESP32_ENERGY_MONITOR_001,26.09,43.42,36,4.09,218.86,0.02,ok
2025-12-13T05:30:05.332Z,ESP32_ENERGY_MONITOR_001,26.48,47.46,34,4.31,218.83,0.02,ok
2025-12-13T05:35:05.332Z,ESP32_ENERGY_MONITOR_001,26.70,44.97,37,4.15,220.57,0.02,ok
2025-12-13T05:40:05.332Z,ESP32_ENERGY_MONITOR_001,26.20,47.30,35,4.25,215.66,0.02,ok
2025-12-13T05:45:05.332Z,ESP32_ENERGY_MONITOR_001,26.90,46.51,33,4.12,224.16,0.02,ok
2025-12-13T05:50:05.332Z,ESP32_ENERGY_MONITOR_001,26.59,43.24,31,3.79,223.56,0.02,ok
2025-12-13T05:55:05.332Z,ESP32_ENERGY_MONITOR_001,25.79,46.49,35,3.70,215.83,0.02,ok
2025-12-13T06:00:05.332Z,ESP32_ENERGY_MONITOR_001,26.71,45.40,32,4.24,216.56,0.02,ok
2025-12-13T06:05:05.332Z,ESP32_ENERGY_MONITOR_001,24.85,44.32,33,3.35,224.45,0.02,ok
2025-12-13T06:10:05.332Z,ESP32_ENERGY_MONITOR_001,24.81,46.08,36,3.82,218.25,0.02,ok
2025-12-13T06:15:05.332Z,ESP32_ENERGY_MONITOR_001,25.53,43.32,38,4.17,223.68,0.02,ok
2025-12-13T06:20:05.332Z,ESP32_ENERGY_MONITOR_001,26.64,47.70,37,4.08,222.84,0.02,ok
2025-12-13T06:25:05.332Z,ESP32_ENERGY_MONITOR_001,25.34,47.88,38,3.97,218.22,0.02,ok
2025-12-13T06:30:05.332Z,ESP32_ENERGY_MONITOR_001,25.92,47.90,32,3.98,218.82,0.02,ok
2025-12-13T06:35:05.332Z,ESP32_ENERGY_MONITOR_001,25.85,46.86,34,3.68,220.20,0.02,ok
2025-12-13T06:40:05.332Z,ESP32_ENERGY_MONITOR_001,24.96,47.62,35,3.82,219.05,0.02,ok
2025-12-13T06:45:05.332Z,ESP32_ENERGY_MONITOR_001,26.38,43.75,32,4.07,218.24,0.02,ok
2025-12-13T06:50:05.332Z,ESP32_ENERGY_MONITOR_001,25.93,43.10,36,4.00,221.86,0.02,ok
2025-12-13T06:55:05.332Z,ESP32_ENERGY_MONITOR_001,24.91,45.73,36,3.55,217.01,0.02,ok
2025-12-13T07:00:05.332Z,ESP32_ENERGY_MONITOR_001,24.95,45.66,33,3.67,222.95,0.02,ok
2025-12-13T07:05:05.332Z,ESP32_ENERGY_MONITOR_001,24.29,45.86,36,3.67,222.67,0.02,ok
2025-12-13T07:10:05.332Z,ESP32_ENERGY_MONITOR_001,24.24,45.76,31,3.38,223.32,0.02,ok
2025-12-13T07:15:05.332Z,ESP32_ENERGY_MONITOR_001,24.22,45.96,34,3.65,224.72,0.02,ok
2025-12-13T07:20:05.332Z,ESP32_ENERGY_MONITOR_001,25.18,45.63,29,3.59,224.82,0.02,ok
2025-12-13T07:25:05.332Z,ESP32_ENERGY_MONITOR_001,26.19,45.93,28,3.98,218.54,0.02,ok
2025-12-13T07:30:05.332Z,ESP32_ENERGY_MONITOR_001,24.29,49.33,36,3.73,218.62,0.02,ok
2025-12-13T07:35:05.332Z,ESP32_ENERGY_MONITOR_001,24.22,47.55,35,3.50,223.89,0.02,ok
2025-12-13T07:40:05.332Z,ESP32_ENERGY_MONITOR_001,24.50,47.98,34,3.54,220.08,0.02,ok
2025-12-13T07:45:05.332Z,ESP32_ENERGY_MONITOR_001,25.66,48.64,32,3.77,223.78,0.02,ok
2025-12-13T07:50:05.332Z,ESP32_ENERGY_MONITOR_001,25.74,48.12,27,3.38,220.99,0.02,ok
2025-12-13T07:55:05.332Z,ESP32_ENERGY_MONITOR_001,24.42,48.25,27,3.41,224.60,0.02,ok
2025-12-13T08:00:05.332Z,ESP32_ENERGY_MONITOR_001,23.30,49.41,26,3.04,222.84,0.01,ok
2025-12-13T08:05:05.332Z,ESP32_ENERGY_MONITOR_001,23.31,49.73,32,3.49,216.80,0.02,ok
2025-12-13T08:10:05.332Z,ESP32_ENERGY_MONITOR_001,23.99,48.98,28,3.08,221.95,0.01,ok
2025-12-13T08:15:05.332Z,ESP32_ENERGY_MONITOR_001,23.47,47.98,27,2.99,216.69,0.01,ok
2025-12-13T08:20:05.332Z,ESP32_ENERGY_MONITOR_001,23.28,47.83,28,3.31,216.78,0.02,ok
2025-12-13T08:25:05.332Z,ESP32_ENERGY_MONITOR_001,24.25,51.16,27,3.08,215.46,0.01,ok
2025-12-13T08:30:05.332Z,ESP32_ENERGY_MONITOR_001,24.03,49.95,31,3.28,220.79,0.01,ok
2025-12-13T08:35:05.332Z,ESP32_ENERGY_MONITOR_001,24.55,50.03,28,3.20,217.37,0.01,ok
2025-12-13T08:40:05.332Z,ESP32_ENERGY_MONITOR_001,23.75,50.93,26,2.80,220.04,0.01,ok
2025-12-13T08:45:05.332Z,ESP32_ENERGY_MONITOR_001,24.01,50.37,28,3.32,220.30,0.02,ok
2025-12-13T08:50:05.332Z,ESP32_ENERGY_MONITOR_001,25.02,51.61,32,3.39,216.14,0.02,ok
2025-12-13T08:55:05.332Z,ESP32_ENERGY_MONITOR_001,24.81,47.09,31,3.54,215.58,0.02,ok
2025-12-13T09:00:05.332Z,ESP32_ENERGY_MONITOR_001,23.04,50.49,23,3.14,224.86,0.01,ok
2025-12-13T09:05:05.332Z,ESP32_ENERGY_MONITOR_001,22.49,51.24,23,2.80,223.65,0.01,ok
2025-12-13T09:10:05.332Z,ESP32_ENERGY_MONITOR_001,22.14,53.77,24,2.83,220.72,0.01,ok
2025-12-13T09:15:05.332Z,ESP32_ENERGY_MONITOR_001,22.67,54.51,21,2.74,215.95,0.01,ok
2025-12-13T09:20:05.332Z,ESP32_ENERGY_MONITOR_001,23.83,51.89,20,2.93,218.95,0.01,ok
2025-12-13T09:25:05.332Z,ESP32_ENERGY_MONITOR_001,22.42,54.46,20,2.79,219.98,0.01,ok
2025-12-13T09:30:05.332Z,ESP32_ENERGY_MONITOR_001,23.41,51.53,22,3.03,222.09,0.01,ok
2025-12-13T09:35:05.332Z,ESP32_ENERGY_MONITOR_001,22.07,52.79,26,3.13,221.13,0.01,ok
2025-12-13T09:40:05.332Z,ESP32_ENERGY_MONITOR_001,22.74,51.58,22,2.64,224.16,0.01,ok
2025-12-13T09:45:05.332Z,ESP32_ENERGY_MONITOR_001,22.21,54.81,27,3.12,222.45,0.01,ok
2025-12-13T09:50:05.332Z,ESP32_ENERGY_MONITOR_001,23.94,54.11,27,3.31,218.95,0.02,ok
2025-12-13T09:55:05.332Z,ESP32_ENERGY_MONITOR_001,23.56,54.69,26,3.12,224.25,0.01,ok
2025-12-13T10:00:05.332Z,ESP32_ENERGY_MONITOR_001,20.85,55.50,17,2.51,216.69,0.01,ok
2025-12-13T10:05:05.332Z,ESP32_ENERGY_MONITOR_001,21.65,54.21,19,2.52,215.17,0.01,ok
2025-12-13T10:10:05.332Z,ESP32_ENERGY_MONITOR_001,21.27,55.03,19,2.76,224.76,0.01,ok
2025-12-13T10:15:05.332Z,ESP32_ENERGY_MONITOR_001,20.63,58.08,21,2.92,216.58,0.01,ok
2025-12-13T10:20:05.332Z,ESP32_ENERGY_MONITOR_001,22.19,57.93,23,2.89,220.47,0.01,ok
2025-12-13T10:25:05.332Z,ESP32_ENERGY_MONITOR_001,21.50,54.46,23,3.07,222.51,0.01,ok
2025-12-13T10:30:05.332Z,ESP32_ENERGY_MONITOR_001,21.81,56.09,20,2.71,218.50,0.01,ok
2025-12-13T10:35:05.332Z,ESP32_ENERGY_MONITOR_001,22.48,55.21,24,2.72,217.28,0.01,ok
2025-12-13T10:40:05.332Z,ESP32_ENERGY_MONITOR_001,21.78,53.78,15,2.75,221.28,0.01,ok
2025-12-13T10:45:05.332Z,ESP32_ENERGY_MONITOR_001,22.33,54.62,21,2.68,219.49,0.01,ok
2025-12-13T10:50:05.332Z,ESP32_ENERGY_MONITOR_001,21.91,56.78,23,2.70,220.15,0.01,ok
2025-12-13T10:55:05.332Z,ESP32_ENERGY_MONITOR_001,22.00,55.21,22,2.87,218.36,0.01,ok
2025-12-13T11:00:05.332Z,ESP32_ENERGY_MONITOR_001,20.20,58.58,1,1.96,221.33,0.01,ok
2025-12-13T11:05:05.332Z,ESP32_ENERGY_MONITOR_001,19.28,58.77,7,2.16,216.28,0.01,ok
2025-12-13T11:10:05.332Z,ESP32_ENERGY_MONITOR_001,19.35,58.91,7,2.14,220.66,0.01,ok
2025-12-13T11:15:05.332Z,ESP32_ENERGY_MONITOR_001,19.74,59.88,3,2.04,217.64,0.01,ok
2025-12-13T11:20:05.332Z,ESP32_ENERGY_MONITOR_001,20.45,58.17,1,1.90,221.82,0.01,ok
2025-12-13T11:25:05.332Z,ESP32_ENERGY_MONITOR_001,19.38,57.74,5,2.18,218.56,0.01,ok
2025-12-13T11:30:05.332Z,ESP32_ENERGY_MONITOR_001,19.00,59.08,4,1.98,216.40,0.01,ok
2025-12-13T11:35:05.332Z,ESP32_ENERGY_MONITOR_001,19.10,61.38,0,1.93,220.77,0.01,ok
2025-12-13T11:40:05.332Z,ESP32_ENERGY_MONITOR_001,20.53,59.42,8,2.54,218.27,0.01,ok
2025-12-13T11:45:05.332Z,ESP32_ENERGY_MONITOR_001,20.75,60.31,6,2.41,224.25,0.01,ok
2025-12-13T11:50:05.332Z,ESP32_ENERGY_MONITOR_001,19.67,58.64,5,2.40,222.33,0.01,ok
2025-12-13T11:55:05.332Z,ESP32_ENERGY_MONITOR_001,19.18,57.89,8,2.40,222.34,0.01,ok
2025-12-13T12:00:05.332Z,ESP32_ENERGY_MONITOR_001,18.83,64.49,2,2.17,224.06,0.01,ok
2025-12-13T12:05:05.332Z,ESP32_ENERGY_MONITOR_001,17.61,62.43,2,1.98,220.99,0.01,ok
2025-12-13T12:10:05.332Z,ESP32_ENERGY_MONITOR_001,18.07,63.58,2,2.10,222.38,0.01,ok
2025-12-13T12:15:05.332Z,ESP32_ENERGY_MONITOR_001,19.17,63.06,3,2.06,220.59,0.01,ok
2025-12-13T12:20:05.332Z,ESP32_ENERGY_MONITOR_001,18.86,66.15,2,2.17,219.51,0.01,ok
2025-12-13T12:25:05.332Z,ESP32_ENERGY_MONITOR_001,18.30,62.66,3,2.28,218.57,0.01,ok
2025-12-13T12:30:05.332Z,ESP32_ENERGY_MONITOR_001,17.92,66.24,9,2.44,224.90,0.01,ok
2025-12-13T12:35:05.332Z,ESP32_ENERGY_MONITOR_001,17.58,62.46,6,2.28,224.49,0.01,ok
2025-12-13T12:40:05.332Z,ESP32_ENERGY_MONITOR_001,18.05,65.54,2,1.93,220.47,0.01,ok
2025-12-13T12:45:05.332Z,ESP32_ENERGY_MONITOR_001,18.64,63.12,0,2.02,220.07,0.01,ok
2025-12-13T12:50:05.332Z,ESP32_ENERGY_MONITOR_001,19.17,62.34,2,1.89,219.67,0.01,ok
2025-12-13T12:55:05.332Z,ESP32_ENERGY_MONITOR_001,17.50,65.28,6,2.04,215.64,0.01,ok
2025-12-13T13:00:05.332Z,ESP32_ENERGY_MONITOR_001,17.59,65.22,9,2.21,220.70,0.01,ok
2025-12-13T13:05:05.332Z,ESP32_ENERGY_MONITOR_001,17.31,67.97,6,2.44,224.16,0.01,ok
2025-12-13T13:10:05.332Z,ESP32_ENERGY_MONITOR_001,16.13,67.77,9,2.12,216.33,0.01,ok
2025-12-13T13:15:05.332Z,ESP32_ENERGY_MONITOR_001,16.72,67.26,4,2.11,216.43,0.01,ok
2025-12-13T13:20:05.332Z,ESP32_ENERGY_MONITOR_001,16.20,67.92,6,2.48,223.87,0.01,ok
2025-12-13T13:25:05.332Z,ESP32_ENERGY_MONITOR_001,16.37,68.08,0,2.19,216.73,0.01,ok
2025-12-13T13:30:05.332Z,ESP32_ENERGY_MONITOR_001,16.75,65.92,8,2.11,217.70,0.01,ok
2025-12-13T13:35:05.332Z,ESP32_ENERGY_MONITOR_001,17.58,67.53,5,2.33,219.03,0.01,ok
2025-12-13T13:40:05.332Z,ESP32_ENERGY_MONITOR_001,16.31,67.95,2,2.10,215.46,0.01,ok
2025-12-13T13:45:05.332Z,ESP32_ENERGY_MONITOR_001,17.92,68.05,2,2.19,224.15,0.01,ok
2025-12-13T13:50:05.332Z,ESP32_ENERGY_MONITOR_001,16.83,67.63,2,2.23,223.40,0.01,ok
2025-12-13T13:55:05.332Z,ESP32_ENERGY_MONITOR_001,16.24,68.41,0,1.89,222.26,0.01,ok
2025-12-13T14:00:05.332Z,ESP32_ENERGY_MONITOR_001,16.24,68.29,0,2.23,221.80,0.01,ok
2025-12-13T14:05:05.332Z,ESP32_ENERGY_MONITOR_001,16.51,70.08,2,2.32,224.73,0.01,ok
2025-12-13T14:10:05.332Z,ESP32_ENERGY_MONITOR_001,15.83,69.62,1,2.24,217.20,0.01,ok
2025-12-13T14:15:05.332Z,ESP32_ENERGY_MONITOR_001,15.98,71.94,8,2.36,218.34,0.01,ok
2025-12-13T14:20:05.332Z,ESP32_ENERGY_MONITOR_001,16.61,68.99,3,1.92,223.35,0.01,ok
2025-12-13T14:25:05.332Z,ESP32_ENERGY_MONITOR_001,16.17,72.33,5,2.08,219.84,0.01,ok
2025-12-13T14:30:05.332Z,ESP32_ENERGY_MONITOR_001,16.65,68.58,2,1.97,219.24,0.01,ok
2025-12-13T14:35:05.332Z,ESP32_ENERGY_MONITOR_001,14.91,72.25,2,1.99,219.16,0.01,ok
2025-12-13T14:40:05.332Z,ESP32_ENERGY_MONITOR_001,15.47,72.64,6,2.26,215.44,0.01,ok
2025-12-13T14:45:05.332Z,ESP32_ENERGY_MONITOR_001,14.77,68.53,1,2.26,224.68,0.01,ok
2025-12-13T14:50:05.332Z,ESP32_ENERGY_MONITOR_001,16.70,69.76,7,2.04,215.70,0.01,ok
2025-12-13T14:55:05.332Z,ESP32_ENERGY_MONITOR_001,15.16,72.07,4,2.15,222.60,0.01,ok
2025-12-13T15:00:05.332Z,ESP32_ENERGY_MONITOR_001,14.59,71.91,4,2.37,216.83,0.01,ok
2025-12-13T15:05:05.332Z,ESP32_ENERGY_MONITOR_001,14.21,73.45,8,2.10,224.56,0.01,ok
2025-12-13T15:10:05.332Z,ESP32_ENERGY_MONITOR_001,13.97,70.70,5,1.95,215.83,0.01,ok
2025-12-13T15:15:05.332Z,ESP32_ENERGY_MONITOR_001,15.24,75.20,5,2.42,222.96,0.01,ok
2025-12-13T15:20:05.332Z,ESP32_ENERGY_MONITOR_001,15.44,73.84,1,2.13,220.92,0.01,ok
2025-12-13T15:25:05.332Z,ESP32_ENERGY_MONITOR_001,15.54,72.24,8,2.46,223.23,0.01,ok
2025-12-13T15:30:05.332Z,ESP32_ENERGY_MONITOR_001,15.10,71.02,8,2.55,217.94,0.01,ok
2025-12-13T15:35:05.332Z,ESP32_ENERGY_MONITOR_001,14.57,71.27,0,2.10,216.23,0.01,ok
2025-12-13T15:40:05.332Z,ESP32_ENERGY_MONITOR_001,14.49,74.91,1,1.84,223.07,0.01,ok
2025-12-13T15:45:05.332Z,ESP32_ENERGY_MONITOR_001,15.74,70.52,9,2.60,219.47,0.01,ok
2025-12-13T15:50:05.332Z,ESP32_ENERGY_MONITOR_001,14.77,74.76,2,1.89,218.33,0.01,ok
2025-12-13T15:55:05.332Z,ESP32_ENERGY_MONITOR_001,15.75,72.57,6,2.18,223.63,0.01,ok
2025-12-13T16:00:05.332Z,ESP32_ENERGY_MONITOR_001,15.09,72.61,3,2.00,224.00,0.01,ok
2025-12-13T16:05:05.332Z,ESP32_ENERGY_MONITOR_001,13.87,73.89,8,2.53,221.32,0.01,ok
2025-12-13T16:10:05.332Z,ESP32_ENERGY_MONITOR_001,13.99,72.33,8,2.54,216.64,0.01,ok
2025-12-13T16:15:05.332Z,ESP32_ENERGY_MONITOR_001,14.56,75.51,8,2.11,217.07,0.01,ok
2025-12-13T16:20:05.332Z,ESP32_ENERGY_MONITOR_001,14.19,72.41,5,2.14,219.08,0.01,ok
2025-12-13T16:25:05.332Z,ESP32_ENERGY_MONITOR_001,14.19,74.49,6,2.18,216.51,0.01,ok
2025-12-13T16:30:05.332Z,ESP32_ENERGY_MONITOR_001,14.01,72.47,5,2.01,222.18,0.01,ok
2025-12-13T16:35:05.332Z,ESP32_ENERGY_MONITOR_001,15.01,72.07,5,1.97,217.19,0.01,ok
2025-12-13T16:40:05.332Z,ESP32_ENERGY_MONITOR_001,14.63,72.35,7,2.47,218.44,0.01,ok
2025-12-13T16:45:05.332Z,ESP32_ENERGY_MONITOR_001,13.83,72.96,2,2.18,217.28,0.01,ok
2025-12-13T16:50:05.332Z,ESP32_ENERGY_MONITOR_001,13.85,73.98,5,2.21,219.92,0.01,ok
2025-12-13T16:55:05.332Z,ESP32_ENERGY_MONITOR_001,15.20,75.81,7,2.03,219.01,0.01,ok
2025-12-13T17:00:05.332Z,ESP32_ENERGY_MONITOR_001,14.51,72.51,0,1.97,220.73,0.01,ok
2025-12-13T17:05:05.332Z,ESP32_ENERGY_MONITOR_001,13.15,73.34,0,1.80,216.32,0.01,ok
2025-12-13T17:10:05.332Z,ESP32_ENERGY_MONITOR_001,13.50,75.20,1,1.83,224.25,0.01,ok
2025-12-13T17:15:05.332Z,ESP32_ENERGY_MONITOR_001,14.44,73.36,0,2.23,223.49,0.01,ok
2025-12-13T17:20:05.332Z,ESP32_ENERGY_MONITOR_001,14.44,72.71,9,2.29,223.68,0.01,ok
2025-12-13T17:25:05.332Z,ESP32_ENERGY_MONITOR_001,13.59,73.34,7,2.06,216.36,0.01,ok
2025-12-13T17:30:05.332Z,ESP32_ENERGY_MONITOR_001,13.59,75.44,0,1.77,218.28,0.01,ok
2025-12-13T17:35:05.332Z,ESP32_ENERGY_MONITOR_001,13.57,76.24,5,2.30,221.37,0.01,ok
2025-12-13T17:40:05.332Z,ESP32_ENERGY_MONITOR_001,14.58,75.72,7,2.20,218.03,0.01,ok
2025-12-13T17:45:05.332Z,ESP32_ENERGY_MONITOR_001,13.31,74.99,3,2.05,217.90,0.01,ok
2025-12-13T17:50:05.332Z,ESP32_ENERGY_MONITOR_001,13.94,74.66,3,2.08,215.89,0.01,ok
2025-12-13T17:55:05.332Z,ESP32_ENERGY_MONITOR_001,13.77,77.11,5,2.07,220.09,0.01,ok
2025-12-13T18:00:05.332Z,ESP32_ENERGY_MONITOR_001,13.71,72.33,5,2.36,222.49,0.01,ok
2025-12-13T18:05:05.332Z,ESP32_ENERGY_MONITOR_001,13.90,76.86,6,2.07,218.14,0.01,ok
2025-12-13T18:10:05.332Z,ESP32_ENERGY_MONITOR_001,15.11,72.83,8,2.24,217.28,0.01,ok
2025-12-13T18:15:05.332Z,ESP32_ENERGY_MONITOR_001,14.55,74.62,4,1.97,218.34,0.01,ok
2025-12-13T18:20:05.332Z,ESP32_ENERGY_MONITOR_001,13.62,74.91,7,2.14,222.40,0.01,ok
2025-12-13T18:25:05.332Z,ESP32_ENERGY_MONITOR_001,13.53,76.71,0,2.22,223.98,0.01,ok
2025-12-13T18:30:05.332Z,ESP32_ENERGY_MONITOR_001,14.27,76.71,0,1.87,217.37,0.01,ok
2025-12-13T18:35:05.332Z,ESP32_ENERGY_MONITOR_001,13.83,76.12,3,2.19,220.40,0.01,ok
2025-12-13T18:40:05.332Z,ESP32_ENERGY_MONITOR_001,14.16,74.78,5,2.28,224.93,0.01,ok
2025-12-13T18:45:05.332Z,ESP32_ENERGY_MONITOR_001,13.40,74.74,1,2.18,223.71,0.01,ok
2025-12-13T18:50:05.332Z,ESP32_ENERGY_MONITOR_001,14.67,72.25,0,1.83,215.58,0.01,ok
2025-12-13T18:55:05.332Z,ESP32_ENERGY_MONITOR_001,13.55,73.47,3,2.21,223.27,0.01,ok
2025-12-13T19:00:05.332Z,ESP32_ENERGY_MONITOR_001,15.48,70.51,0,1.89,216.65,0.01,ok
2025-12-13T19:05:05.332Z,ESP32_ENERGY_MONITOR_001,13.96,72.87,8,2.18,216.37,0.01,ok
2025-12-13T19:10:05.332Z,ESP32_ENERGY_MONITOR_001,14.03,70.61,9,2.34,222.88,0.01,ok
2025-12-13T19:15:05.332Z,ESP32_ENERGY_MONITOR_001,14.09,74.95,9,2.17,219.37,0.01,ok
2025-12-13T19:20:05.332Z,ESP32_ENERGY_MONITOR_001,14.83,70.87,4,2.10,223.88,0.01,ok
2025-12-13T19:25:05.332Z,ESP32_ENERGY_MONITOR_001,13.97,71.34,8,2.28,218.84,0.01,ok
2025-12-13T19:30:05.332Z,ESP32_ENERGY_MONITOR_001,15.50,72.23,4,2.35,216.35,0.01,ok
2025-12-13T19:35:05.332Z,ESP32_ENERGY_MONITOR_001,14.10,74.25,2,1.89,215.12,0.01,ok
2025-12-13T19:40:05.332Z,ESP32_ENERGY_MONITOR_001,14.28,75.07,9,2.14,221.13,0.01,ok
2025-12-13T19:45:05.332Z,ESP32_ENERGY_MONITOR_001,14.06,71.50,4,2.11,215.89,0.01,ok
2025-12-13T19:50:05.332Z,ESP32_ENERGY_MONITOR_001,15.12,72.52,9,2.18,215.15,0.01,ok
2025-12-13T19:55:05.332Z,ESP32_ENERGY_MONITOR_001,14.47,73.93,4,2.07,222.34,0.01,ok
2025-12-13T20:00:05.332Z,ESP32_ENERGY_MONITOR_001,15.86,68.77,7,2.46,219.27,0.01,ok
2025-12-13T20:05:05.332Z,ESP32_ENERGY_MONITOR_001,15.33,71.65,4,2.00,216.34,0.01,ok
2025-12-13T20:10:05.332Z,ESP32_ENERGY_MONITOR_001,15.28,69.45,9,2.13,222.85,0.01,ok
2025-12-13T20:15:05.332Z,ESP32_ENERGY_MONITOR_001,16.15,73.06,2,1.88,220.40,0.01,ok
2025-12-13T20:20:05.332Z,ESP32_ENERGY_MONITOR_001,16.33,72.62,2,1.96,219.15,0.01,ok
2025-12-13T20:25:05.332Z,ESP32_ENERGY_MONITOR_001,15.14,68.14,1,2.17,222.27,0.01,ok
2025-12-13T20:30:05.332Z,ESP32_ENERGY_MONITOR_001,16.69,71.38,8,2.43,217.57,0.01,ok
2025-12-13T20:35:05.332Z,ESP32_ENERGY_MONITOR_001,16.35,70.10,6,2.10,216.64,0.01,ok
2025-12-13T20:40:05.332Z,ESP32_ENERGY_MONITOR_001,14.99,71.69,7,2.27,217.88,0.01,ok
2025-12-13T20:45:05.332Z,ESP32_ENERGY_MONITOR_001,16.09,68.75,7,2.31,224.19,0.01,ok
2025-12-13T20:50:05.332Z,ESP32_ENERGY_MONITOR_001,14.97,69.81,9,2.39,219.58,0.01,ok
2025-12-13T20:55:05.332Z,ESP32_ENERGY_MONITOR_001,15.86,72.02,4,2.23,221.15,0.01,ok
2025-12-13T21:00:05.332Z,ESP32_ENERGY_MONITOR_001,17.72,65.31,4,2.26,221.58,0.01,ok
2025-12-13T21:05:05.332Z,ESP32_ENERGY_MONITOR_001,17.85,67.00,7,2.36,221.04,0.01,ok
2025-12-13T21:10:05.332Z,ESP32_ENERGY_MONITOR_001,16.90,67.85,5,2.08,220.97,0.01,ok
2025-12-13T21:15:05.332Z,ESP32_ENERGY_MONITOR_001,16.18,67.96,9,2.47,220.97,0.01,ok
2025-12-13T21:20:05.332Z,ESP32_ENERGY_MONITOR_001,17.52,67.20,4,2.15,219.88,0.01,ok
2025-12-13T21:25:05.332Z,ESP32_ENERGY_MONITOR_001,16.95,65.16,9,2.37,220.32,0.01,ok
2025-12-13T21:30:05.332Z,ESP32_ENERGY_MONITOR_001,16.25,68.66,7,2.47,215.13,0.01,ok
2025-12-13T21:35:05.332Z,ESP32_ENERGY_MONITOR_001,16.86,67.77,2,2.09,218.32,0.01,ok
2025-12-13T21:40:05.332Z,ESP32_ENERGY_MONITOR_001,16.06,65.64,3,1.94,216.50,0.01,ok
2025-12-13T21:45:05.332Z,ESP32_ENERGY_MONITOR_001,17.77,66.68,8,2.17,216.67,0.01,ok
2025-12-13T21:50:05.332Z,ESP32_ENERGY_MONITOR_001,17.87,66.72,4,1.93,218.58,0.01,ok
2025-12-13T21:55:05.332Z,ESP32_ENERGY_MONITOR_001,17.84,67.70,5,1.98,219.79,0.01,ok
2025-12-13T22:00:05.332Z,ESP32_ENERGY_MONITOR_001,18.56,64.82,9,2.31,219.59,0.01,ok
2025-12-13T22:05:05.332Z,ESP32_ENERGY_MONITOR_001,17.67,62.12,5,2.18,219.37,0.01,ok
2025-12-13T22:10:05.332Z,ESP32_ENERGY_MONITOR_001,17.68,65.87,3,1.88,222.92,0.01,ok
2025-12-13T22:15:05.332Z,ESP32_ENERGY_MONITOR_001,17.88,62.73,0,2.14,224.22,0.01,ok
2025-12-13T22:20:05.332Z,ESP32_ENERGY_MONITOR_001,17.48,63.84,0,2.22,222.47,0.01,ok
2025-12-13T22:25:05.332Z,ESP32_ENERGY_MONITOR_001,17.97,65.88,4,2.24,215.04,0.01,ok
2025-12-13T22:30:05.332Z,ESP32_ENERGY_MONITOR_001,19.33,63.87,8,2.43,217.48,0.01,ok
2025-12-13T22:35:05.332Z,ESP32_ENERGY_MONITOR_001,18.68,66.08,1,2.27,223.54,0.01,ok
2025-12-13T22:40:05.332Z,ESP32_ENERGY_MONITOR_001,19.40,64.39,3,1.91,222.90,0.01,ok
2025-12-13T22:45:05.332Z,ESP32_ENERGY_MONITOR_001,19.11,63.40,2,1.89,216.13,0.01,ok
2025-12-13T22:50:05.332Z,ESP32_ENERGY_MONITOR_001,17.86,65.64,9,2.30,217.54,0.01,ok
2025-12-13T22:55:05.332Z,ESP32_ENERGY_MONITOR_001,18.48,62.04,1,1.99,215.69,0.01,ok
2025-12-13T23:00:05.332Z,ESP32_ENERGY_MONITOR_001,20.85,58.25,4,2.22,219.36,0.01,ok
2025-12-13T23:05:05.332Z,ESP32_ENERGY_MONITOR_001,19.36,57.66,7,2.03,222.89,0.01,ok
2025-12-13T23:10:05.332Z,ESP32_ENERGY_MONITOR_001,19.75,60.31,6,2.41,223.35,0.01,ok
2025-12-13T23:15:05.332Z,ESP32_ENERGY_MONITOR_001,20.38,57.72,5,2.30,223.14,0.01,ok
2025-12-13T23:20:05.332Z,ESP32_ENERGY_MONITOR_001,20.64,58.04,1,2.27,223.76,0.01,ok
2025-12-13T23:25:05.332Z,ESP32_ENERGY_MONITOR_001,19.17,58.79,9,2.49,222.57,0.01,ok
2025-12-13T23:30:05.332Z,ESP32_ENERGY_MONITOR_001,20.03,60.94,1,2.08,221.19,0.01,ok
2025-12-13T23:35:05.332Z,ESP32_ENERGY_MONITOR_001,19.86,61.29,9,2.19,223.50,0.01,ok
2025-12-13T23:40:05.332Z,ESP32_ENERGY_MONITOR_001,20.78,57.52,8,2.32,223.32,0.01,ok
2025-12-13T23:45:05.332Z,ESP32_ENERGY_MONITOR_001,20.40,59.40,5,2.18,215.86,0.01,ok
2025-12-13T23:50:05.332Z,ESP32_ENERGY_MONITOR_001,20.14,62.11,0,1.90,218.94,0.01,ok
2025-12-13T23:55:05.332Z,ESP32_ENERGY_MONITOR_001,20.23,61.81,6,2.20,223.61,0.01,ok
2025-12-14T00:00:05.332Z,ESP32_ENERGY_MONITOR_001,20.63,53.91,7,2.22,224.12,0.01,ok
2025-12-14T00:05:05.332Z,ESP32_ENERGY_MONITOR_001,22.31,56.13,5,2.20,224.87,0.01,ok
2025-12-14T00:10:05.332Z,ESP32_ENERGY_MONITOR_001,22.30,56.68,9,2.31,223.25,0.01,ok
2025-12-14T00:15:05.332Z,ESP32_ENERGY_MONITOR_001,21.96,55.04,2,1.91,221.06,0.01,ok
2025-12-14T00:20:05.332Z,ESP32_ENERGY_MONITOR_001,22.48,53.78,4,2.17,218.45,0.01,ok
2025-12-14T00:25:05.332Z,ESP32_ENERGY_MONITOR_001,22.02,55.79,8,2.33,215.51,0.01,ok
2025-12-14T00:30:05.332Z,ESP32_ENERGY_MONITOR_001,20.85,55.25,9,2.27,222.80,0.01,ok
2025-12-14T00:35:05.332Z,ESP32_ENERGY_MONITOR_001,21.44,56.00,5,2.31,215.21,0.01,ok
2025-12-14T00:40:05.332Z,ESP32_ENERGY_MONITOR_001,20.76,55.54,5,2.03,222.27,0.01,ok
2025-12-14T00:45:05.332Z,ESP32_ENERGY_MONITOR_001,20.67,54.26,3,2.00,220.76,0.01,ok
2025-12-14T00:50:05.332Z,ESP32_ENERGY_MONITOR_001,20.79,54.62,1,2.25,215.12,0.01,ok
2025-12-14T00:55:05.332Z,ESP32_ENERGY_MONITOR_001,21.52,56.88,3,2.14,224.96,0.01,ok
2025-12-14T01:00:05.332Z,ESP32_ENERGY_MONITOR_001,23.35,51.44,20,2.97,219.25,0.01,ok
2025-12-14T01:05:05.332Z,ESP32_ENERGY_MONITOR_001,23.48,53.38,19,2.99,220.23,0.01,ok
2025-12-14T01:10:05.332Z,ESP32_ENERGY_MONITOR_001,23.51,53.18,24,2.87,215.31,0.01,ok
2025-12-14T01:15:05.332Z,ESP32_ENERGY_MONITOR_001,23.15,53.65,22,3.08,218.70,0.01,ok
2025-12-14T01:20:05.332Z,ESP32_ENERGY_MONITOR_001,23.54,54.15,16,2.66,219.46,0.01,ok
2025-12-14T01:25:05.332Z,ESP32_ENERGY_MONITOR_001,22.15,51.14,18,2.56,217.60,0.01,ok
2025-12-14T01:30:05.332Z,ESP32_ENERGY_MONITOR_001,22.32,53.77,24,2.71,215.66,0.01,ok
2025-12-14T01:35:05.332Z,ESP32_ENERGY_MONITOR_001,23.72,52.30,23,3.03,221.96,0.01,ok
2025-12-14T01:40:05.332Z,ESP32_ENERGY_MONITOR_001,22.40,52.47,17,2.65,216.88,0.01,ok
2025-12-14T01:45:05.332Z,ESP32_ENERGY_MONITOR_001,23.79,53.74,20,2.83,219.91,0.01,ok
2025-12-14T01:50:05.332Z,ESP32_ENERGY_MONITOR_001,22.12,52.55,19,2.56,219.97,0.01,ok
2025-12-14T01:55:05.332Z,ESP32_ENERGY_MONITOR_001,23.17,51.11,23,2.67,223.37,0.01,ok
2025-12-14T02:00:05.332Z,ESP32_ENERGY_MONITOR_001,23.83,49.32,23,2.68,216.69,0.01,ok
2025-12-14T02:05:05.332Z,ESP32_ENERGY_MONITOR_001,24.70,49.63,23,3.23,223.83,0.01,ok
2025-12-14T02:10:05.332Z,ESP32_ENERGY_MONITOR_001,25.07,47.97,26,3.24,224.40,0.01,ok
2025-12-14T02:15:05.332Z,ESP32_ENERGY_MONITOR_001,24.38,50.08,29,3.51,216.53,0.02,ok
2025-12-14T02:20:05.332Z,ESP32_ENERGY_MONITOR_001,25.01,47.58,21,3.22,218.37,0.01,ok
2025-12-14T02:25:05.332Z,ESP32_ENERGY_MONITOR_001,25.08,49.85,28,3.24,221.56,0.01,ok
2025-12-14T02:30:05.332Z,ESP32_ENERGY_MONITOR_001,23.25,49.19,20,2.57,218.11,0.01,ok
2025-12-14T02:35:05.332Z,ESP32_ENERGY_MONITOR_001,23.80,48.87,21,2.84,219.27,0.01,ok
2025-12-14T02:40:05.332Z,ESP32_ENERGY_MONITOR_001,23.29,48.23,28,2.94,220.59,0.01,ok
2025-12-14T02:45:05.332Z,ESP32_ENERGY_MONITOR_001,24.32,48.93,28,3.46,221.86,0.02,ok
2025-12-14T02:50:05.332Z,ESP32_ENERGY_MONITOR_001,24.03,50.57,20,2.85,217.79,0.01,ok
2025-12-14T02:55:05.332Z,ESP32_ENERGY_MONITOR_001,25.16,50.75,23,3.10,223.14,0.01,ok
2025-12-14T03:00:05.332Z,ESP32_ENERGY_MONITOR_001,24.80,47.24,25,3.16,222.40,0.01,ok
2025-12-14T03:05:05.332Z,ESP32_ENERGY_MONITOR_001,25.23,47.04,24,3.54,224.66,0.02,ok
2025-12-14T03:10:05.332Z,ESP32_ENERGY_MONITOR_001,24.65,46.17,25,3.20,220.00,0.01,ok
2025-12-14T03:15:05.332Z,ESP32_ENERGY_MONITOR_001,25.20,48.83,32,3.40,216.05,0.02,ok
2025-12-14T03:20:05.332Z,ESP32_ENERGY_MONITOR_001,24.37,47.13,27,3.32,216.54,0.02,ok
2025-12-14T03:25:05.332Z,ESP32_ENERGY_MONITOR_001,25.27,48.68,27,3.67,218.21,0.02,ok
2025-12-14T03:30:05.332Z,ESP32_ENERGY_MONITOR_001,24.23,48.49,26,3.01,218.44,0.01,ok
2025-12-14T03:35:05.332Z,ESP32_ENERGY_MONITOR_001,24.46,46.85,24,3.27,223.00,0.01,ok
2025-12-14T03:40:05.332Z,ESP32_ENERGY_MONITOR_001,25.92,45.54,33,3.87,217.73,0.02,ok
2025-12-14T03:45:05.332Z,ESP32_ENERGY_MONITOR_001,24.44,46.01,26,3.13,216.65,0.01,ok
2025-12-14T03:50:05.332Z,ESP32_ENERGY_MONITOR_001,24.64,47.10,25,3.16,220.13,0.01,ok
2025-12-14T03:55:05.332Z,ESP32_ENERGY_MONITOR_001,25.58,49.10,28,3.75,215.55,0.02,ok
2025-12-14T04:00:05.332Z,ESP32_ENERGY_MONITOR_001,26.74,47.10,36,4.17,215.71,0.02,ok
2025-12-14T04:05:05.332Z,ESP32_ENERGY_MONITOR_001,25.81,43.90,33,4.05,219.04,0.02,ok
2025-12-14T04:10:05.332Z,ESP32_ENERGY_MONITOR_001,26.56,46.73,27,3.77,216.62,0.02,ok
2025-12-14T04:15:05.332Z,ESP32_ENERGY_MONITOR_001,25.70,44.59,28,3.58,218.74,0.02,ok
2025-12-14T04:20:05.332Z,ESP32_ENERGY_MONITOR_001,26.69,44.34,27,3.84,218.34,0.02,ok
2025-12-14T04:25:05.332Z,ESP32_ENERGY_MONITOR_001,25.99,46.36,28,3.86,219.36,0.02,ok
2025-12-14T04:30:05.332Z,ESP32_ENERGY_MONITOR_001,26.42,44.66,29,3.94,219.14,0.02,ok
2025-12-14T04:35:05.332Z,ESP32_ENERGY_MONITOR_001,25.66,44.30,29,3.81,223.71,0.02,ok
2025-12-14T04:40:05.332Z,ESP32_ENERGY_MONITOR_001,25.20,47.02,29,3.44,217.18,0.02,ok
2025-12-14T04:45:05.332Z,ESP32_ENERGY_MONITOR_001,25.34,43.72,31,3.42,217.64,0.02,ok
2025-12-14T04:50:05.332Z,ESP32_ENERGY_MONITOR_001,25.77,45.74,36,3.83,222.97,0.02,ok
2025-12-14T04:55:05.332Z,ESP32_ENERGY_MONITOR_001,25.82,46.56,36,4.23,218.53,0.02,ok
2025-12-14T05:00:05.332Z,ESP32_ENERGY_MONITOR_001,26.34,46.94,29,3.82,224.86,0.02,ok
2025-12-14T05:05:05.332Z,ESP32_ENERGY_MONITOR_001,25.90,45.97,31,3.76,216.89,0.02,ok
2025-12-14T05:10:05.332Z,ESP32_ENERGY_MONITOR_001,26.17,46.01,30,3.62,219.08,0.02,ok
2025-12-14T05:15:05.332Z,ESP32_ENERGY_MONITOR_001,25.64,46.43,37,3.99,217.86,0.02,ok
2025-12-14T05:20:05.332Z,ESP32_ENERGY_MONITOR_001,26.27,42.77,38,3.96,217.05,0.02,ok
2025-12-14T05:25:05.332Z,ESP32_ENERGY_MONITOR_001,25.47,46.25,31,3.79,219.62,0.02,ok
2025-12-14T05:30:05.332Z,ESP32_ENERGY_MONITOR_001,25.25,43.96,38,3.96,216.23,0.02,ok
2025-12-14T05:35:05.332Z,ESP32_ENERGY_MONITOR_001,26.41,45.49,31,4.04,215.99,0.02,ok
2025-12-14T05:40:05.332Z,ESP32_ENERGY_MONITOR_001,25.12,45.37,33,3.77,221.93,0.02,ok
2025-12-14T05:45:05.332Z,ESP32_ENERGY_MONITOR_001,25.49,47.34,31,3.65,217.04,0.02,ok
2025-12-14T05:50:05.332Z,ESP32_ENERGY_MONITOR_001,26.29,46.21,30,3.96,219.60,0.02,ok
2025-12-14T05:55:05.332Z,ESP32_ENERGY_MONITOR_001,25.41,43.86,31,3.67,216.04,0.02,ok
2025-12-14T06:00:05.332Z,ESP32_ENERGY_MONITOR_001,26.53,45.17,29,3.76,224.88,0.02,ok
2025-12-14T06:05:05.332Z,ESP32_ENERGY_MONITOR_001,26.23,47.74,38,4.13,220.43,0.02,ok
2025-12-14T06:10:05.332Z,ESP32_ENERGY_MONITOR_001,24.81,44.57,29,3.57,219.03,0.02,ok
2025-12-14T06:15:05.332Z,ESP32_ENERGY_MONITOR_001,25.95,45.33,35,4.01,217.75,0.02,ok
2025-12-14T06:20:05.332Z,ESP32_ENERGY_MONITOR_001,26.12,45.92,30,3.74,215.56,0.02,ok
2025-12-14T06:25:05.332Z,ESP32_ENERGY_MONITOR_001,25.61,45.78,38,3.76,219.51,0.02,ok
2025-12-14T06:30:05.332Z,ESP32_ENERGY_MONITOR_001,25.97,43.99,37,4.31,217.43,0.02,ok
2025-12-14T06:35:05.332Z,ESP32_ENERGY_MONITOR_001,25.67,43.86,30,3.86,216.58,0.02,ok
2025-12-14T06:40:05.332Z,ESP32_ENERGY_MONITOR_001,24.87,43.96,36,3.69,219.93,0.02,ok
2025-12-14T06:45:05.332Z,ESP32_ENERGY_MONITOR_001,25.69,47.34,36,3.74,218.46,0.02,ok
2025-12-14T06:50:05.332Z,ESP32_ENERGY_MONITOR_001,25.89,46.15,37,4.29,220.76,0.02,ok
2025-12-14T06:55:05.332Z,ESP32_ENERGY_MONITOR_001,25.75,47.14,38,3.90,215.81,0.02,ok
2025-12-14T07:00:05.332Z,ESP32_ENERGY_MONITOR_001,25.87,46.83,32,3.72,215.05,0.02,ok
2025-12-14T07:05:05.332Z,ESP32_ENERGY_MONITOR_001,24.32,47.99,32,3.56,219.81,0.02,ok
2025-12-14T07:10:05.332Z,ESP32_ENERGY_MONITOR_001,24.48,45.02,33,3.25,218.89,0.01,ok
2025-12-14T07:15:05.332Z,ESP32_ENERGY_MONITOR_001,24.46,47.81,34,3.54,215.76,0.02,ok
2025-12-14T07:20:05.332Z,ESP32_ENERGY_MONITOR_001,24.58,46.24,36,3.46,219.53,0.02,ok
2025-12-14T07:25:05.332Z,ESP32_ENERGY_MONITOR_001,25.78,45.22,33,3.63,224.61,0.02,ok
2025-12-14T07:30:05.332Z,ESP32_ENERGY_MONITOR_001,25.76,46.61,28,3.75,224.69,0.02,ok
2025-12-14T07:35:05.332Z,ESP32_ENERGY_MONITOR_001,24.59,46.89,35,3.56,216.00,0.02,ok
2025-12-14T07:40:05.332Z,ESP32_ENERGY_MONITOR_001,24.60,45.13,30,3.27,217.08,0.01,ok
2025-12-14T07:45:05.332Z,ESP32_ENERGY_MONITOR_001,26.17,48.51,32,3.69,224.45,0.02,ok
2025-12-14T07:50:05.332Z,ESP32_ENERGY_MONITOR_001,24.43,47.78,29,3.42,217.36,0.02,ok
2025-12-14T07:55:05.332Z,ESP32_ENERGY_MONITOR_001,26.05,46.42,35,4.19,218.76,0.02,ok
2025-12-14T08:00:05.332Z,ESP32_ENERGY_MONITOR_001,23.83,47.40,25,2.88,222.26,0.01,ok
2025-12-14T08:05:05.332Z,ESP32_ENERGY_MONITOR_001,24.29,51.23,32,3.51,220.60,0.02,ok
2025-12-14T08:10:05.332Z,ESP32_ENERGY_MONITOR_001,23.37,50.29,32,3.14,222.03,0.01,ok
2025-12-14T08:15:05.332Z,ESP32_ENERGY_MONITOR_001,24.89,49.50,33,3.80,221.73,0.02,ok
2025-12-14T08:20:05.332Z,ESP32_ENERGY_MONITOR_001,24.64,48.05,28,3.14,217.75,0.01,ok
2025-12-14T08:25:05.332Z,ESP32_ENERGY_MONITOR_001,25.08,50.34,30,3.62,219.49,0.02,ok
2025-12-14T08:30:05.332Z,ESP32_ENERGY_MONITOR_001,24.59,49.01,33,3.42,222.52,0.02,ok
2025-12-14T08:35:05.332Z,ESP32_ENERGY_MONITOR_001,23.79,51.74,29,3.31,219.67,0.02,ok
2025-12-14T08:40:05.332Z,ESP32_ENERGY_MONITOR_001,25.01,47.13,28,3.53,219.51,0.02,ok
2025-12-14T08:45:05.332Z,ESP32_ENERGY_MONITOR_001,24.74,50.37,27,3.35,223.84,0.02,ok
2025-12-14T08:50:05.332Z,ESP32_ENERGY_MONITOR_001,23.38,51.78,30,3.21,221.16,0.01,ok
2025-12-14T08:55:05.332Z,ESP32_ENERGY_MONITOR_001,24.67,49.11,24,2.94,224.71,0.01,ok
2025-12-14T09:00:05.332Z,ESP32_ENERGY_MONITOR_001,23.57,51.84,22,3.09,224.76,0.01,ok
2025-12-14T09:05:05.332Z,ESP32_ENERGY_MONITOR_001,22.11,53.72,22,2.94,224.74,0.01,ok
2025-12-14T09:10:05.332Z,ESP32_ENERGY_MONITOR_001,23.16,53.61,26,2.80,215.21,0.01,ok
2025-12-14T09:15:05.332Z,ESP32_ENERGY_MONITOR_001,23.68,52.88,20,2.95,221.55,0.01,ok
2025-12-14T09:20:05.332Z,ESP32_ENERGY_MONITOR_001,22.73,50.78,27,2.88,217.14,0.01,ok
2025-12-14T09:25:05.332Z,ESP32_ENERGY_MONITOR_001,23.82,54.52,26,2.90,222.56,0.01,ok
2025-12-14T09:30:05.332Z,ESP32_ENERGY_MONITOR_001,22.47,53.40,23,2.69,223.82,0.01,ok
2025-12-14T09:35:05.332Z,ESP32_ENERGY_MONITOR_001,22.78,51.78,22,3.09,222.95,0.01,ok
2025-12-14T09:40:05.332Z,ESP32_ENERGY_MONITOR_001,22.16,52.00,23,2.77,224.48,0.01,ok
2025-12-14T09:45:05.332Z,ESP32_ENERGY_MONITOR_001,23.35,52.20,28,2.88,216.34,0.01,ok
2025-12-14T09:50:05.332Z,ESP32_ENERGY_MONITOR_001,23.58,53.88,24,2.79,217.22,0.01,ok
2025-12-14T09:55:05.332Z,ESP32_ENERGY_MONITOR_001,22.28,50.14,26,3.03,219.24,0.01,ok
2025-12-14T10:00:05.332Z,ESP32_ENERGY_MONITOR_001,22.52,57.58,22,3.10,216.74,0.01,ok
2025-12-14T10:05:05.332Z,ESP32_ENERGY_MONITOR_001,21.94,56.43,24,2.78,217.20,0.01,ok
2025-12-14T10:10:05.332Z,ESP32_ENERGY_MONITOR_001,21.72,54.00,22,2.71,219.85,0.01,ok
2025-12-14T10:15:05.332Z,ESP32_ENERGY_MONITOR_001,22.46,54.35,24,3.16,217.26,0.01,ok
2025-12-14T10:20:05.332Z,ESP32_ENERGY_MONITOR_001,21.81,58.04,16,2.87,217.44,0.01,ok
2025-12-14T10:25:05.332Z,ESP32_ENERGY_MONITOR_001,21.91,58.57,23,3.11,224.23,0.01,ok
2025-12-14T10:30:05.332Z,ESP32_ENERGY_MONITOR_001,21.92,54.16,20,2.99,217.57,0.01,ok
2025-12-14T10:35:05.332Z,ESP32_ENERGY_MONITOR_001,20.92,57.68,23,2.86,219.67,0.01,ok
2025-12-14T10:40:05.332Z,ESP32_ENERGY_MONITOR_001,21.69,55.56,24,2.90,217.33,0.01,ok
2025-12-14T10:45:05.332Z,ESP32_ENERGY_MONITOR_001,21.84,57.34,16,2.53,221.87,0.01,ok
2025-12-14T10:50:05.332Z,ESP32_ENERGY_MONITOR_001,21.95,54.61,16,2.69,219.89,0.01,ok
2025-12-14T10:55:05.332Z,ESP32_ENERGY_MONITOR_001,21.94,56.23,22,2.93,216.49,0.01,ok
2025-12-14T11:00:05.332Z,ESP32_ENERGY_MONITOR_001,19.92,59.69,0,2.24,216.17,0.01,ok
2025-12-14T11:05:05.332Z,ESP32_ENERGY_MONITOR_001,20.15,60.05,5,2.35,216.29,0.01,ok
2025-12-14T11:10:05.332Z,ESP32_ENERGY_MONITOR_001,20.87,60.47,0,1.94,224.47,0.01,ok
2025-12-14T11:15:05.332Z,ESP32_ENERGY_MONITOR_001,19.93,62.03,1,1.90,222.23,0.01,ok
2025-12-14T11:20:05.332Z,ESP32_ENERGY_MONITOR_001,20.26,60.68,6,2.22,217.24,0.01,ok
2025-12-14T11:25:05.332Z,ESP32_ENERGY_MONITOR_001,20.41,62.17,6,2.06,222.71,0.01,ok
2025-12-14T11:30:05.332Z,ESP32_ENERGY_MONITOR_001,20.61,60.13,7,2.48,222.23,0.01,ok
2025-12-14T11:35:05.332Z,ESP32_ENERGY_MONITOR_001,20.75,61.78,1,2.16,223.26,0.01,ok
2025-12-14T11:40:05.332Z,ESP32_ENERGY_MONITOR_001,20.69,57.53,7,2.24,219.67,0.01,ok
2025-12-14T11:45:05.332Z,ESP32_ENERGY_MONITOR_001,20.48,59.33,1,2.04,219.95,0.01,ok
2025-12-14T11:50:05.332Z,ESP32_ENERGY_MONITOR_001,19.68,60.60,6,2.46,219.14,0.01,ok
2025-12-14T11:55:05.332Z,ESP32_ENERGY_MONITOR_001,20.80,58.55,5,1.98,219.00,0.01,ok
2025-12-14T12:00:05.332Z,ESP32_ENERGY_MONITOR_001,18.32,62.48,0,2.23,217.35,0.01,ok
2025-12-14T12:05:05.332Z,ESP32_ENERGY_MONITOR_001,18.91,63.27,0,1.93,224.49,0.01,ok
2025-12-14T12:10:05.332Z,ESP32_ENERGY_MONITOR_001,19.19,61.87,3,1.87,216.41,0.01,ok
2025-12-14T12:15:05.332Z,ESP32_ENERGY_MONITOR_001,18.22,64.63,9,2.53,223.88,0.01,ok
2025-12-14T12:20:05.332Z,ESP32_ENERGY_MONITOR_001,18.96,65.84,0,1.76,222.62,0.01,ok
2025-12-14T12:25:05.332Z,ESP32_ENERGY_MONITOR_001,18.87,62.07,7,2.43,217.93,0.01,ok
2025-12-14T12:30:05.332Z,ESP32_ENERGY_MONITOR_001,18.37,65.20,8,2.20,220.56,0.01,ok
2025-12-14T12:35:05.332Z,ESP32_ENERGY_MONITOR_001,18.51,62.46,0,1.98,222.21,0.01,ok
2025-12-14T12:40:05.332Z,ESP32_ENERGY_MONITOR_001,19.19,63.73,8,2.31,219.68,0.01,ok
2025-12-14T12:45:05.332Z,ESP32_ENERGY_MONITOR_001,19.02,64.23,3,2.09,220.96,0.01,ok
2025-12-14T12:50:05.332Z,ESP32_ENERGY_MONITOR_001,18.64,65.74,3,2.16,217.64,0.01,ok
2025-12-14T12:55:05.332Z,ESP32_ENERGY_MONITOR_001,19.02,66.16,4,2.10,221.96,0.01,ok
2025-12-14T13:00:05.332Z,ESP32_ENERGY_MONITOR_001,17.28,65.83,6,2.05,217.24,0.01,ok
2025-12-14T13:05:05.332Z,ESP32_ENERGY_MONITOR_001,16.10,65.66,6,2.13,221.91,0.01,ok
2025-12-14T13:10:05.332Z,ESP32_ENERGY_MONITOR_001,17.65,69.14,4,2.33,222.16,0.01,ok
2025-12-14T13:15:05.332Z,ESP32_ENERGY_MONITOR_001,17.97,66.98,5,2.09,218.15,0.01,ok
2025-12-14T13:20:05.332Z,ESP32_ENERGY_MONITOR_001,17.02,65.86,5,2.35,217.74,0.01,ok
2025-12-14T13:25:05.332Z,ESP32_ENERGY_MONITOR_001,16.33,66.69,5,2.15,223.99,0.01,ok
2025-12-14T13:30:05.332Z,ESP32_ENERGY_MONITOR_001,17.82,66.80,2,2.03,220.70,0.01,ok
2025-12-14T13:35:05.332Z,ESP32_ENERGY_MONITOR_001,17.32,67.28,6,2.49,217.79,0.01,ok
2025-12-14T13:40:05.332Z,ESP32_ENERGY_MONITOR_001,16.14,67.88,8,2.44,220.32,0.01,ok
2025-12-14T13:45:05.332Z,ESP32_ENERGY_MONITOR_001,17.92,68.92,2,2.16,221.34,0.01,ok
2025-12-14T13:50:05.332Z,ESP32_ENERGY_MONITOR_001,17.39,67.67,2,2.26,215.93,0.01,ok
2025-12-14T13:55:05.332Z,ESP32_ENERGY_MONITOR_001,16.54,69.23,8,2.18,216.56,0.01,ok
2025-12-14T14:00:05.332Z,ESP32_ENERGY_MONITOR_001,16.07,71.79,2,2.19,222.58,0.01,ok
2025-12-14T14:05:05.332Z,ESP32_ENERGY_MONITOR_001,15.28,71.79,7,2.28,223.83,0.01,ok
2025-12-14T14:10:05.332Z,ESP32_ENERGY_MONITOR_001,14.87,70.95,1,1.89,215.69,0.01,ok
2025-12-14T14:15:05.332Z,ESP32_ENERGY_MONITOR_001,15.55,71.96,4,2.04,222.26,0.01,ok
2025-12-14T14:20:05.332Z,ESP32_ENERGY_MONITOR_001,15.64,69.98,6,2.35,222.21,0.01,ok
2025-12-14T14:25:05.332Z,ESP32_ENERGY_MONITOR_001,15.19,69.71,1,1.83,224.67,0.01,ok
2025-12-14T14:30:05.332Z,ESP32_ENERGY_MONITOR_001,16.58,71.45,5,2.45,219.42,0.01,ok
2025-12-14T14:35:05.332Z,ESP32_ENERGY_MONITOR_001,14.77,70.29,3,2.34,215.99,0.01,ok
2025-12-14T14:40:05.332Z,ESP32_ENERGY_MONITOR_001,15.19,69.48,2,2.05,220.91,0.01,ok
2025-12-14T14:45:05.332Z,ESP32_ENERGY_MONITOR_001,15.29,70.47,5,2.09,220.46,0.01,ok
2025-12-14T14:50:05.332Z,ESP32_ENERGY_MONITOR_001,15.08,69.58,1,1.80,223.18,0.01,ok
2025-12-14T14:55:05.332Z,ESP32_ENERGY_MONITOR_001,15.90,71.11,5,2.26,218.28,0.01,ok
2025-12-14T15:00:05.332Z,ESP32_ENERGY_MONITOR_001,15.43,72.40,0,2.10,219.00,0.01,ok
2025-12-14T15:05:05.332Z,ESP32_ENERGY_MONITOR_001,14.73,74.24,1,2.27,218.69,0.01,ok
2025-12-14T15:10:05.332Z,ESP32_ENERGY_MONITOR_001,14.51,74.16,3,2.01,223.70,0.01,ok
2025-12-14T15:15:05.332Z,ESP32_ENERGY_MONITOR_001,15.44,73.29,9,2.21,218.75,0.01,ok
2025-12-14T15:20:05.332Z,ESP32_ENERGY_MONITOR_001,13.90,72.49,0,2.05,218.93,0.01,ok
2025-12-14T15:25:05.332Z,ESP32_ENERGY_MONITOR_001,14.03,72.41,1,2.06,219.48,0.01,ok
2025-12-14T15:30:05.332Z,ESP32_ENERGY_MONITOR_001,14.86,71.58,4,2.33,218.64,0.01,ok
2025-12-14T15:35:05.332Z,ESP32_ENERGY_MONITOR_001,14.60,72.12,5,2.09,220.17,0.01,ok
2025-12-14T15:40:05.332Z,ESP32_ENERGY_MONITOR_001,14.16,72.13,7,2.11,221.33,0.01,ok
2025-12-14T15:45:05.332Z,ESP32_ENERGY_MONITOR_001,15.27,71.98,4,2.41,215.41,0.01,ok
2025-12-14T15:50:05.332Z,ESP32_ENERGY_MONITOR_001,15.07,70.55,9,2.14,218.29,0.01,ok
2025-12-14T15:55:05.332Z,ESP32_ENERGY_MONITOR_001,15.44,74.88,6,2.48,215.23,0.01,ok
2025-12-14T16:00:05.332Z,ESP32_ENERGY_MONITOR_001,13.55,75.58,4,2.37,224.11,0.01,ok
2025-12-14T16:05:05.332Z,ESP32_ENERGY_MONITOR_001,13.54,73.55,0,2.16,219.59,0.01,ok
2025-12-14T16:10:05.332Z,ESP32_ENERGY_MONITOR_001,14.21,75.10,2,1.90,218.72,0.01,ok
2025-12-14T16:15:05.332Z,ESP32_ENERGY_MONITOR_001,14.81,73.73,2,2.32,222.03,0.01,ok
2025-12-14T16:20:05.332Z,ESP32_ENERGY_MONITOR_001,13.59,74.49,7,2.27,217.03,0.01,ok
2025-12-14T16:25:05.332Z,ESP32_ENERGY_MONITOR_001,14.23,75.28,9,2.52,216.51,0.01,ok
2025-12-14T16:30:05.332Z,ESP32_ENERGY_MONITOR_001,14.82,74.77,3,2.35,218.10,0.01,ok
2025-12-14T16:35:05.332Z,ESP32_ENERGY_MONITOR_001,13.94,73.51,2,2.04,216.13,0.01,ok
2025-12-14T16:40:05.332Z,ESP32_ENERGY_MONITOR_001,14.55,74.72,5,2.38,223.38,0.01,ok
2025-12-14T16:45:05.332Z,ESP32_ENERGY_MONITOR_001,13.45,73.48,6,2.08,219.59,0.01,ok
2025-12-14T16:50:05.332Z,ESP32_ENERGY_MONITOR_001,14.41,75.69,6,2.36,224.09,0.01,ok
2025-12-14T16:55:05.332Z,ESP32_ENERGY_MONITOR_001,13.60,74.06,0,2.04,224.44,0.01,ok
2025-12-14T17:00:05.332Z,ESP32_ENERGY_MONITOR_001,13.14,77.33,1,1.85,220.62,0.01,ok
2025-12-14T17:05:05.332Z,ESP32_ENERGY_MONITOR_001,13.31,73.49,7,2.14,215.82,0.01,ok
2025-12-14T17:10:05.332Z,ESP32_ENERGY_MONITOR_001,13.50,76.66,5,2.39,218.93,0.01,ok
2025-12-14T17:15:05.332Z,ESP32_ENERGY_MONITOR_001,13.58,73.66,4,1.97,216.97,0.01,ok
2025-12-14T17:20:05.332Z,ESP32_ENERGY_MONITOR_001,13.64,73.70,8,2.37,216.71,0.01,ok
2025-12-14T17:25:05.332Z,ESP32_ENERGY_MONITOR_001,14.34,74.31,6,2.39,217.45,0.01,ok
2025-12-14T17:30:05.332Z,ESP32_ENERGY_MONITOR_001,13.20,73.11,0,1.86,224.26,0.01,ok
2025-12-14T17:35:05.332Z,ESP32_ENERGY_MONITOR_001,14.58,74.13,7,2.11,215.91,0.01,ok
2025-12-14T17:40:05.332Z,ESP32_ENERGY_MONITOR_001,13.57,73.22,3,2.26,218.70,0.01,ok
2025-12-14T17:45:05.332Z,ESP32_ENERGY_MONITOR_001,14.06,73.93,7,2.14,224.91,0.01,ok
2025-12-14T17:50:05.332Z,ESP32_ENERGY_MONITOR_001,13.88,74.70,3,2.12,220.49,0.01,ok
2025-12-14T17:55:05.332Z,ESP32_ENERGY_MONITOR_001,14.62,76.59,6,2.00,224.15,0.01,ok
2025-12-14T18:00:05.332Z,ESP32_ENERGY_MONITOR_001,14.61,75.76,9,2.54,220.46,0.01,ok
2025-12-14T18:05:05.332Z,ESP32_ENERGY_MONITOR_001,14.91,74.45,6,2.11,221.01,0.01,ok
2025-12-14T18:10:05.332Z,ESP32_ENERGY_MONITOR_001,13.26,72.18,6,2.21,222.58,0.01,ok
2025-12-14T18:15:05.332Z,ESP32_ENERGY_MONITOR_001,14.53,75.65,4,2.10,218.00,0.01,ok
2025-12-14T18:20:05.332Z,ESP32_ENERGY_MONITOR_001,14.94,75.89,0,2.16,215.46,0.01,ok
2025-12-14T18:25:05.332Z,ESP32_ENERGY_MONITOR_001,13.86,74.63,7,2.27,224.46,0.01,ok
2025-12-14T18:30:05.332Z,ESP32_ENERGY_MONITOR_001,15.09,72.44,2,2.26,218.95,0.01,ok
2025-12-14T18:35:05.332Z,ESP32_ENERGY_MONITOR_001,14.45,76.31,3,2.20,220.91,0.01,ok
2025-12-14T18:40:05.332Z,ESP32_ENERGY_MONITOR_001,14.37,74.34,0,1.85,224.29,0.01,ok
2025-12-14T18:45:05.332Z,ESP32_ENERGY_MONITOR_001,14.00,73.02,8,2.08,217.53,0.01,ok
2025-12-14T18:50:05.332Z,ESP32_ENERGY_MONITOR_001,14.45,75.74,9,2.36,224.96,0.01,ok
2025-12-14T18:55:05.332Z,ESP32_ENERGY_MONITOR_001,14.97,76.13,2,1.95,222.12,0.01,ok
2025-12-14T19:00:05.332Z,ESP32_ENERGY_MONITOR_001,14.53,74.51,7,2.30,221.08,0.01,ok
2025-12-14T19:05:05.332Z,ESP32_ENERGY_MONITOR_001,14.38,70.76,9,2.41,222.01,0.01,ok
2025-12-14T19:10:05.332Z,ESP32_ENERGY_MONITOR_001,14.77,75.19,6,2.49,222.46,0.01,ok
2025-12-14T19:15:05.332Z,ESP32_ENERGY_MONITOR_001,15.50,74.59,5,2.24,217.96,0.01,ok
2025-12-14T19:20:05.332Z,ESP32_ENERGY_MONITOR_001,14.52,75.08,9,2.28,221.06,0.01,ok
2025-12-14T19:25:05.332Z,ESP32_ENERGY_MONITOR_001,14.69,72.74,3,2.35,217.98,0.01,ok
2025-12-14T19:30:05.332Z,ESP32_ENERGY_MONITOR_001,14.53,73.28,4,2.13,224.82,0.01,ok
2025-12-14T19:35:05.332Z,ESP32_ENERGY_MONITOR_001,13.96,74.85,3,1.96,218.52,0.01,ok
2025-12-14T19:40:05.332Z,ESP32_ENERGY_MONITOR_001,14.88,73.40,3,2.36,220.48,0.01,ok
2025-12-14T19:45:05.332Z,ESP32_ENERGY_MONITOR_001,15.24,73.97,9,2.52,215.30,0.01,ok
2025-12-14T19:50:05.332Z,ESP32_ENERGY_MONITOR_001,14.25,71.21,7,2.37,220.99,0.01,ok
2025-12-14T19:55:05.332Z,ESP32_ENERGY_MONITOR_001,15.78,73.66,7,2.38,222.08,0.01,ok
2025-12-14T20:00:05.332Z,ESP32_ENERGY_MONITOR_001,15.81,68.65,6,2.16,218.78,0.01,ok
2025-12-14T20:05:05.332Z,ESP32_ENERGY_MONITOR_001,16.56,68.15,1,2.09,218.87,0.01,ok
2025-12-14T20:10:05.332Z,ESP32_ENERGY_MONITOR_001,16.46,71.05,3,2.04,221.62,0.01,ok
2025-12-14T20:15:05.332Z,ESP32_ENERGY_MONITOR_001,15.46,68.62,0,1.84,217.18,0.01,ok
2025-12-14T20:20:05.332Z,ESP32_ENERGY_MONITOR_001,15.45,69.00,0,1.80,223.24,0.01,ok
2025-12-14T20:25:05.332Z,ESP32_ENERGY_MONITOR_001,15.77,73.07,3,2.36,222.25,0.01,ok
2025-12-14T20:30:05.332Z,ESP32_ENERGY_MONITOR_001,15.59,68.98,7,2.22,216.69,0.01,ok
2025-12-14T20:35:05.332Z,ESP32_ENERGY_MONITOR_001,15.31,71.16,9,2.22,218.89,0.01,ok
2025-12-14T20:40:05.332Z,ESP32_ENERGY_MONITOR_001,14.80,69.95,7,2.43,220.97,0.01,ok
2025-12-14T20:45:05.332Z,ESP32_ENERGY_MONITOR_001,15.85,70.45,1,2.03,224.73,0.01,ok
2025-12-14T20:50:05.332Z,ESP32_ENERGY_MONITOR_001,15.52,71.94,2,2.02,223.24,0.01,ok
2025-12-14T20:55:05.332Z,ESP32_ENERGY_MONITOR_001,15.99,69.04,5,2.32,221.35,0.01,ok
2025-12-14T21:00:05.332Z,ESP32_ENERGY_MONITOR_001,16.78,67.62,2,2.33,218.64,0.01,ok
2025-12-14T21:05:05.332Z,ESP32_ENERGY_MONITOR_001,17.60,65.02,5,2.20,218.02,0.01,ok
2025-12-14T21:10:05.332Z,ESP32_ENERGY_MONITOR_001,17.80,65.50,4,2.31,215.21,0.01,ok
2025-12-14T21:15:05.332Z,ESP32_ENERGY_MONITOR_001,17.47,66.96,1,2.22,221.57,0.01,ok
2025-12-14T21:20:05.332Z,ESP32_ENERGY_MONITOR_001,17.11,69.96,0,1.83,219.32,0.01,ok
2025-12-14T21:25:05.332Z,ESP32_ENERGY_MONITOR_001,16.77,68.03,2,2.16,216.02,0.01,ok
2025-12-14T21:30:05.332Z,ESP32_ENERGY_MONITOR_001,17.57,65.15,1,2.12,222.29,0.01,ok
2025-12-14T21:35:05.332Z,ESP32_ENERGY_MONITOR_001,16.47,66.02,4,2.34,216.94,0.01,ok
2025-12-14T21:40:05.332Z,ESP32_ENERGY_MONITOR_001,17.36,68.44,6,2.32,219.73,0.01,ok
2025-12-14T21:45:05.332Z,ESP32_ENERGY_MONITOR_001,17.19,69.94,8,2.55,215.62,0.01,ok
2025-12-14T21:50:05.332Z,ESP32_ENERGY_MONITOR_001,17.54,66.96,4,2.34,220.38,0.01,ok
2025-12-14T21:55:05.332Z,ESP32_ENERGY_MONITOR_001,17.39,67.13,4,2.12,218.43,0.01,ok
2025-12-14T22:00:05.332Z,ESP32_ENERGY_MONITOR_001,18.37,65.84,2,2.01,223.01,0.01,ok
2025-12-14T22:05:05.332Z,ESP32_ENERGY_MONITOR_001,17.96,64.16,3,2.01,219.22,0.01,ok
2025-12-14T22:10:05.332Z,ESP32_ENERGY_MONITOR_001,18.54,64.08,6,2.24,218.92,0.01,ok
2025-12-14T22:15:05.332Z,ESP32_ENERGY_MONITOR_001,19.35,63.19,4,1.94,216.48,0.01,ok
2025-12-14T22:20:05.332Z,ESP32_ENERGY_MONITOR_001,17.52,62.82,7,2.23,219.51,0.01,ok
2025-12-14T22:25:05.332Z,ESP32_ENERGY_MONITOR_001,19.23,64.91,4,1.96,216.31,0.01,ok
2025-12-14T22:30:05.332Z,ESP32_ENERGY_MONITOR_001,17.81,62.01,4,2.02,224.63,0.01,ok
2025-12-14T22:35:05.332Z,ESP32_ENERGY_MONITOR_001,17.76,65.93,6,2.42,218.70,0.01,ok
2025-12-14T22:40:05.332Z,ESP32_ENERGY_MONITOR_001,17.75,63.67,8,2.45,224.61,0.01,ok
2025-12-14T22:45:05.332Z,ESP32_ENERGY_MONITOR_001,17.60,62.03,0,1.90,223.13,0.01,ok
2025-12-14T22:50:05.332Z,ESP32_ENERGY_MONITOR_001,19.09,62.57,7,2.16,220.00,0.01,ok
2025-12-14T22:55:05.332Z,ESP32_ENERGY_MONITOR_001,18.34,66.24,9,2.49,221.68,0.01,ok
2025-12-14T23:00:05.332Z,ESP32_ENERGY_MONITOR_001,19.98,58.57,9,2.18,219.86,0.01,ok
2025-12-14T23:05:05.332Z,ESP32_ENERGY_MONITOR_001,20.19,61.42,5,2.14,222.03,0.01,ok
2025-12-14T23:10:05.332Z,ESP32_ENERGY_MONITOR_001,20.04,58.41,7,2.47,216.41,0.01,ok
2025-12-14T23:15:05.332Z,ESP32_ENERGY_MONITOR_001,20.98,60.58,5,2.27,219.86,0.01,ok
2025-12-14T23:20:05.332Z,ESP32_ENERGY_MONITOR_001,19.24,61.24,9,2.37,219.76,0.01,ok
2025-12-14T23:25:05.332Z,ESP32_ENERGY_MONITOR_001,20.71,58.68,4,2.28,221.30,0.01,ok
2025-12-14T23:30:05.332Z,ESP32_ENERGY_MONITOR_001,19.29,58.70,8,2.51,219.72,0.01,ok
2025-12-14T23:35:05.332Z,ESP32_ENERGY_MONITOR_001,19.77,59.87,2,2.30,218.10,0.01,ok
2025-12-14T23:40:05.332Z,ESP32_ENERGY_MONITOR_001,20.92,57.87,8,2.11,217.89,0.01,ok
2025-12-14T23:45:05.332Z,ESP32_ENERGY_MONITOR_001,20.54,59.40,0,1.84,216.37,0.01,ok
2025-12-14T23:50:05.332Z,ESP32_ENERGY_MONITOR_001,20.13,59.00,6,2.04,219.86,0.01,ok
2025-12-14T23:55:05.332Z,ESP32_ENERGY_MONITOR_001,20.15,58.18,7,2.23,224.15,0.01,ok
2025-12-15T00:00:05.332Z,ESP32_ENERGY_MONITOR_001,22.39,58.47,4,1.98,224.70,0.01,ok
2025-12-15T00:05:05.332Z,ESP32_ENERGY_MONITOR_001,22.15,56.75,5,2.24,223.82,0.01,ok
2025-12-15T00:10:05.332Z,ESP32_ENERGY_MONITOR_001,21.45,54.04,4,2.41,221.36,0.01,ok
2025-12-15T00:15:05.332Z,ESP32_ENERGY_MONITOR_001,21.18,58.21,4,1.92,222.11,0.01,ok
2025-12-15T00:20:05.332Z,ESP32_ENERGY_MONITOR_001,21.95,57.92,5,2.33,218.18,0.01,ok
2025-12-15T00:25:05.332Z,ESP32_ENERGY_MONITOR_001,21.15,53.68,4,2.27,218.90,0.01,ok
2025-12-15T00:30:05.332Z,ESP32_ENERGY_MONITOR_001,20.70,54.82,9,2.32,220.12,0.01,ok
2025-12-15T00:35:05.332Z,ESP32_ENERGY_MONITOR_001,21.99,55.55,8,2.55,219.56,0.01,ok
2025-12-15T00:40:05.332Z,ESP32_ENERGY_MONITOR_001,21.29,55.05,4,2.14,216.18,0.01,ok
2025-12-15T00:45:05.332Z,ESP32_ENERGY_MONITOR_001,20.58,54.04,8,2.36,218.96,0.01,ok
2025-12-15T00:50:05.332Z,ESP32_ENERGY_MONITOR_001,22.42,57.55,4,2.26,219.26,0.01,ok
2025-12-15T00:55:05.332Z,ESP32_ENERGY_MONITOR_001,22.29,57.59,8,2.47,223.72,0.01,ok
2025-12-15T01:00:05.332Z,ESP32_ENERGY_MONITOR_001,23.56,51.09,23,2.85,217.08,0.01,ok
2025-12-15T01:05:05.332Z,ESP32_ENERGY_MONITOR_001,23.11,50.57,15,2.74,222.48,0.01,ok
2025-12-15T01:10:05.332Z,ESP32_ENERGY_MONITOR_001,22.54,54.93,17,2.90,215.44,0.01,ok
2025-12-15T01:15:05.332Z,ESP32_ENERGY_MONITOR_001,22.15,51.31,16,2.65,216.52,0.01,ok
2025-12-15T01:20:05.332Z,ESP32_ENERGY_MONITOR_001,22.18,50.65,23,3.16,217.17,0.01,ok
2025-12-15T01:25:05.332Z,ESP32_ENERGY_MONITOR_001,23.11,52.43,16,2.82,216.93,0.01,ok
2025-12-15T01:30:05.332Z,ESP32_ENERGY_MONITOR_001,22.35,54.63,22,3.02,217.19,0.01,ok
2025-12-15T01:35:05.332Z,ESP32_ENERGY_MONITOR_001,23.80,53.41,22,2.91,221.03,0.01,ok
2025-12-15T01:40:05.332Z,ESP32_ENERGY_MONITOR_001,23.76,53.65,23,3.09,218.86,0.01,ok
2025-12-15T01:45:05.332Z,ESP32_ENERGY_MONITOR_001,23.39,52.48,20,2.63,219.35,0.01,ok
2025-12-15T01:50:05.332Z,ESP32_ENERGY_MONITOR_001,22.15,50.89,16,2.55,218.42,0.01,ok
2025-12-15T01:55:05.332Z,ESP32_ENERGY_MONITOR_001,23.68,54.13,23,2.74,222.00,0.01,ok
2025-12-15T02:00:05.332Z,ESP32_ENERGY_MONITOR_001,23.71,47.22,28,2.90,222.27,0.01,ok
2025-12-15T02:05:05.332Z,ESP32_ENERGY_MONITOR_001,24.25,50.86,28,3.26,217.34,0.01,ok
2025-12-15T02:10:05.332Z,ESP32_ENERGY_MONITOR_001,23.72,48.12,26,3.09,218.66,0.01,ok
2025-12-15T02:15:05.332Z,ESP32_ENERGY_MONITOR_001,23.45,49.51,22,3.12,216.11,0.01,ok
2025-12-15T02:20:05.332Z,ESP32_ENERGY_MONITOR_001,23.67,49.30,27,2.83,222.36,0.01,ok
2025-12-15T02:25:05.332Z,ESP32_ENERGY_MONITOR_001,24.83,47.85,22,2.91,221.60,0.01,ok
2025-12-15T02:30:05.332Z,ESP32_ENERGY_MONITOR_001,25.15,51.65,23,3.10,219.86,0.01,ok
2025-12-15T02:35:05.332Z,ESP32_ENERGY_MONITOR_001,24.77,49.42,24,3.14,218.01,0.01,ok
2025-12-15T02:40:05.332Z,ESP32_ENERGY_MONITOR_001,24.78,49.71,24,3.44,217.73,0.02,ok
2025-12-15T02:45:05.332Z,ESP32_ENERGY_MONITOR_001,24.43,47.93,21,2.84,216.99,0.01,ok
2025-12-15T02:50:05.332Z,ESP32_ENERGY_MONITOR_001,24.37,49.99,22,3.11,215.43,0.01,ok
2025-12-15T02:55:05.332Z,ESP32_ENERGY_MONITOR_001,25.09,49.95,21,3.16,215.46,0.01,ok
2025-12-15T03:00:05.332Z,ESP32_ENERGY_MONITOR_001,24.60,46.84,29,3.48,216.54,0.02,ok
2025-12-15T03:05:05.332Z,ESP32_ENERGY_MONITOR_001,24.88,48.31,32,3.54,223.85,0.02,ok
2025-12-15T03:10:05.332Z,ESP32_ENERGY_MONITOR_001,25.63,45.07,32,3.86,219.30,0.02,ok
2025-12-15T03:15:05.332Z,ESP32_ENERGY_MONITOR_001,24.48,47.16,27,3.18,217.09,0.01,ok
2025-12-15T03:20:05.332Z,ESP32_ENERGY_MONITOR_001,24.25,46.25,27,3.40,223.17,0.02,ok
2025-12-15T03:25:05.332Z,ESP32_ENERGY_MONITOR_001,25.53,46.76,26,3.37,221.67,0.02,ok
2025-12-15T03:30:05.332Z,ESP32_ENERGY_MONITOR_001,24.88,45.98,24,3.39,221.06,0.02,ok
2025-12-15T03:35:05.332Z,ESP32_ENERGY_MONITOR_001,25.35,46.91,24,3.49,218.98,0.02,ok
2025-12-15T03:40:05.332Z,ESP32_ENERGY_MONITOR_001,26.05,48.04,32,3.69,222.25,0.02,ok
2025-12-15T03:45:05.332Z,ESP32_ENERGY_MONITOR_001,25.81,48.88,33,3.63,219.48,0.02,ok
2025-12-15T03:50:05.332Z,ESP32_ENERGY_MONITOR_001,25.05,45.78,33,3.60,219.04,0.02,ok
2025-12-15T03:55:05.332Z,ESP32_ENERGY_MONITOR_001,25.75,48.77,24,3.45,222.51,0.02,ok
2025-12-15T04:00:05.332Z,ESP32_ENERGY_MONITOR_001,25.78,44.81,33,3.82,221.73,0.02,ok
2025-12-15T04:05:05.332Z,ESP32_ENERGY_MONITOR_001,25.60,47.25,29,3.84,220.24,0.02,ok
2025-12-15T04:10:05.332Z,ESP32_ENERGY_MONITOR_001,25.58,45.39,36,3.90,221.52,0.02,ok
2025-12-15T04:15:05.332Z,ESP32_ENERGY_MONITOR_001,26.42,47.99,35,4.16,218.58,0.02,ok
2025-12-15T04:20:05.332Z,ESP32_ENERGY_MONITOR_001,26.58,44.43,28,3.97,222.43,0.02,ok
2025-12-15T04:25:05.332Z,ESP32_ENERGY_MONITOR_001,25.97,43.59,29,3.55,224.35,0.02,ok
2025-12-15T04:30:05.332Z,ESP32_ENERGY_MONITOR_001,25.78,46.90,35,3.94,218.40,0.02,ok
2025-12-15T04:35:05.332Z,ESP32_ENERGY_MONITOR_001,26.52,46.57,34,4.24,222.02,0.02,ok
2025-12-15T04:40:05.332Z,ESP32_ENERGY_MONITOR_001,26.54,43.81,29,3.73,216.13,0.02,ok
2025-12-15T04:45:05.332Z,ESP32_ENERGY_MONITOR_001,25.10,46.01,29,3.52,221.56,0.02,ok
2025-12-15T04:50:05.332Z,ESP32_ENERGY_MONITOR_001,24.81,45.54,31,3.47,223.34,0.02,ok
2025-12-15T04:55:05.332Z,ESP32_ENERGY_MONITOR_001,26.54,46.03,36,4.21,216.32,0.02,ok
2025-12-15T05:00:05.332Z,ESP32_ENERGY_MONITOR_001,26.42,43.27,37,4.07,224.95,0.02,ok
2025-12-15T05:05:05.332Z,ESP32_ENERGY_MONITOR_001,26.27,44.77,38,4.35,218.33,0.02,ok
2025-12-15T05:10:05.332Z,ESP32_ENERGY_MONITOR_001,26.97,44.82,34,4.48,215.73,0.02,ok
2025-12-15T05:15:05.332Z,ESP32_ENERGY_MONITOR_001,26.98,44.62,36,4.56,223.96,0.02,ok
2025-12-15T05:20:05.332Z,ESP32_ENERGY_MONITOR_001,26.04,42.72,30,3.83,224.71,0.02,ok
2025-12-15T05:25:05.332Z,ESP32_ENERGY_MONITOR_001,26.35,45.78,37,4.10,216.14,0.02,ok
2025-12-15T05:30:05.332Z,ESP32_ENERGY_MONITOR_001,26.56,46.94,38,4.27,216.64,0.02,ok
2025-12-15T05:35:05.332Z,ESP32_ENERGY_MONITOR_001,26.10,46.36,33,3.92,223.33,0.02,ok
2025-12-15T05:40:05.332Z,ESP32_ENERGY_MONITOR_001,25.42,43.01,34,3.70,223.38,0.02,ok
2025-12-15T05:45:05.332Z,ESP32_ENERGY_MONITOR_001,25.42,43.89,31,3.76,220.32,0.02,ok
2025-12-15T05:50:05.332Z,ESP32_ENERGY_MONITOR_001,26.94,44.56,31,4.31,215.42,0.02,ok
2025-12-15T05:55:05.332Z,ESP32_ENERGY_MONITOR_001,25.14,43.99,37,3.63,218.65,0.02,ok
2025-12-15T06:00:05.332Z,ESP32_ENERGY_MONITOR_001,24.81,43.13,29,3.60,220.60,0.02,ok
2025-12-15T06:05:05.332Z,ESP32_ENERGY_MONITOR_001,25.42,46.52,30,3.79,216.67,0.02,ok
2025-12-15T06:10:05.332Z,ESP32_ENERGY_MONITOR_001,26.04,47.15,29,3.75,221.66,0.02,ok
2025-12-15T06:15:05.332Z,ESP32_ENERGY_MONITOR_001,25.90,47.50,30,3.62,222.85,0.02,ok
2025-12-15T06:20:05.332Z,ESP32_ENERGY_MONITOR_001,26.23,43.42,38,4.30,219.80,0.02,ok
2025-12-15T06:25:05.332Z,ESP32_ENERGY_MONITOR_001,25.32,45.51,29,3.66,217.35,0.02,ok
2025-12-15T06:30:05.332Z,ESP32_ENERGY_MONITOR_001,25.82,47.40,31,3.59,218.06,0.02,ok
2025-12-15T06:35:05.332Z,ESP32_ENERGY_MONITOR_001,24.94,43.91,36,3.84,216.83,0.02,ok
2025-12-15T06:40:05.332Z,ESP32_ENERGY_MONITOR_001,26.78,46.58,31,4.09,218.74,0.02,ok
2025-12-15T06:45:05.332Z,ESP32_ENERGY_MONITOR_001,25.50,43.08,37,3.93,218.52,0.02,ok
2025-12-15T06:50:05.332Z,ESP32_ENERGY_MONITOR_001,26.30,46.38,34,4.19,216.71,0.02,ok
2025-12-15T06:55:05.332Z,ESP32_ENERGY_MONITOR_001,25.25,43.57,38,3.74,215.60,0.02,ok
2025-12-15T07:00:05.332Z,ESP32_ENERGY_MONITOR_001,24.48,45.94,30,3.44,218.01,0.02,ok
2025-12-15T07:05:05.332Z,ESP32_ENERGY_MONITOR_001,25.08,46.25,28,3.51,220.71,0.02,ok
2025-12-15T07:10:05.332Z,ESP32_ENERGY_MONITOR_001,25.99,46.36,33,3.81,216.71,0.02,ok
2025-12-15T07:15:05.332Z,ESP32_ENERGY_MONITOR_001,26.19,46.64,35,3.97,220.70,0.02,ok
2025-12-15T07:20:05.332Z,ESP32_ENERGY_MONITOR_001,24.46,47.75,28,3.33,221.82,0.02,ok
2025-12-15T07:25:05.332Z,ESP32_ENERGY_MONITOR_001,25.10,48.92,29,3.40,218.55,0.02,ok
2025-12-15T07:30:05.332Z,ESP32_ENERGY_MONITOR_001,25.60,45.11,29,3.40,215.88,0.02,ok
2025-12-15T07:35:05.332Z,ESP32_ENERGY_MONITOR_001,24.73,46.93,30,3.66,220.54,0.02,ok
2025-12-15T07:40:05.332Z,ESP32_ENERGY_MONITOR_001,26.09,49.14,34,3.86,224.07,0.02,ok
2025-12-15T07:45:05.332Z,ESP32_ENERGY_MONITOR_001,24.45,45.01,36,3.34,219.13,0.02,ok
2025-12-15T07:50:05.332Z,ESP32_ENERGY_MONITOR_001,25.57,49.28,35,4.03,223.15,0.02,ok
2025-12-15T07:55:05.332Z,ESP32_ENERGY_MONITOR_001,24.43,48.95,33,3.41,217.10,0.02,ok
2025-12-15T08:00:05.332Z,ESP32_ENERGY_MONITOR_001,23.70,50.89,27,2.96,220.52,0.01,ok
2025-12-15T08:05:05.332Z,ESP32_ENERGY_MONITOR_001,23.98,50.18,24,3.19,218.96,0.01,ok
2025-12-15T08:10:05.332Z,ESP32_ENERGY_MONITOR_001,23.30,51.13,28,3.36,221.17,0.02,ok
2025-12-15T08:15:05.332Z,ESP32_ENERGY_MONITOR_001,24.51,47.20,26,3.37,221.80,0.02,ok
2025-12-15T08:20:05.332Z,ESP32_ENERGY_MONITOR_001,24.36,48.05,31,3.32,224.87,0.02,ok
2025-12-15T08:25:05.332Z,ESP32_ENERGY_MONITOR_001,24.20,50.34,26,2.88,224.27,0.01,ok
2025-12-15T08:30:05.332Z,ESP32_ENERGY_MONITOR_001,24.35,51.32,30,3.16,219.05,0.01,ok
2025-12-15T08:35:05.332Z,ESP32_ENERGY_MONITOR_001,24.45,51.51,26,3.28,220.78,0.01,ok
2025-12-15T08:40:05.332Z,ESP32_ENERGY_MONITOR_001,23.33,51.38,30,3.14,216.07,0.01,ok
2025-12-15T08:45:05.332Z,ESP32_ENERGY_MONITOR_001,23.58,51.82,32,3.39,221.29,0.02,ok
2025-12-15T08:50:05.332Z,ESP32_ENERGY_MONITOR_001,25.08,47.75,28,3.53,215.69,0.02,ok
2025-12-15T08:55:05.332Z,ESP32_ENERGY_MONITOR_001,25.10,51.77,33,3.53,217.35,0.02,ok
2025-12-15T09:00:05.332Z,ESP32_ENERGY_MONITOR_001,23.04,52.78,25,2.83,222.32,0.01,ok
2025-12-15T09:05:05.332Z,ESP32_ENERGY_MONITOR_001,22.76,50.90,22,2.79,220.71,0.01,ok
2025-12-15T09:10:05.332Z,ESP32_ENERGY_MONITOR_001,23.74,53.49,26,2.81,216.30,0.01,ok
2025-12-15T09:15:05.332Z,ESP32_ENERGY_MONITOR_001,23.51,53.97,27,3.10,219.62,0.01,ok
2025-12-15T09:20:05.332Z,ESP32_ENERGY_MONITOR_001,23.27,52.81,20,2.95,217.24,0.01,ok
2025-12-15T09:25:05.332Z,ESP32_ENERGY_MONITOR_001,22.16,52.60,27,3.21,215.06,0.01,ok
2025-12-15T09:30:05.332Z,ESP32_ENERGY_MONITOR_001,22.97,52.67,28,3.02,220.31,0.01,ok
2025-12-15T09:35:05.332Z,ESP32_ENERGY_MONITOR_001,23.43,51.38,24,3.03,216.84,0.01,ok
2025-12-15T09:40:05.332Z,ESP32_ENERGY_MONITOR_001,23.38,54.77,21,2.69,217.94,0.01,ok
2025-12-15T09:45:05.332Z,ESP32_ENERGY_MONITOR_001,22.61,50.46,26,3.08,224.66,0.01,ok
2025-12-15T09:50:05.332Z,ESP32_ENERGY_MONITOR_001,22.41,53.63,21,2.59,217.72,0.01,ok
2025-12-15T09:55:05.332Z,ESP32_ENERGY_MONITOR_001,22.59,50.17,24,3.04,223.83,0.01,ok
2025-12-15T10:00:05.332Z,ESP32_ENERGY_MONITOR_001,21.04,54.74,17,2.64,222.62,0.01,ok
2025-12-15T10:05:05.332Z,ESP32_ENERGY_MONITOR_001,22.26,53.94,17,2.83,223.20,0.01,ok
2025-12-15T10:10:05.332Z,ESP32_ENERGY_MONITOR_001,22.15,56.62,21,2.94,219.53,0.01,ok
2025-12-15T10:15:05.332Z,ESP32_ENERGY_MONITOR_001,22.03,58.00,20,2.95,219.49,0.01,ok
2025-12-15T10:20:05.332Z,ESP32_ENERGY_MONITOR_001,22.34,54.06,20,2.88,219.04,0.01,ok
2025-12-15T10:25:05.332Z,ESP32_ENERGY_MONITOR_001,22.44,57.33,22,2.66,215.64,0.01,ok
2025-12-15T10:30:05.332Z,ESP32_ENERGY_MONITOR_001,21.32,55.03,22,3.03,215.26,0.01,ok
2025-12-15T10:35:05.332Z,ESP32_ENERGY_MONITOR_001,22.39,53.83,16,2.84,223.56,0.01,ok
2025-12-15T10:40:05.332Z,ESP32_ENERGY_MONITOR_001,22.10,54.40,22,2.79,216.26,0.01,ok
2025-12-15T10:45:05.332Z,ESP32_ENERGY_MONITOR_001,22.01,55.51,16,2.83,222.24,0.01,ok
2025-12-15T10:50:05.332Z,ESP32_ENERGY_MONITOR_001,21.94,56.51,21,2.92,220.46,0.01,ok
2025-12-15T10:55:05.332Z,ESP32_ENERGY_MONITOR_001,22.36,54.34,20,2.63,221.85,0.01,ok
2025-12-15T11:00:05.332Z,ESP32_ENERGY_MONITOR_001,20.75,61.02,0,2.21,215.70,0.01,ok
2025-12-15T11:05:05.332Z,ESP32_ENERGY_MONITOR_001,19.97,62.11,9,2.32,217.03,0.01,ok
2025-12-15T11:10:05.332Z,ESP32_ENERGY_MONITOR_001,19.94,59.40,5,2.04,216.73,0.01,ok
2025-12-15T11:15:05.332Z,ESP32_ENERGY_MONITOR_001,19.43,57.94,8,2.21,217.31,0.01,ok
2025-12-15T11:20:05.332Z,ESP32_ENERGY_MONITOR_001,20.66,59.80,9,2.29,217.29,0.01,ok
2025-12-15T11:25:05.332Z,ESP32_ENERGY_MONITOR_001,19.61,60.63,7,2.29,216.43,0.01,ok
2025-12-15T11:30:05.332Z,ESP32_ENERGY_MONITOR_001,20.81,58.96,6,2.27,221.44,0.01,ok
2025-12-15T11:35:05.332Z,ESP32_ENERGY_MONITOR_001,20.78,58.75,8,2.13,218.40,0.01,ok
2025-12-15T11:40:05.332Z,ESP32_ENERGY_MONITOR_001,20.79,61.50,9,2.53,219.33,0.01,ok
2025-12-15T11:45:05.332Z,ESP32_ENERGY_MONITOR_001,19.74,60.26,0,2.03,217.49,0.01,ok
2025-12-15T11:50:05.332Z,ESP32_ENERGY_MONITOR_001,19.23,62.21,4,2.02,221.38,0.01,ok
2025-12-15T11:55:05.332Z,ESP32_ENERGY_MONITOR_001,20.02,58.04,7,2.48,224.84,0.01,ok
2025-12-15T12:00:05.332Z,ESP32_ENERGY_MONITOR_001,18.05,62.84,4,2.27,216.66,0.01,ok
2025-12-15T12:05:05.332Z,ESP32_ENERGY_MONITOR_001,18.19,64.91,8,2.56,216.49,0.01,ok
2025-12-15T12:10:05.332Z,ESP32_ENERGY_MONITOR_001,17.80,62.99,6,2.10,216.27,0.01,ok
2025-12-15T12:15:05.332Z,ESP32_ENERGY_MONITOR_001,18.91,62.85,0,2.16,221.01,0.01,ok
2025-12-15T12:20:05.332Z,ESP32_ENERGY_MONITOR_001,18.70,66.05,0,2.12,218.44,0.01,ok
2025-12-15T12:25:05.332Z,ESP32_ENERGY_MONITOR_001,18.60,63.62,5,2.18,223.26,0.01,ok
2025-12-15T12:30:05.332Z,ESP32_ENERGY_MONITOR_001,18.11,64.74,0,2.21,216.94,0.01,ok
2025-12-15T12:35:05.332Z,ESP32_ENERGY_MONITOR_001,18.20,63.16,5,2.27,224.30,0.01,ok
2025-12-15T12:40:05.332Z,ESP32_ENERGY_MONITOR_001,18.68,62.35,2,2.10,215.28,0.01,ok
2025-12-15T12:45:05.332Z,ESP32_ENERGY_MONITOR_001,18.82,63.26,0,1.81,221.86,0.01,ok
2025-12-15T12:50:05.332Z,ESP32_ENERGY_MONITOR_001,18.86,63.51,4,1.93,218.15,0.01,ok
2025-12-15T12:55:05.332Z,ESP32_ENERGY_MONITOR_001,18.60,66.21,8,2.43,221.18,0.01,ok
2025-12-15T13:00:05.332Z,ESP32_ENERGY_MONITOR_001,17.83,67.89,9,2.58,215.65,0.01,ok
2025-12-15T13:05:05.332Z,ESP32_ENERGY_MONITOR_001,16.92,67.54,9,2.21,221.12,0.01,ok
2025-12-15T13:10:05.332Z,ESP32_ENERGY_MONITOR_001,17.36,67.85,8,2.37,220.23,0.01,ok
2025-12-15T13:15:05.332Z,ESP32_ENERGY_MONITOR_001,16.10,67.37,9,2.15,222.12,0.01,ok
2025-12-15T13:20:05.332Z,ESP32_ENERGY_MONITOR_001,16.39,66.40,0,2.01,218.37,0.01,ok
2025-12-15T13:25:05.332Z,ESP32_ENERGY_MONITOR_001,16.85,68.65,0,1.93,218.80,0.01,ok
2025-12-15T13:30:05.332Z,ESP32_ENERGY_MONITOR_001,16.96,65.80,7,2.20,220.50,0.01,ok
2025-12-15T13:35:05.332Z,ESP32_ENERGY_MONITOR_001,16.93,69.44,5,2.32,217.42,0.01,ok
2025-12-15T13:40:05.332Z,ESP32_ENERGY_MONITOR_001,16.85,66.02,9,2.33,223.04,0.01,ok
2025-12-15T13:45:05.332Z,ESP32_ENERGY_MONITOR_001,16.05,68.93,6,2.04,217.86,0.01,ok
2025-12-15T13:50:05.332Z,ESP32_ENERGY_MONITOR_001,16.76,68.30,8,2.33,224.85,0.01,ok
2025-12-15T13:55:05.332Z,ESP32_ENERGY_MONITOR_001,17.87,69.32,5,2.22,219.54,0.01,ok
2025-12-15T14:00:05.332Z,ESP32_ENERGY_MONITOR_001,15.66,70.85,8,2.54,215.24,0.01,ok
2025-12-15T14:05:05.332Z,ESP32_ENERGY_MONITOR_001,16.28,68.57,8,2.15,222.47,0.01,ok
2025-12-15T14:10:05.332Z,ESP32_ENERGY_MONITOR_001,15.96,72.68,9,2.14,220.92,0.01,ok
2025-12-15T14:15:05.332Z,ESP32_ENERGY_MONITOR_001,15.91,72.40,9,2.25,216.61,0.01,ok
2025-12-15T14:20:05.332Z,ESP32_ENERGY_MONITOR_001,15.48,72.89,9,2.60,218.11,0.01,ok
2025-12-15T14:25:05.332Z,ESP32_ENERGY_MONITOR_001,15.00,69.95,0,1.90,223.42,0.01,ok
2025-12-15T14:30:05.332Z,ESP32_ENERGY_MONITOR_001,15.25,68.43,9,2.43,223.05,0.01,ok
2025-12-15T14:35:05.332Z,ESP32_ENERGY_MONITOR_001,15.90,71.65,5,2.34,224.28,0.01,ok
2025-12-15T14:40:05.332Z,ESP32_ENERGY_MONITOR_001,15.48,71.17,3,2.19,219.30,0.01,ok
2025-12-15T14:45:05.332Z,ESP32_ENERGY_MONITOR_001,16.15,69.46,3,1.94,215.75,0.01,ok
2025-12-15T14:50:05.332Z,ESP32_ENERGY_MONITOR_001,15.80,68.85,4,2.07,215.98,0.01,ok
2025-12-15T14:55:05.332Z,ESP32_ENERGY_MONITOR_001,16.42,71.75,4,2.29,216.83,0.01,ok
2025-12-15T15:00:05.332Z,ESP32_ENERGY_MONITOR_001,14.61,71.22,3,2.07,224.31,0.01,ok
2025-12-15T15:05:05.332Z,ESP32_ENERGY_MONITOR_001,15.17,71.33,5,2.37,216.23,0.01,ok
2025-12-15T15:10:05.332Z,ESP32_ENERGY_MONITOR_001,15.44,73.02,1,2.20,215.55,0.01,ok
2025-12-15T15:15:05.332Z,ESP32_ENERGY_MONITOR_001,14.56,70.56,1,2.12,222.00,0.01,ok
2025-12-15T15:20:05.332Z,ESP32_ENERGY_MONITOR_001,15.01,70.60,5,1.96,219.06,0.01,ok
2025-12-15T15:25:05.332Z,ESP32_ENERGY_MONITOR_001,14.49,74.26,7,2.12,222.83,0.01,ok
2025-12-15T15:30:05.332Z,ESP32_ENERGY_MONITOR_001,15.69,74.96,5,2.37,219.15,0.01,ok
2025-12-15T15:35:05.332Z,ESP32_ENERGY_MONITOR_001,14.28,72.38,6,2.00,218.55,0.01,ok
2025-12-15T15:40:05.332Z,ESP32_ENERGY_MONITOR_001,14.87,75.21,7,2.08,222.88,0.01,ok
2025-12-15T15:45:05.332Z,ESP32_ENERGY_MONITOR_001,14.72,70.95,9,2.31,224.27,0.01,ok
2025-12-15T15:50:05.332Z,ESP32_ENERGY_MONITOR_001,14.99,70.76,8,2.42,223.60,0.01,ok
2025-12-15T15:55:05.332Z,ESP32_ENERGY_MONITOR_001,14.10,72.63,1,2.06,223.69,0.01,ok
2025-12-15T16:00:05.332Z,ESP32_ENERGY_MONITOR_001,14.34,72.01,6,2.29,224.60,0.01,ok
2025-12-15T16:05:05.332Z,ESP32_ENERGY_MONITOR_001,14.10,72.38,7,2.35,217.52,0.01,ok
2025-12-15T16:10:05.332Z,ESP32_ENERGY_MONITOR_001,14.17,73.92,8,2.41,215.56,0.01,ok
2025-12-15T16:15:05.332Z,ESP32_ENERGY_MONITOR_001,15.09,76.09,3,2.23,215.82,0.01,ok
2025-12-15T16:20:05.332Z,ESP32_ENERGY_MONITOR_001,13.68,73.91,9,2.20,223.07,0.01,ok
2025-12-15T16:25:05.332Z,ESP32_ENERGY_MONITOR_001,14.34,76.18,9,2.18,215.54,0.01,ok
2025-12-15T16:30:05.332Z,ESP32_ENERGY_MONITOR_001,14.04,73.81,4,2.29,221.82,0.01,ok
2025-12-15T16:35:05.332Z,ESP32_ENERGY_MONITOR_001,13.86,72.14,2,2.24,222.78,0.01,ok
2025-12-15T16:40:05.332Z,ESP32_ENERGY_MONITOR_001,13.82,73.74,1,2.22,215.60,0.01,ok
2025-12-15T16:45:05.332Z,ESP32_ENERGY_MONITOR_001,15.20,72.45,8,2.45,223.86,0.01,ok
2025-12-15T16:50:05.332Z,ESP32_ENERGY_MONITOR_001,13.42,73.97,1,1.89,217.75,0.01,ok
2025-12-15T16:55:05.332Z,ESP32_ENERGY_MONITOR_001,13.47,73.09,9,2.18,224.68,0.01,ok
2025-12-15T17:00:05.332Z,ESP32_ENERGY_MONITOR_001,13.63,73.64,0,2.18,220.40,0.01,ok
2025-12-15T17:05:05.332Z,ESP32_ENERGY_MONITOR_001,14.96,72.87,5,2.21,217.82,0.01,ok
2025-12-15T17:10:05.332Z,ESP32_ENERGY_MONITOR_001,13.82,76.19,2,2.09,223.84,0.01,ok
2025-12-15T17:15:05.332Z,ESP32_ENERGY_MONITOR_001,13.23,74.53,7,2.36,224.72,0.01,ok
2025-12-15T17:20:05.332Z,ESP32_ENERGY_MONITOR_001,13.35,75.02,0,1.85,223.64,0.01,ok
2025-12-15T17:25:05.332Z,ESP32_ENERGY_MONITOR_001,13.43,73.43,8,2.28,223.63,0.01,ok
2025-12-15T17:30:05.332Z,ESP32_ENERGY_MONITOR_001,14.19,75.04,2,2.11,217.68,0.01,ok
2025-12-15T17:35:05.332Z,ESP32_ENERGY_MONITOR_001,14.44,77.29,0,1.92,222.98,0.01,ok
2025-12-15T17:40:05.332Z,ESP32_ENERGY_MONITOR_001,13.64,72.83,2,2.11,223.79,0.01,ok
2025-12-15T17:45:05.332Z,ESP32_ENERGY_MONITOR_001,14.34,76.07,2,2.01,220.04,0.01,ok
2025-12-15T17:50:05.332Z,ESP32_ENERGY_MONITOR_001,13.84,74.09,1,1.96,221.03,0.01,ok
2025-12-15T17:55:05.332Z,ESP32_ENERGY_MONITOR_001,14.50,76.78,8,2.26,219.23,0.01,ok
2025-12-15T18:00:05.332Z,ESP32_ENERGY_MONITOR_001,14.06,75.60,7,2.52,224.80,0.01,ok
2025-12-15T18:05:05.332Z,ESP32_ENERGY_MONITOR_001,14.91,76.22,2,2.16,215.76,0.01,ok
2025-12-15T18:10:05.332Z,ESP32_ENERGY_MONITOR_001,15.09,74.33,4,2.03,223.05,0.01,ok
2025-12-15T18:15:05.332Z,ESP32_ENERGY_MONITOR_001,14.27,73.20,6,2.23,224.50,0.01,ok
2025-12-15T18:20:05.332Z,ESP32_ENERGY_MONITOR_001,13.66,73.78,1,2.20,218.34,0.01,ok
2025-12-15T18:25:05.332Z,ESP32_ENERGY_MONITOR_001,13.59,75.59,7,2.22,217.86,0.01,ok
2025-12-15T18:30:05.332Z,ESP32_ENERGY_MONITOR_001,13.65,73.32,8,2.26,222.10,0.01,ok
2025-12-15T18:35:05.332Z,ESP32_ENERGY_MONITOR_001,15.15,74.65,3,2.37,219.78,0.01,ok
2025-12-15T18:40:05.332Z,ESP32_ENERGY_MONITOR_001,13.27,75.51,8,2.08,224.70,0.01,ok
2025-12-15T18:45:05.332Z,ESP32_ENERGY_MONITOR_001,13.23,73.65,2,2.20,218.40,0.01,ok
2025-12-15T18:50:05.332Z,ESP32_ENERGY_MONITOR_001,14.46,72.14,9,2.52,216.85,0.01,ok
2025-12-15T18:55:05.332Z,ESP32_ENERGY_MONITOR_001,13.91,76.45,0,2.19,223.66,0.01,ok
2025-12-15T19:00:05.332Z,ESP32_ENERGY_MONITOR_001,14.05,72.91,4,2.18,223.26,0.01,ok
2025-12-15T19:05:05.332Z,ESP32_ENERGY_MONITOR_001,14.32,71.73,4,2.15,223.60,0.01,ok
2025-12-15T19:10:05.332Z,ESP32_ENERGY_MONITOR_001,13.92,72.04,8,2.13,217.15,0.01,ok
2025-12-15T19:15:05.332Z,ESP32_ENERGY_MONITOR_001,14.61,74.79,2,2.20,222.69,0.01,ok
2025-12-15T19:20:05.332Z,ESP32_ENERGY_MONITOR_001,15.77,71.44,8,2.54,223.75,0.01,ok
2025-12-15T19:25:05.332Z,ESP32_ENERGY_MONITOR_001,14.34,71.28,0,1.84,222.09,0.01,ok
2025-12-15T19:30:05.332Z,ESP32_ENERGY_MONITOR_001,14.76,71.56,1,1.81,221.10,0.01,ok
2025-12-15T19:35:05.332Z,ESP32_ENERGY_MONITOR_001,14.49,75.12,6,2.14,218.98,0.01,ok
2025-12-15T19:40:05.332Z,ESP32_ENERGY_MONITOR_001,14.53,73.45,3,2.05,217.34,0.01,ok
2025-12-15T19:45:05.332Z,ESP32_ENERGY_MONITOR_001,15.36,71.58,7,2.13,222.41,0.01,ok
2025-12-15T19:50:05.332Z,ESP32_ENERGY_MONITOR_001,14.98,72.49,3,1.94,215.17,0.01,ok
2025-12-15T19:55:05.332Z,ESP32_ENERGY_MONITOR_001,14.88,70.52,6,2.26,219.30,0.01,ok
2025-12-15T20:00:05.332Z,ESP32_ENERGY_MONITOR_001,16.58,71.67,9,2.45,220.38,0.01,ok
2025-12-15T20:05:05.332Z,ESP32_ENERGY_MONITOR_001,14.91,72.51,0,1.76,221.56,0.01,ok
2025-12-15T20:10:05.332Z,ESP32_ENERGY_MONITOR_001,16.42,68.69,3,1.99,223.13,0.01,ok
2025-12-15T20:15:05.332Z,ESP32_ENERGY_MONITOR_001,14.97,70.79,5,2.17,221.88,0.01,ok
2025-12-15T20:20:05.332Z,ESP32_ENERGY_MONITOR_001,15.22,71.74,6,2.43,217.78,0.01,ok
2025-12-15T20:25:05.332Z,ESP32_ENERGY_MONITOR_001,16.34,69.19,3,2.10,223.94,0.01,ok
2025-12-15T20:30:05.332Z,ESP32_ENERGY_MONITOR_001,15.40,71.83,2,2.13,224.93,0.01,ok
2025-12-15T20:35:05.332Z,ESP32_ENERGY_MONITOR_001,15.31,69.83,8,2.37,220.03,0.01,ok
2025-12-15T20:40:05.332Z,ESP32_ENERGY_MONITOR_001,15.14,70.41,8,2.13,220.52,0.01,ok
2025-12-15T20:45:05.332Z,ESP32_ENERGY_MONITOR_001,16.56,70.29,1,2.03,221.21,0.01,ok
2025-12-15T20:50:05.332Z,ESP32_ENERGY_MONITOR_001,15.09,71.47,0,2.10,221.70,0.01,ok
2025-12-15T20:55:05.332Z,ESP32_ENERGY_MONITOR_001,16.10,72.68,2,2.19,222.16,0.01,ok
2025-12-15T21:00:05.332Z,ESP32_ENERGY_MONITOR_001,17.64,68.99,9,2.21,221.58,0.01,ok
2025-12-15T21:05:05.332Z,ESP32_ENERGY_MONITOR_001,17.29,66.46,6,2.12,221.99,0.01,ok
2025-12-15T21:10:05.332Z,ESP32_ENERGY_MONITOR_001,17.45,66.08,0,1.87,215.06,0.01,ok
2025-12-15T21:15:05.332Z,ESP32_ENERGY_MONITOR_001,17.75,65.99,4,2.28,222.14,0.01,ok
2025-12-15T21:20:05.332Z,ESP32_ENERGY_MONITOR_001,16.56,67.16,6,2.42,217.93,0.01,ok
2025-12-15T21:25:05.332Z,ESP32_ENERGY_MONITOR_001,16.27,66.33,3,2.08,218.40,0.01,ok
2025-12-15T21:30:05.332Z,ESP32_ENERGY_MONITOR_001,16.51,69.46,6,2.48,221.84,0.01,ok
2025-12-15T21:35:05.332Z,ESP32_ENERGY_MONITOR_001,16.84,67.53,0,1.94,224.17,0.01,ok
2025-12-15T21:40:05.332Z,ESP32_ENERGY_MONITOR_001,16.87,66.92,5,2.27,219.48,0.01,ok
2025-12-15T21:45:05.332Z,ESP32_ENERGY_MONITOR_001,17.86,67.86,6,2.06,224.71,0.01,ok
2025-12-15T21:50:05.332Z,ESP32_ENERGY_MONITOR_001,16.93,68.87,5,2.16,222.29,0.01,ok
2025-12-15T21:55:05.332Z,ESP32_ENERGY_MONITOR_001,16.80,66.24,6,2.48,216.30,0.01,ok
2025-12-15T22:00:05.332Z,ESP32_ENERGY_MONITOR_001,19.31,62.92,4,2.13,217.10,0.01,ok
2025-12-15T22:05:05.332Z,ESP32_ENERGY_MONITOR_001,18.21,64.65,6,2.30,220.89,0.01,ok
2025-12-15T22:10:05.332Z,ESP32_ENERGY_MONITOR_001,19.04,65.70,4,2.38,217.98,0.01,ok
2025-12-15T22:15:05.332Z,ESP32_ENERGY_MONITOR_001,18.81,64.34,2,2.25,224.07,0.01,ok
2025-12-15T22:20:05.332Z,ESP32_ENERGY_MONITOR_001,17.85,63.68,1,1.98,215.15,0.01,ok
2025-12-15T22:25:05.332Z,ESP32_ENERGY_MONITOR_001,19.11,63.58,2,2.30,218.12,0.01,ok
2025-12-15T22:30:05.332Z,ESP32_ENERGY_MONITOR_001,18.12,64.31,7,2.20,220.01,0.01,ok
2025-12-15T22:35:05.332Z,ESP32_ENERGY_MONITOR_001,17.93,64.18,8,2.10,223.24,0.01,ok
2025-12-15T22:40:05.332Z,ESP32_ENERGY_MONITOR_001,17.57,64.13,6,2.43,224.75,0.01,ok
2025-12-15T22:45:05.332Z,ESP32_ENERGY_MONITOR_001,18.84,62.89,8,2.42,217.74,0.01,ok
2025-12-15T22:50:05.332Z,ESP32_ENERGY_MONITOR_001,19.35,63.96,7,2.44,223.36,0.01,ok
2025-12-15T22:55:05.332Z,ESP32_ENERGY_MONITOR_001,19.08,63.12,1,1.93,221.52,0.01,ok
2025-12-15T23:00:05.332Z,ESP32_ENERGY_MONITOR_001,19.16,58.95,9,2.15,221.12,0.01,ok
2025-12-15T23:05:05.332Z,ESP32_ENERGY_MONITOR_001,19.60,62.16,2,2.19,219.61,0.01,ok
2025-12-15T23:10:05.332Z,ESP32_ENERGY_MONITOR_001,20.37,61.53,0,2.16,216.39,0.01,ok
2025-12-15T23:15:05.332Z,ESP32_ENERGY_MONITOR_001,20.19,61.14,9,2.37,216.01,0.01,ok
2025-12-15T23:20:05.332Z,ESP32_ENERGY_MONITOR_001,20.86,58.12,0,2.03,222.61,0.01,ok
2025-12-15T23:25:05.332Z,ESP32_ENERGY_MONITOR_001,20.32,61.23,0,2.24,218.37,0.01,ok
2025-12-15T23:30:05.332Z,ESP32_ENERGY_MONITOR_001,20.72,59.67,6,2.24,218.67,0.01,ok
2025-12-15T23:35:05.332Z,ESP32_ENERGY_MONITOR_001,20.34,58.54,8,2.11,224.37,0.01,ok
2025-12-15T23:40:05.332Z,ESP32_ENERGY_MONITOR_001,20.12,59.06,2,2.05,221.95,0.01,ok
2025-12-15T23:45:05.332Z,ESP32_ENERGY_MONITOR_001,20.32,60.72,8,2.41,217.32,0.01,ok
2025-12-15T23:50:05.332Z,ESP32_ENERGY_MONITOR_001,20.81,60.40,9,2.59,222.55,0.01,ok
2025-12-15T23:55:05.332Z,ESP32_ENERGY_MONITOR_001,19.33,58.22,8,2.54,222.62,0.01,ok
2025-12-16T00:00:05.332Z,ESP32_ENERGY_MONITOR_001,21.98,55.92,9,2.25,224.05,0.01,ok
2025-12-16T00:05:05.332Z,ESP32_ENERGY_MONITOR_001,20.64,56.49,9,2.57,223.51,0.01,ok
2025-12-16T00:10:05.332Z,ESP32_ENERGY_MONITOR_001,22.11,57.71,3,2.34,224.84,0.01,ok
2025-12-16T00:15:05.332Z,ESP32_ENERGY_MONITOR_001,20.78,54.12,4,2.38,222.06,0.01,ok
2025-12-16T00:20:05.332Z,ESP32_ENERGY_MONITOR_001,20.62,56.24,0,1.95,223.65,0.01,ok
2025-12-16T00:25:05.332Z,ESP32_ENERGY_MONITOR_001,21.76,53.74,9,2.53,216.61,0.01,ok
2025-12-16T00:30:05.332Z,ESP32_ENERGY_MONITOR_001,20.76,58.60,3,1.91,219.72,0.01,ok
2025-12-16T00:35:05.332Z,ESP32_ENERGY_MONITOR_001,22.42,54.71,2,2.04,217.89,0.01,ok
2025-12-16T00:40:05.332Z,ESP32_ENERGY_MONITOR_001,22.53,54.46,2,1.91,224.32,0.01,ok
2025-12-16T00:45:05.332Z,ESP32_ENERGY_MONITOR_001,21.50,54.13,8,2.37,217.97,0.01,ok
2025-12-16T00:50:05.332Z,ESP32_ENERGY_MONITOR_001,21.55,56.90,8,2.28,216.66,0.01,ok
2025-12-16T00:55:05.332Z,ESP32_ENERGY_MONITOR_001,22.32,54.17,7,2.19,215.84,0.01,ok
2025-12-16T01:00:05.332Z,ESP32_ENERGY_MONITOR_001,22.49,54.41,16,2.82,222.39,0.01,ok
2025-12-16T01:05:05.332Z,ESP32_ENERGY_MONITOR_001,22.77,50.21,18,2.55,216.41,0.01,ok
2025-12-16T01:10:05.332Z,ESP32_ENERGY_MONITOR_001,22.10,53.17,17,2.88,224.21,0.01,ok
2025-12-16T01:15:05.332Z,ESP32_ENERGY_MONITOR_001,22.37,54.58,17,2.49,217.14,0.01,ok
2025-12-16T01:20:05.332Z,ESP32_ENERGY_MONITOR_001,22.42,54.03,24,2.72,224.78,0.01,ok
2025-12-16T01:25:05.332Z,ESP32_ENERGY_MONITOR_001,22.85,51.18,20,2.86,219.28,0.01,ok
2025-12-16T01:30:05.332Z,ESP32_ENERGY_MONITOR_001,22.03,52.43,23,2.97,215.38,0.01,ok
2025-12-16T01:35:05.332Z,ESP32_ENERGY_MONITOR_001,23.23,50.92,16,2.45,224.23,0.01,ok
2025-12-16T01:40:05.332Z,ESP32_ENERGY_MONITOR_001,23.49,54.17,24,3.21,220.28,0.01,ok
2025-12-16T01:45:05.332Z,ESP32_ENERGY_MONITOR_001,22.38,50.43,20,2.79,216.28,0.01,ok
2025-12-16T01:50:05.332Z,ESP32_ENERGY_MONITOR_001,23.98,54.51,16,2.83,215.53,0.01,ok
2025-12-16T01:55:05.332Z,ESP32_ENERGY_MONITOR_001,22.92,51.04,17,2.66,223.36,0.01,ok
2025-12-16T02:00:05.332Z,ESP32_ENERGY_MONITOR_001,24.30,51.47,27,3.15,220.86,0.01,ok
2025-12-16T02:05:05.332Z,ESP32_ENERGY_MONITOR_001,24.34,51.85,21,2.87,223.68,0.01,ok
2025-12-16T02:10:05.332Z,ESP32_ENERGY_MONITOR_001,23.30,49.34,21,2.85,218.74,0.01,ok
2025-12-16T02:15:05.332Z,ESP32_ENERGY_MONITOR_001,24.36,50.66,27,3.18,219.52,0.01,ok
2025-12-16T02:20:05.332Z,ESP32_ENERGY_MONITOR_001,24.91,47.84,25,3.43,224.36,0.02,ok
2025-12-16T02:25:05.332Z,ESP32_ENERGY_MONITOR_001,23.93,48.13,24,3.12,219.29,0.01,ok
2025-12-16T02:30:05.332Z,ESP32_ENERGY_MONITOR_001,24.26,51.24,26,3.28,219.77,0.01,ok
2025-12-16T02:35:05.332Z,ESP32_ENERGY_MONITOR_001,25.22,49.03,25,3.23,218.43,0.01,ok
2025-12-16T02:40:05.332Z,ESP32_ENERGY_MONITOR_001,24.16,51.15,27,2.93,220.25,0.01,ok
2025-12-16T02:45:05.332Z,ESP32_ENERGY_MONITOR_001,24.55,48.69,23,3.04,216.50,0.01,ok
2025-12-16T02:50:05.332Z,ESP32_ENERGY_MONITOR_001,24.89,50.40,24,3.29,222.58,0.01,ok
2025-12-16T02:55:05.332Z,ESP32_ENERGY_MONITOR_001,23.50,47.97,20,2.95,217.20,0.01,ok
2025-12-16T03:00:05.332Z,ESP32_ENERGY_MONITOR_001,24.21,48.67,26,2.97,223.38,0.01,ok
2025-12-16T03:05:05.332Z,ESP32_ENERGY_MONITOR_001,24.62,48.46,31,3.66,217.74,0.02,ok
2025-12-16T03:10:05.332Z,ESP32_ENERGY_MONITOR_001,25.68,47.33,28,3.76,222.69,0.02,ok
2025-12-16T03:15:05.332Z,ESP32_ENERGY_MONITOR_001,24.57,47.85,26,3.05,215.83,0.01,ok
2025-12-16T03:20:05.332Z,ESP32_ENERGY_MONITOR_001,25.00,48.60,27,3.61,220.30,0.02,ok
2025-12-16T03:25:05.332Z,ESP32_ENERGY_MONITOR_001,24.74,45.57,27,3.27,217.40,0.01,ok
2025-12-16T03:30:05.332Z,ESP32_ENERGY_MONITOR_001,25.72,48.03,24,3.31,223.06,0.02,ok
2025-12-16T03:35:05.332Z,ESP32_ENERGY_MONITOR_001,24.89,45.22,32,3.77,219.76,0.02,ok
2025-12-16T03:40:05.332Z,ESP32_ENERGY_MONITOR_001,24.51,47.61,33,3.43,224.53,0.02,ok
2025-12-16T03:45:05.332Z,ESP32_ENERGY_MONITOR_001,25.35,45.83,30,3.40,220.79,0.02,ok
2025-12-16T03:50:05.332Z,ESP32_ENERGY_MONITOR_001,24.64,45.56,30,3.57,221.13,0.02,ok
2025-12-16T03:55:05.332Z,ESP32_ENERGY_MONITOR_001,24.67,45.23,27,3.19,221.07,0.01,ok
2025-12-16T04:00:05.332Z,ESP32_ENERGY_MONITOR_001,26.25,44.51,34,4.26,221.76,0.02,ok
2025-12-16T04:05:05.332Z,ESP32_ENERGY_MONITOR_001,26.68,45.62,27,3.88,222.59,0.02,ok
2025-12-16T04:10:05.332Z,ESP32_ENERGY_MONITOR_001,24.88,43.46,31,3.49,219.32,0.02,ok
2025-12-16T04:15:05.332Z,ESP32_ENERGY_MONITOR_001,24.96,43.67,31,3.39,221.12,0.02,ok
2025-12-16T04:20:05.332Z,ESP32_ENERGY_MONITOR_001,25.72,46.76,30,3.83,219.85,0.02,ok
2025-12-16T04:25:05.332Z,ESP32_ENERGY_MONITOR_001,26.54,43.79,30,4.07,221.54,0.02,ok
2025-12-16T04:30:05.332Z,ESP32_ENERGY_MONITOR_001,25.35,43.84,30,3.57,216.89,0.02,ok
2025-12-16T04:35:05.332Z,ESP32_ENERGY_MONITOR_001,24.89,46.47,27,3.58,215.64,0.02,ok
2025-12-16T04:40:05.332Z,ESP32_ENERGY_MONITOR_001,24.80,47.43,29,3.36,220.98,0.02,ok
2025-12-16T04:45:05.332Z,ESP32_ENERGY_MONITOR_001,26.33,44.67,28,3.97,218.97,0.02,ok
2025-12-16T04:50:05.332Z,ESP32_ENERGY_MONITOR_001,25.47,45.60,34,3.68,224.75,0.02,ok
2025-12-16T04:55:05.332Z,ESP32_ENERGY_MONITOR_001,25.74,47.48,28,3.89,220.21,0.02,ok
2025-12-16T05:00:05.332Z,ESP32_ENERGY_MONITOR_001,26.15,44.02,38,3.92,220.91,0.02,ok
2025-12-16T05:05:05.332Z,ESP32_ENERGY_MONITOR_001,25.50,46.86,35,4.07,223.73,0.02,ok
2025-12-16T05:10:05.332Z,ESP32_ENERGY_MONITOR_001,26.19,45.20,32,3.86,215.21,0.02,ok
2025-12-16T05:15:05.332Z,ESP32_ENERGY_MONITOR_001,26.37,45.09,37,4.18,216.52,0.02,ok
2025-12-16T05:20:05.332Z,ESP32_ENERGY_MONITOR_001,26.73,46.69,30,4.03,220.26,0.02,ok
2025-12-16T05:25:05.332Z,ESP32_ENERGY_MONITOR_001,26.92,43.38,38,4.53,221.34,0.02,ok
2025-12-16T05:30:05.332Z,ESP32_ENERGY_MONITOR_001,26.42,46.93,32,4.24,215.67,0.02,ok
2025-12-16T05:35:05.332Z,ESP32_ENERGY_MONITOR_001,25.79,46.15,36,4.19,216.95,0.02,ok
2025-12-16T05:40:05.332Z,ESP32_ENERGY_MONITOR_001,26.13,45.60,31,3.65,223.60,0.02,ok
2025-12-16T05:45:05.332Z,ESP32_ENERGY_MONITOR_001,25.80,45.64,33,3.71,218.25,0.02,ok
2025-12-16T05:50:05.332Z,ESP32_ENERGY_MONITOR_001,26.38,46.92,30,3.92,224.16,0.02,ok
2025-12-16T05:55:05.332Z,ESP32_ENERGY_MONITOR_001,26.36,46.96,32,4.18,217.45,0.02,ok
2025-12-16T06:00:05.332Z,ESP32_ENERGY_MONITOR_001,25.10,46.47,31,3.59,224.47,0.02,ok
2025-12-16T06:05:05.332Z,ESP32_ENERGY_MONITOR_001,26.69,44.10,38,4.27,219.71,0.02,ok
2025-12-16T06:10:05.332Z,ESP32_ENERGY_MONITOR_001,25.27,43.26,29,3.47,221.96,0.02,ok
2025-12-16T06:15:05.332Z,ESP32_ENERGY_MONITOR_001,26.22,46.88,35,4.29,224.48,0.02,ok
2025-12-16T06:20:05.332Z,ESP32_ENERGY_MONITOR_001,24.98,44.54,35,3.74,218.60,0.02,ok
2025-12-16T06:25:05.332Z,ESP32_ENERGY_MONITOR_001,26.49,47.82,38,4.16,215.44,0.02,ok
2025-12-16T06:30:05.332Z,ESP32_ENERGY_MONITOR_001,26.05,46.05,33,4.17,222.33,0.02,ok
2025-12-16T06:35:05.332Z,ESP32_ENERGY_MONITOR_001,25.97,44.75,31,3.77,215.72,0.02,ok
2025-12-16T06:40:05.332Z,ESP32_ENERGY_MONITOR_001,24.99,43.32,32,3.76,216.50,0.02,ok
2025-12-16T06:45:05.332Z,ESP32_ENERGY_MONITOR_001,25.12,46.40,31,3.38,223.44,0.02,ok
2025-12-16T06:50:05.332Z,ESP32_ENERGY_MONITOR_001,26.34,43.60,32,4.09,216.06,0.02,ok
2025-12-16T06:55:05.332Z,ESP32_ENERGY_MONITOR_001,26.20,47.05,35,4.27,219.48,0.02,ok
2025-12-16T07:00:05.332Z,ESP32_ENERGY_MONITOR_001,24.88,46.95,33,3.67,216.28,0.02,ok
2025-12-16T07:05:05.332Z,ESP32_ENERGY_MONITOR_001,26.04,44.80,27,3.72,219.31,0.02,ok
2025-12-16T07:10:05.332Z,ESP32_ENERGY_MONITOR_001,24.88,47.19,30,3.23,222.57,0.01,ok
2025-12-16T07:15:05.332Z,ESP32_ENERGY_MONITOR_001,24.41,45.74,30,3.10,223.56,0.01,ok
2025-12-16T07:20:05.332Z,ESP32_ENERGY_MONITOR_001,25.63,46.92,33,3.64,224.41,0.02,ok
2025-12-16T07:25:05.332Z,ESP32_ENERGY_MONITOR_001,25.95,46.66,27,3.78,221.67,0.02,ok
2025-12-16T07:30:05.332Z,ESP32_ENERGY_MONITOR_001,24.21,45.63,30,3.15,218.44,0.01,ok
2025-12-16T07:35:05.332Z,ESP32_ENERGY_MONITOR_001,26.18,45.50,32,3.74,216.14,0.02,ok
2025-12-16T07:40:05.332Z,ESP32_ENERGY_MONITOR_001,25.35,45.89,29,3.68,221.65,0.02,ok
2025-12-16T07:45:05.332Z,ESP32_ENERGY_MONITOR_001,26.00,48.25,29,3.59,218.69,0.02,ok
2025-12-16T07:50:05.332Z,ESP32_ENERGY_MONITOR_001,25.86,49.22,29,3.50,221.69,0.02,ok
2025-12-16T07:55:05.332Z,ESP32_ENERGY_MONITOR_001,25.16,48.80,29,3.68,220.56,0.02,ok
2025-12-16T08:00:05.332Z,ESP32_ENERGY_MONITOR_001,24.03,51.35,30,3.25,224.05,0.01,ok
2025-12-16T08:05:05.332Z,ESP32_ENERGY_MONITOR_001,23.73,48.28,33,3.22,222.89,0.01,ok
2025-12-16T08:10:05.332Z,ESP32_ENERGY_MONITOR_001,24.97,51.70,29,3.59,218.65,0.02,ok
2025-12-16T08:15:05.332Z,ESP32_ENERGY_MONITOR_001,24.85,49.35,27,3.52,218.67,0.02,ok
2025-12-16T08:20:05.332Z,ESP32_ENERGY_MONITOR_001,23.84,50.21,33,3.18,218.60,0.01,ok
2025-12-16T08:25:05.332Z,ESP32_ENERGY_MONITOR_001,25.16,50.04,25,3.40,220.03,0.02,ok
2025-12-16T08:30:05.332Z,ESP32_ENERGY_MONITOR_001,24.99,49.05,29,3.65,219.90,0.02,ok
2025-12-16T08:35:05.332Z,ESP32_ENERGY_MONITOR_001,24.65,47.48,33,3.61,222.87,0.02,ok
2025-12-16T08:40:05.332Z,ESP32_ENERGY_MONITOR_001,23.43,47.59,31,3.07,216.03,0.01,ok
2025-12-16T08:45:05.332Z,ESP32_ENERGY_MONITOR_001,23.49,47.32,33,3.28,215.73,0.01,ok
2025-12-16T08:50:05.332Z,ESP32_ENERGY_MONITOR_001,23.37,49.28,29,3.18,218.99,0.01,ok
2025-12-16T08:55:05.332Z,ESP32_ENERGY_MONITOR_001,24.92,46.92,27,3.43,219.87,0.02,ok
2025-12-16T09:00:05.332Z,ESP32_ENERGY_MONITOR_001,23.59,50.30,24,3.15,218.52,0.01,ok
2025-12-16T09:05:05.332Z,ESP32_ENERGY_MONITOR_001,23.31,50.77,23,2.99,218.37,0.01,ok
2025-12-16T09:10:05.332Z,ESP32_ENERGY_MONITOR_001,22.29,50.17,29,3.13,216.62,0.01,ok
2025-12-16T09:15:05.332Z,ESP32_ENERGY_MONITOR_001,23.66,50.47,21,2.59,222.98,0.01,ok
2025-12-16T09:20:05.332Z,ESP32_ENERGY_MONITOR_001,22.83,51.88,26,3.06,217.80,0.01,ok
2025-12-16T09:25:05.332Z,ESP32_ENERGY_MONITOR_001,23.19,51.56,22,2.82,224.88,0.01,ok
2025-12-16T09:30:05.332Z,ESP32_ENERGY_MONITOR_001,22.35,52.03,21,2.69,220.50,0.01,ok
2025-12-16T09:35:05.332Z,ESP32_ENERGY_MONITOR_001,23.13,51.18,25,2.94,220.33,0.01,ok
2025-12-16T09:40:05.332Z,ESP32_ENERGY_MONITOR_001,23.90,50.59,26,3.19,224.47,0.01,ok
2025-12-16T09:45:05.332Z,ESP32_ENERGY_MONITOR_001,23.09,50.82,21,2.65,215.67,0.01,ok
2025-12-16T09:50:05.332Z,ESP32_ENERGY_MONITOR_001,22.80,53.89,21,2.76,224.65,0.01,ok
2025-12-16T09:55:05.332Z,ESP32_ENERGY_MONITOR_001,22.94,54.75,25,3.08,221.22,0.01,ok
2025-12-16T10:00:05.332Z,ESP32_ENERGY_MONITOR_001,22.36,56.89,18,2.58,216.58,0.01,ok
2025-12-16T10:05:05.332Z,ESP32_ENERGY_MONITOR_001,22.27,56.62,19,2.80,224.07,0.01,ok
2025-12-16T10:10:05.332Z,ESP32_ENERGY_MONITOR_001,21.69,55.54,18,2.84,219.84,0.01,ok
2025-12-16T10:15:05.332Z,ESP32_ENERGY_MONITOR_001,21.85,55.67,23,2.93,224.21,0.01,ok
2025-12-16T10:20:05.332Z,ESP32_ENERGY_MONITOR_001,22.09,57.71,16,2.80,224.56,0.01,ok
2025-12-16T10:25:05.332Z,ESP32_ENERGY_MONITOR_001,21.61,56.81,24,2.73,220.73,0.01,ok
2025-12-16T10:30:05.332Z,ESP32_ENERGY_MONITOR_001,22.25,57.27,23,2.71,215.57,0.01,ok
2025-12-16T10:35:05.332Z,ESP32_ENERGY_MONITOR_001,21.67,58.60,15,2.51,218.12,0.01,ok
2025-12-16T10:40:05.332Z,ESP32_ENERGY_MONITOR_001,22.10,54.38,17,2.75,223.53,0.01,ok
2025-12-16T10:45:05.332Z,ESP32_ENERGY_MONITOR_001,21.29,53.91,18,2.91,220.32,0.01,ok
2025-12-16T10:50:05.332Z,ESP32_ENERGY_MONITOR_001,22.49,57.16,16,2.81,218.21,0.01,ok
2025-12-16T10:55:05.332Z,ESP32_ENERGY_MONITOR_001,20.94,55.95,17,2.63,221.53,0.01,ok
2025-12-16T11:00:05.332Z,ESP32_ENERGY_MONITOR_001,19.44,57.69,5,2.43,218.41,0.01,ok
2025-12-16T11:05:05.332Z,ESP32_ENERGY_MONITOR_001,19.86,60.98,4,1.92,217.04,0.01,ok
2025-12-16T11:10:05.332Z,ESP32_ENERGY_MONITOR_001,20.02,59.73,8,2.10,216.30,0.01,ok
2025-12-16T11:15:05.332Z,ESP32_ENERGY_MONITOR_001,20.74,58.32,3,2.36,219.44,0.01,ok
2025-12-16T11:20:05.332Z,ESP32_ENERGY_MONITOR_001,20.66,59.22,2,2.23,221.78,0.01,ok
2025-12-16T11:25:05.332Z,ESP32_ENERGY_MONITOR_001,19.67,61.97,9,2.60,216.86,0.01,ok
2025-12-16T11:30:05.332Z,ESP32_ENERGY_MONITOR_001,19.52,62.38,3,2.23,219.63,0.01,ok
2025-12-16T11:35:05.332Z,ESP32_ENERGY_MONITOR_001,20.11,60.61,9,2.25,219.85,0.01,ok
2025-12-16T11:40:05.332Z,ESP32_ENERGY_MONITOR_001,20.39,61.24,8,2.17,223.71,0.01,ok
2025-12-16T11:45:05.332Z,ESP32_ENERGY_MONITOR_001,19.50,61.77,0,1.84,220.75,0.01,ok
2025-12-16T11:50:05.332Z,ESP32_ENERGY_MONITOR_001,19.29,62.01,3,2.03,224.70,0.01,ok
2025-12-16T11:55:05.332Z,ESP32_ENERGY_MONITOR_001,19.25,62.43,5,2.09,216.95,0.01,ok
2025-12-16T12:00:05.332Z,ESP32_ENERGY_MONITOR_001,17.80,63.16,8,2.36,223.56,0.01,ok
2025-12-16T12:05:05.332Z,ESP32_ENERGY_MONITOR_001,19.38,65.23,8,2.51,218.15,0.01,ok
2025-12-16T12:10:05.332Z,ESP32_ENERGY_MONITOR_001,18.10,64.90,4,2.04,219.54,0.01,ok
2025-12-16T12:15:05.332Z,ESP32_ENERGY_MONITOR_001,18.14,65.42,8,2.20,224.36,0.01,ok
2025-12-16T12:20:05.332Z,ESP32_ENERGY_MONITOR_001,18.29,63.72,7,2.38,217.70,0.01,ok
2025-12-16T12:25:05.332Z,ESP32_ENERGY_MONITOR_001,18.02,65.00,2,1.88,220.49,0.01,ok
2025-12-16T12:30:05.332Z,ESP32_ENERGY_MONITOR_001,17.66,63.77,1,2.21,224.26,0.01,ok
2025-12-16T12:35:05.332Z,ESP32_ENERGY_MONITOR_001,17.65,63.67,3,2.08,219.98,0.01,ok
2025-12-16T12:40:05.332Z,ESP32_ENERGY_MONITOR_001,18.16,61.81,9,2.59,222.61,0.01,ok
2025-12-16T12:45:05.332Z,ESP32_ENERGY_MONITOR_001,17.54,63.22,3,2.08,222.91,0.01,ok
2025-12-16T12:50:05.332Z,ESP32_ENERGY_MONITOR_001,18.35,63.85,7,2.09,222.63,0.01,ok
2025-12-16T12:55:05.332Z,ESP32_ENERGY_MONITOR_001,17.79,63.01,8,2.52,217.02,0.01,ok
2025-12-16T13:00:05.332Z,ESP32_ENERGY_MONITOR_001,16.52,67.62,9,2.14,224.32,0.01,ok
2025-12-16T13:05:05.332Z,ESP32_ENERGY_MONITOR_001,16.02,69.07,6,2.22,223.18,0.01,ok
2025-12-16T13:10:05.332Z,ESP32_ENERGY_MONITOR_001,18.00,67.01,3,2.32,221.85,0.01,ok
2025-12-16T13:15:05.332Z,ESP32_ENERGY_MONITOR_001,17.97,69.71,3,1.92,217.06,0.01,ok
2025-12-16T13:20:05.332Z,ESP32_ENERGY_MONITOR_001,17.44,65.59,8,2.20,218.48,0.01,ok
2025-12-16T13:25:05.332Z,ESP32_ENERGY_MONITOR_001,17.08,66.47,9,2.27,217.75,0.01,ok
2025-12-16T13:30:05.332Z,ESP32_ENERGY_MONITOR_001,16.65,65.91,9,2.41,219.16,0.01,ok
2025-12-16T13:35:05.332Z,ESP32_ENERGY_MONITOR_001,16.51,68.12,2,2.09,217.60,0.01,ok
2025-12-16T13:40:05.332Z,ESP32_ENERGY_MONITOR_001,16.43,67.02,5,2.23,216.22,0.01,ok
2025-12-16T13:45:05.332Z,ESP32_ENERGY_MONITOR_001,17.53,66.42,2,1.96,219.49,0.01,ok
2025-12-16T13:50:05.332Z,ESP32_ENERGY_MONITOR_001,17.45,67.39,6,2.43,223.32,0.01,ok
2025-12-16T13:55:05.332Z,ESP32_ENERGY_MONITOR_001,17.98,66.07,4,2.39,222.87,0.01,ok
2025-12-16T14:00:05.332Z,ESP32_ENERGY_MONITOR_001,16.18,70.90,6,2.46,218.69,0.01,ok
2025-12-16T14:05:05.332Z,ESP32_ENERGY_MONITOR_001,16.33,70.35,9,2.24,222.70,0.01,ok
2025-12-16T14:10:05.332Z,ESP32_ENERGY_MONITOR_001,16.74,68.14,8,2.40,215.13,0.01,ok
2025-12-16T14:15:05.332Z,ESP32_ENERGY_MONITOR_001,16.37,70.31,8,2.35,218.33,0.01,ok
2025-12-16T14:20:05.332Z,ESP32_ENERGY_MONITOR_001,15.88,71.40,4,2.08,215.72,0.01,ok
2025-12-16T14:25:05.332Z,ESP32_ENERGY_MONITOR_001,14.78,71.13,6,2.37,221.11,0.01,ok
2025-12-16T14:30:05.332Z,ESP32_ENERGY_MONITOR_001,16.29,71.39,4,1.97,223.97,0.01,ok
2025-12-16T14:35:05.332Z,ESP32_ENERGY_MONITOR_001,15.96,68.37,1,2.15,215.06,0.01,ok
2025-12-16T14:40:05.332Z,ESP32_ENERGY_MONITOR_001,16.69,71.04,5,2.20,221.83,0.01,ok
2025-12-16T14:45:05.332Z,ESP32_ENERGY_MONITOR_001,15.93,70.99,5,2.08,219.83,0.01,ok
2025-12-16T14:50:05.332Z,ESP32_ENERGY_MONITOR_001,15.30,71.25,6,2.11,223.57,0.01,ok
2025-12-16T14:55:05.332Z,ESP32_ENERGY_MONITOR_001,15.52,71.04,2,2.12,218.21,0.01,ok
2025-12-16T15:00:05.332Z,ESP32_ENERGY_MONITOR_001,15.06,75.18,6,2.05,215.37,0.01,ok
2025-12-16T15:05:05.332Z,ESP32_ENERGY_MONITOR_001,14.15,72.68,5,2.29,219.61,0.01,ok
2025-12-16T15:10:05.332Z,ESP32_ENERGY_MONITOR_001,14.18,70.91,9,2.60,218.28,0.01,ok
2025-12-16T15:15:05.332Z,ESP32_ENERGY_MONITOR_001,15.15,75.30,6,2.09,219.45,0.01,ok
2025-12-16T15:20:05.332Z,ESP32_ENERGY_MONITOR_001,14.71,75.21,6,2.34,220.84,0.01,ok
2025-12-16T15:25:05.332Z,ESP32_ENERGY_MONITOR_001,15.14,70.91,3,2.19,218.62,0.01,ok
2025-12-16T15:30:05.332Z,ESP32_ENERGY_MONITOR_001,15.29,71.07,9,2.57,224.38,0.01,ok
2025-12-16T15:35:05.332Z,ESP32_ENERGY_MONITOR_001,14.44,73.64,0,1.98,219.66,0.01,ok
2025-12-16T15:40:05.332Z,ESP32_ENERGY_MONITOR_001,15.19,73.29,6,2.35,222.68,0.01,ok
2025-12-16T15:45:05.332Z,ESP32_ENERGY_MONITOR_001,14.41,71.32,5,2.16,215.54,0.01,ok
2025-12-16T15:50:05.332Z,ESP32_ENERGY_MONITOR_001,15.52,72.13,8,2.49,224.52,0.01,ok
2025-12-16T15:55:05.332Z,ESP32_ENERGY_MONITOR_001,15.56,71.55,4,2.11,215.05,0.01,ok
2025-12-16T16:00:05.332Z,ESP32_ENERGY_MONITOR_001,13.48,75.90,8,2.26,220.20,0.01,ok
2025-12-16T16:05:05.332Z,ESP32_ENERGY_MONITOR_001,14.89,72.51,5,2.17,216.49,0.01,ok
2025-12-16T16:10:05.332Z,ESP32_ENERGY_MONITOR_001,14.84,76.64,4,1.91,221.12,0.01,ok
2025-12-16T16:15:05.332Z,ESP32_ENERGY_MONITOR_001,13.33,75.95,6,2.40,222.53,0.01,ok
2025-12-16T16:20:05.332Z,ESP32_ENERGY_MONITOR_001,15.01,72.82,7,2.39,220.86,0.01,ok
2025-12-16T16:25:05.332Z,ESP32_ENERGY_MONITOR_001,13.37,73.96,9,2.40,219.32,0.01,ok
2025-12-16T16:30:05.332Z,ESP32_ENERGY_MONITOR_001,14.63,76.89,8,2.48,215.70,0.01,ok
2025-12-16T16:35:05.332Z,ESP32_ENERGY_MONITOR_001,13.66,74.28,8,2.11,221.23,0.01,ok
2025-12-16T16:40:05.332Z,ESP32_ENERGY_MONITOR_001,14.54,73.48,0,1.81,221.62,0.01,ok
2025-12-16T16:45:05.332Z,ESP32_ENERGY_MONITOR_001,15.19,73.56,0,2.05,220.11,0.01,ok
2025-12-16T16:50:05.332Z,ESP32_ENERGY_MONITOR_001,14.26,74.81,6,2.20,223.79,0.01,ok
2025-12-16T16:55:05.332Z,ESP32_ENERGY_MONITOR_001,13.50,73.54,4,1.92,224.90,0.01,ok
2025-12-16T17:00:05.332Z,ESP32_ENERGY_MONITOR_001,13.88,74.47,9,2.23,220.71,0.01,ok
2025-12-16T17:05:05.332Z,ESP32_ENERGY_MONITOR_001,13.01,73.23,3,2.04,218.16,0.01,ok
2025-12-16T17:10:05.332Z,ESP32_ENERGY_MONITOR_001,13.19,74.72,5,2.13,222.15,0.01,ok
2025-12-16T17:15:05.332Z,ESP32_ENERGY_MONITOR_001,14.19,73.66,7,2.15,217.03,0.01,ok
2025-12-16T17:20:05.332Z,ESP32_ENERGY_MONITOR_001,14.40,75.57,1,1.86,218.33,0.01,ok
2025-12-16T17:25:05.332Z,ESP32_ENERGY_MONITOR_001,13.10,73.12,4,2.39,219.01,0.01,ok
2025-12-16T17:30:05.332Z,ESP32_ENERGY_MONITOR_001,13.11,74.92,2,2.33,220.95,0.01,ok
2025-12-16T17:35:05.332Z,ESP32_ENERGY_MONITOR_001,14.93,73.02,0,1.94,219.47,0.01,ok
2025-12-16T17:40:05.332Z,ESP32_ENERGY_MONITOR_001,13.42,76.07,4,2.03,218.94,0.01,ok
2025-12-16T17:45:05.332Z,ESP32_ENERGY_MONITOR_001,13.63,73.01,1,2.05,216.33,0.01,ok
2025-12-16T17:50:05.332Z,ESP32_ENERGY_MONITOR_001,14.65,77.39,1,2.12,218.54,0.01,ok
2025-12-16T17:55:05.332Z,ESP32_ENERGY_MONITOR_001,13.54,72.82,2,2.12,223.31,0.01,ok
2025-12-16T18:00:05.332Z,ESP32_ENERGY_MONITOR_001,14.67,74.83,9,2.17,223.46,0.01,ok
2025-12-16T18:05:05.332Z,ESP32_ENERGY_MONITOR_001,14.21,72.88,5,2.45,223.41,0.01,ok
2025-12-16T18:10:05.332Z,ESP32_ENERGY_MONITOR_001,13.44,74.52,8,2.28,216.42,0.01,ok
2025-12-16T18:15:05.332Z,ESP32_ENERGY_MONITOR_001,14.47,75.25,4,1.91,217.86,0.01,ok
2025-12-16T18:20:05.332Z,ESP32_ENERGY_MONITOR_001,13.60,73.41,3,1.93,217.61,0.01,ok
2025-12-16T18:25:05.332Z,ESP32_ENERGY_MONITOR_001,13.21,74.36,5,2.02,219.88,0.01,ok
2025-12-16T18:30:05.332Z,ESP32_ENERGY_MONITOR_001,15.19,74.03,4,2.34,224.54,0.01,ok
2025-12-16T18:35:05.332Z,ESP32_ENERGY_MONITOR_001,14.03,73.12,0,2.18,223.15,0.01,ok
2025-12-16T18:40:05.332Z,ESP32_ENERGY_MONITOR_001,13.57,73.81,8,2.24,224.73,0.01,ok
2025-12-16T18:45:05.332Z,ESP32_ENERGY_MONITOR_001,13.33,72.63,1,2.27,217.81,0.01,ok
2025-12-16T18:50:05.332Z,ESP32_ENERGY_MONITOR_001,14.92,74.50,3,2.11,218.33,0.01,ok
2025-12-16T18:55:05.332Z,ESP32_ENERGY_MONITOR_001,15.02,75.26,1,1.99,215.43,0.01,ok
2025-12-16T19:00:05.332Z,ESP32_ENERGY_MONITOR_001,14.88,72.70,1,1.99,219.58,0.01,ok
2025-12-16T19:05:05.332Z,ESP32_ENERGY_MONITOR_001,14.80,71.23,2,2.06,219.69,0.01,ok
2025-12-16T19:10:05.332Z,ESP32_ENERGY_MONITOR_001,15.12,72.75,9,2.21,222.34,0.01,ok
2025-12-16T19:15:05.332Z,ESP32_ENERGY_MONITOR_001,14.93,73.96,9,2.55,215.80,0.01,ok
2025-12-16T19:20:05.332Z,ESP32_ENERGY_MONITOR_001,13.84,71.03,1,1.92,215.44,0.01,ok
2025-12-16T19:25:05.332Z,ESP32_ENERGY_MONITOR_001,14.21,71.01,7,2.36,222.20,0.01,ok
2025-12-16T19:30:05.332Z,ESP32_ENERGY_MONITOR_001,15.05,74.50,7,2.13,219.98,0.01,ok
2025-12-16T19:35:05.332Z,ESP32_ENERGY_MONITOR_001,14.06,74.74,2,2.32,215.18,0.01,ok
2025-12-16T19:40:05.332Z,ESP32_ENERGY_MONITOR_001,15.20,73.82,4,2.21,220.02,0.01,ok
2025-12-16T19:45:05.332Z,ESP32_ENERGY_MONITOR_001,14.63,70.92,5,2.25,217.44,0.01,ok
2025-12-16T19:50:05.332Z,ESP32_ENERGY_MONITOR_001,15.28,72.48,9,2.58,216.02,0.01,ok
2025-12-16T19:55:05.332Z,ESP32_ENERGY_MONITOR_001,15.25,73.21,3,2.15,219.19,0.01,ok
2025-12-16T20:00:05.332Z,ESP32_ENERGY_MONITOR_001,16.62,71.61,3,1.97,216.46,0.01,ok
2025-12-16T20:05:05.332Z,ESP32_ENERGY_MONITOR_001,15.84,68.40,4,2.20,218.21,0.01,ok
2025-12-16T20:10:05.332Z,ESP32_ENERGY_MONITOR_001,16.38,73.00,4,2.23,219.09,0.01,ok
2025-12-16T20:15:05.332Z,ESP32_ENERGY_MONITOR_001,16.41,69.88,9,2.49,217.82,0.01,ok
2025-12-16T20:20:05.332Z,ESP32_ENERGY_MONITOR_001,15.19,68.53,1,1.98,222.67,0.01,ok
2025-12-16T20:25:05.332Z,ESP32_ENERGY_MONITOR_001,16.52,72.89,5,2.19,222.07,0.01,ok
2025-12-16T20:30:05.332Z,ESP32_ENERGY_MONITOR_001,15.16,72.20,7,2.49,216.94,0.01,ok
2025-12-16T20:35:05.332Z,ESP32_ENERGY_MONITOR_001,16.09,70.20,8,2.31,220.74,0.01,ok
2025-12-16T20:40:05.332Z,ESP32_ENERGY_MONITOR_001,15.71,71.85,1,2.27,222.54,0.01,ok
2025-12-16T20:45:05.332Z,ESP32_ENERGY_MONITOR_001,16.68,72.96,3,2.00,216.71,0.01,ok
2025-12-16T20:50:05.332Z,ESP32_ENERGY_MONITOR_001,16.68,68.71,3,2.10,215.55,0.01,ok
2025-12-16T20:55:05.332Z,ESP32_ENERGY_MONITOR_001,15.55,71.24,5,2.33,215.77,0.01,ok
2025-12-16T21:00:05.332Z,ESP32_ENERGY_MONITOR_001,17.53,68.84,6,2.14,222.71,0.01,ok
2025-12-16T21:05:05.332Z,ESP32_ENERGY_MONITOR_001,16.35,65.47,3,2.07,216.90,0.01,ok
2025-12-16T21:10:05.332Z,ESP32_ENERGY_MONITOR_001,16.93,68.57,6,2.38,216.51,0.01,ok
2025-12-16T21:15:05.332Z,ESP32_ENERGY_MONITOR_001,17.84,65.25,9,2.59,219.37,0.01,ok
2025-12-16T21:20:05.332Z,ESP32_ENERGY_MONITOR_001,16.68,67.31,4,2.40,224.64,0.01,ok
2025-12-16T21:25:05.332Z,ESP32_ENERGY_MONITOR_001,17.77,69.16,8,2.51,217.96,0.01,ok
2025-12-16T21:30:05.332Z,ESP32_ENERGY_MONITOR_001,16.24,68.05,1,2.25,223.84,0.01,ok
2025-12-16T21:35:05.332Z,ESP32_ENERGY_MONITOR_001,16.68,66.54,5,2.01,216.93,0.01,ok
2025-12-16T21:40:05.332Z,ESP32_ENERGY_MONITOR_001,17.32,68.44,6,2.12,224.17,0.01,ok
2025-12-16T21:45:05.332Z,ESP32_ENERGY_MONITOR_001,17.97,66.94,9,2.18,219.00,0.01,ok
2025-12-16T21:50:05.332Z,ESP32_ENERGY_MONITOR_001,17.85,65.70,1,1.96,222.01,0.01,ok
2025-12-16T21:55:05.332Z,ESP32_ENERGY_MONITOR_001,16.28,68.64,2,1.87,218.30,0.01,ok
2025-12-16T22:00:05.332Z,ESP32_ENERGY_MONITOR_001,18.64,64.82,6,2.28,220.86,0.01,ok
2025-12-16T22:05:05.332Z,ESP32_ENERGY_MONITOR_001,18.17,63.33,5,2.32,223.72,0.01,ok
2025-12-16T22:10:05.332Z,ESP32_ENERGY_MONITOR_001,18.74,64.23,4,2.23,218.16,0.01,ok
2025-12-16T22:15:05.332Z,ESP32_ENERGY_MONITOR_001,17.71,65.76,9,2.53,222.45,0.01,ok
2025-12-16T22:20:05.332Z,ESP32_ENERGY_MONITOR_001,18.21,62.01,1,2.06,215.77,0.01,ok
2025-12-16T22:25:05.332Z,ESP32_ENERGY_MONITOR_001,17.67,61.90,7,2.19,223.79,0.01,ok
2025-12-16T22:30:05.332Z,ESP32_ENERGY_MONITOR_001,17.63,66.14,3,2.25,222.67,0.01,ok
2025-12-16T22:35:05.332Z,ESP32_ENERGY_MONITOR_001,19.00,64.64,5,2.39,224.28,0.01,ok
2025-12-16T22:40:05.332Z,ESP32_ENERGY_MONITOR_001,18.96,62.52,9,2.55,216.41,0.01,ok
2025-12-16T22:45:05.332Z,ESP32_ENERGY_MONITOR_001,18.90,65.99,7,2.40,218.75,0.01,ok
2025-12-16T22:50:05.332Z,ESP32_ENERGY_MONITOR_001,18.69,63.42,1,2.10,216.89,0.01,ok
2025-12-16T22:55:05.332Z,ESP32_ENERGY_MONITOR_001,18.66,62.34,9,2.55,222.89,0.01,ok
2025-12-16T23:00:05.332Z,ESP32_ENERGY_MONITOR_001,20.56,61.47,3,2.17,222.01,0.01,ok
2025-12-16T23:05:05.332Z,ESP32_ENERGY_MONITOR_001,20.24,62.11,8,2.35,222.67,0.01,ok
2025-12-16T23:10:05.332Z,ESP32_ENERGY_MONITOR_001,20.05,61.92,8,2.34,218.24,0.01,ok
2025-12-16T23:15:05.332Z,ESP32_ENERGY_MONITOR_001,19.17,59.69,9,2.25,224.63,0.01,ok
2025-12-16T23:20:05.332Z,ESP32_ENERGY_MONITOR_001,20.38,60.33,8,2.09,223.46,0.01,ok
2025-12-16T23:25:05.332Z,ESP32_ENERGY_MONITOR_001,19.77,60.03,9,2.39,221.44,0.01,ok
2025-12-16T23:30:05.332Z,ESP32_ENERGY_MONITOR_001,20.12,60.22,6,2.22,223.78,0.01,ok
2025-12-16T23:35:05.332Z,ESP32_ENERGY_MONITOR_001,19.57,60.76,1,1.98,218.42,0.01,ok
2025-12-16T23:40:05.332Z,ESP32_ENERGY_MONITOR_001,19.07,58.21,2,2.02,218.32,0.01,ok
2025-12-16T23:45:05.332Z,ESP32_ENERGY_MONITOR_001,20.47,60.56,2,2.00,223.69,0.01,ok
2025-12-16T23:50:05.332Z,ESP32_ENERGY_MONITOR_001,20.67,59.54,1,1.99,222.50,0.01,ok
2025-12-16T23:55:05.332Z,ESP32_ENERGY_MONITOR_001,20.55,62.06,9,2.12,223.82,0.01,ok
2025-12-17T00:00:05.332Z,ESP32_ENERGY_MONITOR_001,21.92,57.04,9,2.31,224.05,0.01,ok
2025-12-17T00:05:05.332Z,ESP32_ENERGY_MONITOR_001,21.45,55.50,8,2.13,224.27,0.01,ok
2025-12-17T00:10:05.332Z,ESP32_ENERGY_MONITOR_001,21.00,56.52,7,2.48,224.32,0.01,ok
2025-12-17T00:15:05.332Z,ESP32_ENERGY_MONITOR_001,21.62,56.03,4,2.06,223.84,0.01,ok
2025-12-17T00:20:05.332Z,ESP32_ENERGY_MONITOR_001,20.91,57.92,7,2.09,217.00,0.01,ok
2025-12-17T00:25:05.332Z,ESP32_ENERGY_MONITOR_001,20.66,57.35,2,1.96,220.27,0.01,ok
2025-12-17T00:30:05.332Z,ESP32_ENERGY_MONITOR_001,22.06,57.21,4,2.00,218.81,0.01,ok
2025-12-17T00:35:05.332Z,ESP32_ENERGY_MONITOR_001,20.57,55.82,5,2.34,218.53,0.01,ok
2025-12-17T00:40:05.332Z,ESP32_ENERGY_MONITOR_001,21.76,58.30,8,2.44,216.19,0.01,ok
2025-12-17T00:45:05.332Z,ESP32_ENERGY_MONITOR_001,22.22,53.72,9,2.52,218.98,0.01,ok
2025-12-17T00:50:05.332Z,ESP32_ENERGY_MONITOR_001,20.72,57.96,9,2.35,222.47,0.01,ok
2025-12-17T00:55:05.332Z,ESP32_ENERGY_MONITOR_001,21.94,58.04,0,2.03,218.01,0.01,ok
2025-12-17T01:00:05.332Z,ESP32_ENERGY_MONITOR_001,23.32,52.69,18,2.87,216.60,0.01,ok
2025-12-17T01:05:05.332Z,ESP32_ENERGY_MONITOR_001,22.16,50.00,15,2.60,224.49,0.01,ok
2025-12-17T01:10:05.332Z,ESP32_ENERGY_MONITOR_001,22.32,52.43,18,2.61,224.27,0.01,ok
2025-12-17T01:15:05.332Z,ESP32_ENERGY_MONITOR_001,22.06,54.25,15,2.72,217.45,0.01,ok
2025-12-17T01:20:05.332Z,ESP32_ENERGY_MONITOR_001,23.53,53.29,21,2.99,219.43,0.01,ok
2025-12-17T01:25:05.332Z,ESP32_ENERGY_MONITOR_001,23.37,50.83,17,2.71,222.15,0.01,ok
2025-12-17T01:30:05.332Z,ESP32_ENERGY_MONITOR_001,23.67,50.36,21,2.96,222.32,0.01,ok
2025-12-17T01:35:05.332Z,ESP32_ENERGY_MONITOR_001,22.26,50.74,21,2.78,221.23,0.01,ok
2025-12-17T01:40:05.332Z,ESP32_ENERGY_MONITOR_001,22.03,50.81,20,2.78,224.45,0.01,ok
2025-12-17T01:45:05.332Z,ESP32_ENERGY_MONITOR_001,22.41,50.46,24,3.07,217.33,0.01,ok
2025-12-17T01:50:05.332Z,ESP32_ENERGY_MONITOR_001,22.80,50.43,18,2.79,215.78,0.01,ok
2025-12-17T01:55:05.332Z,ESP32_ENERGY_MONITOR_001,23.09,54.11,17,2.91,220.70,0.01,ok
2025-12-17T02:00:05.332Z,ESP32_ENERGY_MONITOR_001,24.28,48.85,28,3.22,221.28,0.01,ok
2025-12-17T02:05:05.332Z,ESP32_ENERGY_MONITOR_001,23.42,50.87,26,3.22,217.30,0.01,ok
2025-12-17T02:10:05.332Z,ESP32_ENERGY_MONITOR_001,24.81,50.86,22,2.95,223.59,0.01,ok
2025-12-17T02:15:05.332Z,ESP32_ENERGY_MONITOR_001,24.60,51.27,22,3.19,224.44,0.01,ok
2025-12-17T02:20:05.332Z,ESP32_ENERGY_MONITOR_001,24.27,49.81,20,2.86,217.04,0.01,ok
2025-12-17T02:25:05.332Z,ESP32_ENERGY_MONITOR_001,24.59,51.52,24,3.11,221.58,0.01,ok
2025-12-17T02:30:05.332Z,ESP32_ENERGY_MONITOR_001,25.18,49.06,25,3.30,217.36,0.01,ok
2025-12-17T02:35:05.332Z,ESP32_ENERGY_MONITOR_001,24.97,50.77,26,3.27,219.73,0.01,ok
2025-12-17T02:40:05.332Z,ESP32_ENERGY_MONITOR_001,23.49,49.39,23,2.97,219.26,0.01,ok
2025-12-17T02:45:05.332Z,ESP32_ENERGY_MONITOR_001,24.65,49.85,22,3.08,224.09,0.01,ok
2025-12-17T02:50:05.332Z,ESP32_ENERGY_MONITOR_001,23.32,49.71,28,2.92,218.52,0.01,ok
2025-12-17T02:55:05.332Z,ESP32_ENERGY_MONITOR_001,23.53,48.96,22,3.11,215.12,0.01,ok
2025-12-17T03:00:05.332Z,ESP32_ENERGY_MONITOR_001,25.55,48.04,29,3.59,217.98,0.02,ok
2025-12-17T03:05:05.332Z,ESP32_ENERGY_MONITOR_001,25.42,48.86,28,3.55,224.07,0.02,ok
2025-12-17T03:10:05.332Z,ESP32_ENERGY_MONITOR_001,26.04,49.45,26,3.83,216.00,0.02,ok
2025-12-17T03:15:05.332Z,ESP32_ENERGY_MONITOR_001,25.63,48.23,25,3.69,222.99,0.02,ok
2025-12-17T03:20:05.332Z,ESP32_ENERGY_MONITOR_001,24.35,48.68,29,3.09,222.70,0.01,ok
2025-12-17T03:25:05.332Z,ESP32_ENERGY_MONITOR_001,26.15,48.95,31,3.97,219.95,0.02,ok
2025-12-17T03:30:05.332Z,ESP32_ENERGY_MONITOR_001,25.23,46.35,31,3.37,222.94,0.02,ok
2025-12-17T03:35:05.332Z,ESP32_ENERGY_MONITOR_001,25.73,47.50,26,3.74,216.27,0.02,ok
2025-12-17T03:40:05.332Z,ESP32_ENERGY_MONITOR_001,24.71,46.86,32,3.46,223.94,0.02,ok
2025-12-17T03:45:05.332Z,ESP32_ENERGY_MONITOR_001,25.14,48.83,33,3.83,219.99,0.02,ok
2025-12-17T03:50:05.332Z,ESP32_ENERGY_MONITOR_001,26.13,45.42,31,4.09,217.02,0.02,ok
2025-12-17T03:55:05.332Z,ESP32_ENERGY_MONITOR_001,25.61,48.86,24,3.35,215.87,0.02,ok
2025-12-17T04:00:05.332Z,ESP32_ENERGY_MONITOR_001,25.47,43.53,34,3.88,218.75,0.02,ok
2025-12-17T04:05:05.332Z,ESP32_ENERGY_MONITOR_001,25.16,46.35,29,3.57,224.05,0.02,ok
2025-12-17T04:10:05.332Z,ESP32_ENERGY_MONITOR_001,26.55,44.58,29,3.76,221.09,0.02,ok
2025-12-17T04:15:05.332Z,ESP32_ENERGY_MONITOR_001,26.35,47.82,33,3.93,215.09,0.02,ok
2025-12-17T04:20:05.332Z,ESP32_ENERGY_MONITOR_001,25.44,43.09,30,3.84,222.26,0.02,ok
2025-12-17T04:25:05.332Z,ESP32_ENERGY_MONITOR_001,26.20,47.38,34,4.08,217.75,0.02,ok
2025-12-17T04:30:05.332Z,ESP32_ENERGY_MONITOR_001,26.10,47.62,35,3.82,220.59,0.02,ok
2025-12-17T04:35:05.332Z,ESP32_ENERGY_MONITOR_001,26.59,45.63,36,4.12,215.94,0.02,ok
2025-12-17T04:40:05.332Z,ESP32_ENERGY_MONITOR_001,25.09,45.12,28,3.25,220.92,0.01,ok
2025-12-17T04:45:05.332Z,ESP32_ENERGY_MONITOR_001,25.66,47.84,34,4.05,223.83,0.02,ok
2025-12-17T04:50:05.332Z,ESP32_ENERGY_MONITOR_001,25.84,47.53,34,3.96,216.26,0.02,ok
2025-12-17T04:55:05.332Z,ESP32_ENERGY_MONITOR_001,24.83,46.32,36,3.67,222.54,0.02,ok
2025-12-17T05:00:05.332Z,ESP32_ENERGY_MONITOR_001,25.59,44.78,37,4.02,219.03,0.02,ok
2025-12-17T05:05:05.332Z,ESP32_ENERGY_MONITOR_001,25.48,45.25,29,3.63,219.26,0.02,ok
2025-12-17T05:10:05.332Z,ESP32_ENERGY_MONITOR_001,26.89,43.47,30,4.19,219.53,0.02,ok
2025-12-17T05:15:05.332Z,ESP32_ENERGY_MONITOR_001,26.66,47.45,29,4.03,216.52,0.02,ok
2025-12-17T05:20:05.332Z,ESP32_ENERGY_MONITOR_001,26.14,45.25,30,3.95,223.62,0.02,ok
2025-12-17T05:25:05.332Z,ESP32_ENERGY_MONITOR_001,26.94,45.26,33,4.36,223.12,0.02,ok
2025-12-17T05:30:05.332Z,ESP32_ENERGY_MONITOR_001,25.95,44.42,32,3.70,222.53,0.02,ok
2025-12-17T05:35:05.332Z,ESP32_ENERGY_MONITOR_001,25.35,46.23,35,3.89,221.68,0.02,ok
2025-12-17T05:40:05.332Z,ESP32_ENERGY_MONITOR_001,25.49,42.59,30,3.65,215.50,0.02,ok
2025-12-17T05:45:05.332Z,ESP32_ENERGY_MONITOR_001,26.83,47.03,37,4.16,219.50,0.02,ok
2025-12-17T05:50:05.332Z,ESP32_ENERGY_MONITOR_001,25.62,46.38,30,3.62,221.72,0.02,ok
2025-12-17T05:55:05.332Z,ESP32_ENERGY_MONITOR_001,26.87,46.13,36,4.49,219.18,0.02,ok
2025-12-17T06:00:05.332Z,ESP32_ENERGY_MONITOR_001,26.05,44.69,33,3.87,223.74,0.02,ok
2025-12-17T06:05:05.332Z,ESP32_ENERGY_MONITOR_001,25.74,45.44,33,3.94,219.91,0.02,ok
2025-12-17T06:10:05.332Z,ESP32_ENERGY_MONITOR_001,25.14,46.88,34,3.56,224.44,0.02,ok
2025-12-17T06:15:05.332Z,ESP32_ENERGY_MONITOR_001,24.94,43.12,37,3.89,222.19,0.02,ok
2025-12-17T06:20:05.332Z,ESP32_ENERGY_MONITOR_001,25.05,46.78,38,3.85,224.41,0.02,ok
2025-12-17T06:25:05.332Z,ESP32_ENERGY_MONITOR_001,25.19,45.40,35,3.62,217.90,0.02,ok
2025-12-17T06:30:05.332Z,ESP32_ENERGY_MONITOR_001,26.71,47.12,35,4.14,217.53,0.02,ok
2025-12-17T06:35:05.332Z,ESP32_ENERGY_MONITOR_001,25.67,44.87,30,3.46,224.06,0.02,ok
2025-12-17T06:40:05.332Z,ESP32_ENERGY_MONITOR_001,25.92,46.25,37,3.86,220.21,0.02,ok
2025-12-17T06:45:05.332Z,ESP32_ENERGY_MONITOR_001,24.94,44.42,29,3.57,222.39,0.02,ok
2025-12-17T06:50:05.332Z,ESP32_ENERGY_MONITOR_001,25.04,46.94,35,3.82,223.53,0.02,ok
2025-12-17T06:55:05.332Z,ESP32_ENERGY_MONITOR_001,26.76,47.74,34,4.33,223.06,0.02,ok
2025-12-17T07:00:05.332Z,ESP32_ENERGY_MONITOR_001,24.53,47.34,36,3.47,220.79,0.02,ok
2025-12-17T07:05:05.332Z,ESP32_ENERGY_MONITOR_001,25.96,46.92,33,4.02,216.81,0.02,ok
2025-12-17T07:10:05.332Z,ESP32_ENERGY_MONITOR_001,24.57,45.19,35,3.44,223.08,0.02,ok
2025-12-17T07:15:05.332Z,ESP32_ENERGY_MONITOR_001,26.01,46.55,33,4.11,224.35,0.02,ok
2025-12-17T07:20:05.332Z,ESP32_ENERGY_MONITOR_001,24.90,46.45,31,3.50,223.01,0.02,ok
2025-12-17T07:25:05.332Z,ESP32_ENERGY_MONITOR_001,24.73,49.31,31,3.62,216.61,0.02,ok
2025-12-17T07:30:05.332Z,ESP32_ENERGY_MONITOR_001,24.37,49.00,33,3.56,222.55,0.02,ok
2025-12-17T07:35:05.332Z,ESP32_ENERGY_MONITOR_001,24.84,47.82,33,3.49,220.90,0.02,ok
2025-12-17T07:40:05.332Z,ESP32_ENERGY_MONITOR_001,25.89,44.52,36,4.01,223.04,0.02,ok
2025-12-17T07:45:05.332Z,ESP32_ENERGY_MONITOR_001,25.81,45.64,27,3.86,220.01,0.02,ok
2025-12-17T07:50:05.332Z,ESP32_ENERGY_MONITOR_001,24.91,47.27,33,3.73,219.24,0.02,ok
2025-12-17T07:55:05.332Z,ESP32_ENERGY_MONITOR_001,24.97,47.50,36,3.75,223.32,0.02,ok
2025-12-17T08:00:05.332Z,ESP32_ENERGY_MONITOR_001,25.14,47.38,26,3.53,220.22,0.02,ok
2025-12-17T08:05:05.332Z,ESP32_ENERGY_MONITOR_001,24.26,50.67,30,3.40,223.11,0.02,ok
2025-12-17T08:10:05.332Z,ESP32_ENERGY_MONITOR_001,24.07,51.52,28,3.19,218.91,0.01,ok
2025-12-17T08:15:05.332Z,ESP32_ENERGY_MONITOR_001,23.65,49.85,33,3.32,221.01,0.02,ok
2025-12-17T08:20:05.332Z,ESP32_ENERGY_MONITOR_001,23.48,48.53,33,3.10,217.17,0.01,ok
2025-12-17T08:25:05.332Z,ESP32_ENERGY_MONITOR_001,23.54,51.36,31,3.34,222.62,0.02,ok
2025-12-17T08:30:05.332Z,ESP32_ENERGY_MONITOR_001,24.81,46.90,27,3.19,223.27,0.01,ok
2025-12-17T08:35:05.332Z,ESP32_ENERGY_MONITOR_001,24.08,50.62,27,3.15,221.38,0.01,ok
2025-12-17T08:40:05.332Z,ESP32_ENERGY_MONITOR_001,25.17,47.63,30,3.54,222.26,0.02,ok
2025-12-17T08:45:05.332Z,ESP32_ENERGY_MONITOR_001,24.11,49.13,30,3.13,219.00,0.01,ok
2025-12-17T08:50:05.332Z,ESP32_ENERGY_MONITOR_001,24.00,47.59,33,3.52,222.85,0.02,ok
2025-12-17T08:55:05.332Z,ESP32_ENERGY_MONITOR_001,24.54,51.27,25,3.07,218.77,0.01,ok
2025-12-17T09:00:05.332Z,ESP32_ENERGY_MONITOR_001,23.98,52.33,21,2.68,224.42,0.01,ok
2025-12-17T09:05:05.332Z,ESP32_ENERGY_MONITOR_001,22.33,50.95,29,3.35,216.53,0.02,ok
2025-12-17T09:10:05.332Z,ESP32_ENERGY_MONITOR_001,22.91,53.99,26,3.02,223.38,0.01,ok
2025-12-17T09:15:05.332Z,ESP32_ENERGY_MONITOR_001,23.71,52.40,28,2.87,221.40,0.01,ok
2025-12-17T09:20:05.332Z,ESP32_ENERGY_MONITOR_001,22.27,50.03,21,2.72,221.34,0.01,ok
2025-12-17T09:25:05.332Z,ESP32_ENERGY_MONITOR_001,22.76,52.12,23,3.16,216.11,0.01,ok
2025-12-17T09:30:05.332Z,ESP32_ENERGY_MONITOR_001,23.54,51.37,29,3.28,218.52,0.01,ok
2025-12-17T09:35:05.332Z,ESP32_ENERGY_MONITOR_001,22.29,51.37,29,3.31,224.09,0.02,ok
2025-12-17T09:40:05.332Z,ESP32_ENERGY_MONITOR_001,23.94,53.65,28,3.18,215.05,0.01,ok
2025-12-17T09:45:05.332Z,ESP32_ENERGY_MONITOR_001,22.92,52.11,25,3.21,219.72,0.01,ok
2025-12-17T09:50:05.332Z,ESP32_ENERGY_MONITOR_001,23.18,54.74,27,3.21,216.01,0.01,ok
2025-12-17T09:55:05.332Z,ESP32_ENERGY_MONITOR_001,22.68,53.91,23,2.97,216.20,0.01,ok
2025-12-17T10:00:05.332Z,ESP32_ENERGY_MONITOR_001,21.18,54.95,18,2.68,217.34,0.01,ok
2025-12-17T10:05:05.332Z,ESP32_ENERGY_MONITOR_001,21.42,56.50,16,2.78,215.75,0.01,ok
2025-12-17T10:10:05.332Z,ESP32_ENERGY_MONITOR_001,22.16,54.39,23,3.07,222.65,0.01,ok
2025-12-17T10:15:05.332Z,ESP32_ENERGY_MONITOR_001,21.35,56.51,18,2.81,216.04,0.01,ok
2025-12-17T10:20:05.332Z,ESP32_ENERGY_MONITOR_001,22.30,55.92,16,2.54,216.28,0.01,ok
2025-12-17T10:25:05.332Z,ESP32_ENERGY_MONITOR_001,20.76,55.73,22,3.03,223.23,0.01,ok
2025-12-17T10:30:05.332Z,ESP32_ENERGY_MONITOR_001,21.69,55.79,17,2.57,223.56,0.01,ok
2025-12-17T10:35:05.332Z,ESP32_ENERGY_MONITOR_001,21.07,57.08,17,2.64,215.30,0.01,ok
2025-12-17T10:40:05.332Z,ESP32_ENERGY_MONITOR_001,22.07,54.32,24,2.78,223.81,0.01,ok
2025-12-17T10:45:05.332Z,ESP32_ENERGY_MONITOR_001,22.07,55.22,19,2.79,223.91,0.01,ok
2025-12-17T10:50:05.332Z,ESP32_ENERGY_MONITOR_001,21.97,56.62,22,3.08,216.87,0.01,ok
2025-12-17T10:55:05.332Z,ESP32_ENERGY_MONITOR_001,21.84,53.95,19,2.90,224.58,0.01,ok
2025-12-17T11:00:05.332Z,ESP32_ENERGY_MONITOR_001,19.15,57.65,5,2.40,218.67,0.01,ok
2025-12-17T11:05:05.332Z,ESP32_ENERGY_MONITOR_001,20.22,60.85,1,1.87,221.89,0.01,ok
2025-12-17T11:10:05.332Z,ESP32_ENERGY_MONITOR_001,20.21,58.27,6,2.22,221.10,0.01,ok
2025-12-17T11:15:05.332Z,ESP32_ENERGY_MONITOR_001,20.39,61.76,0,1.88,220.35,0.01,ok
2025-12-17T11:20:05.332Z,ESP32_ENERGY_MONITOR_001,19.35,60.36,1,1.98,217.61,0.01,ok
2025-12-17T11:25:05.332Z,ESP32_ENERGY_MONITOR_001,20.71,59.80,8,2.41,220.33,0.01,ok
2025-12-17T11:30:05.332Z,ESP32_ENERGY_MONITOR_001,19.39,62.19,8,2.53,223.49,0.01,ok
2025-12-17T11:35:05.332Z,ESP32_ENERGY_MONITOR_001,19.19,59.32,5,2.09,216.71,0.01,ok
2025-12-17T11:40:05.332Z,ESP32_ENERGY_MONITOR_001,21.00,58.19,5,2.38,216.40,0.01,ok
2025-12-17T11:45:05.332Z,ESP32_ENERGY_MONITOR_001,20.71,57.50,5,2.35,215.70,0.01,ok
2025-12-17T11:50:05.332Z,ESP32_ENERGY_MONITOR_001,20.88,58.06,0,2.00,224.77,0.01,ok
2025-12-17T11:55:05.332Z,ESP32_ENERGY_MONITOR_001,20.53,60.61,7,2.42,221.09,0.01,ok
2025-12-17T12:00:05.332Z,ESP32_ENERGY_MONITOR_001,18.84,64.39,1,1.85,224.81,0.01,ok
2025-12-17T12:05:05.332Z,ESP32_ENERGY_MONITOR_001,18.92,66.36,4,2.36,222.96,0.01,ok
2025-12-17T12:10:05.332Z,ESP32_ENERGY_MONITOR_001,18.87,62.76,3,2.35,218.96,0.01,ok
2025-12-17T12:15:05.332Z,ESP32_ENERGY_MONITOR_001,18.70,64.32,7,2.25,223.45,0.01,ok
2025-12-17T12:20:05.332Z,ESP32_ENERGY_MONITOR_001,18.11,65.80,4,2.12,217.65,0.01,ok
2025-12-17T12:25:05.332Z,ESP32_ENERGY_MONITOR_001,17.53,63.38,9,2.28,224.75,0.01,ok
2025-12-17T12:30:05.332Z,ESP32_ENERGY_MONITOR_001,18.98,62.48,2,2.29,224.82,0.01,ok
2025-12-17T12:35:05.332Z,ESP32_ENERGY_MONITOR_001,19.42,62.50,0,1.76,221.85,0.01,ok
2025-12-17T12:40:05.332Z,ESP32_ENERGY_MONITOR_001,18.44,64.19,8,2.08,217.23,0.01,ok
2025-12-17T12:45:05.332Z,ESP32_ENERGY_MONITOR_001,18.61,62.90,0,1.78,221.57,0.01,ok
2025-12-17T12:50:05.332Z,ESP32_ENERGY_MONITOR_001,18.24,63.26,3,1.92,220.95,0.01,ok
2025-12-17T12:55:05.332Z,ESP32_ENERGY_MONITOR_001,18.99,62.13,3,2.18,215.77,0.01,ok
2025-12-17T13:00:05.332Z,ESP32_ENERGY_MONITOR_001,17.55,69.57,6,2.46,217.44,0.01,ok
2025-12-17T13:05:05.332Z,ESP32_ENERGY_MONITOR_001,17.01,66.56,5,1.95,222.21,0.01,ok
2025-12-17T13:10:05.332Z,ESP32_ENERGY_MONITOR_001,16.72,65.88,6,2.49,215.85,0.01,ok
2025-12-17T13:15:05.332Z,ESP32_ENERGY_MONITOR_001,16.51,68.52,7,2.42,224.93,0.01,ok
2025-12-17T13:20:05.332Z,ESP32_ENERGY_MONITOR_001,17.45,66.03,2,1.93,219.75,0.01,ok
2025-12-17T13:25:05.332Z,ESP32_ENERGY_MONITOR_001,16.04,66.00,0,2.11,219.80,0.01,ok
2025-12-17T13:30:05.332Z,ESP32_ENERGY_MONITOR_001,17.83,68.53,1,2.03,217.20,0.01,ok
2025-12-17T13:35:05.332Z,ESP32_ENERGY_MONITOR_001,17.34,66.99,8,2.42,223.44,0.01,ok
2025-12-17T13:40:05.332Z,ESP32_ENERGY_MONITOR_001,17.44,66.79,3,2.25,218.44,0.01,ok
2025-12-17T13:45:05.332Z,ESP32_ENERGY_MONITOR_001,16.99,68.56,9,2.22,223.02,0.01,ok
2025-12-17T13:50:05.332Z,ESP32_ENERGY_MONITOR_001,16.88,68.53,2,1.93,223.56,0.01,ok
2025-12-17T13:55:05.332Z,ESP32_ENERGY_MONITOR_001,17.29,66.20,1,1.94,217.79,0.01,ok
2025-12-17T14:00:05.332Z,ESP32_ENERGY_MONITOR_001,14.98,69.73,0,2.25,216.92,0.01,ok
2025-12-17T14:05:05.332Z,ESP32_ENERGY_MONITOR_001,16.30,70.98,3,2.15,221.05,0.01,ok
2025-12-17T14:10:05.332Z,ESP32_ENERGY_MONITOR_001,14.76,69.38,9,2.60,215.26,0.01,ok
2025-12-17T14:15:05.332Z,ESP32_ENERGY_MONITOR_001,16.25,72.05,3,2.17,221.51,0.01,ok
2025-12-17T14:20:05.332Z,ESP32_ENERGY_MONITOR_001,16.54,71.19,2,2.24,223.19,0.01,ok
2025-12-17T14:25:05.332Z,ESP32_ENERGY_MONITOR_001,15.90,72.64,6,2.35,219.98,0.01,ok
2025-12-17T14:30:05.332Z,ESP32_ENERGY_MONITOR_001,15.45,70.53,9,2.50,222.57,0.01,ok
2025-12-17T14:35:05.332Z,ESP32_ENERGY_MONITOR_001,15.07,68.68,1,2.15,216.69,0.01,ok
2025-12-17T14:40:05.332Z,ESP32_ENERGY_MONITOR_001,16.43,71.64,9,2.28,215.72,0.01,ok
2025-12-17T14:45:05.332Z,ESP32_ENERGY_MONITOR_001,16.54,71.05,4,2.26,224.92,0.01,ok
2025-12-17T14:50:05.332Z,ESP32_ENERGY_MONITOR_001,15.26,73.06,7,2.07,219.81,0.01,ok
2025-12-17T14:55:05.332Z,ESP32_ENERGY_MONITOR_001,15.41,69.93,4,2.38,221.94,0.01,ok
2025-12-17T15:00:05.332Z,ESP32_ENERGY_MONITOR_001,14.76,75.49,0,1.92,216.14,0.01,ok
2025-12-17T15:05:05.332Z,ESP32_ENERGY_MONITOR_001,15.16,73.84,3,2.01,217.49,0.01,ok
2025-12-17T15:10:05.332Z,ESP32_ENERGY_MONITOR_001,15.31,71.70,8,2.11,221.27,0.01,ok
2025-12-17T15:15:05.332Z,ESP32_ENERGY_MONITOR_001,15.60,72.62,6,2.24,215.25,0.01,ok
2025-12-17T15:20:05.332Z,ESP32_ENERGY_MONITOR_001,15.21,74.34,4,2.40,220.77,0.01,ok
2025-12-17T15:25:05.332Z,ESP32_ENERGY_MONITOR_001,14.79,73.67,0,2.00,222.13,0.01,ok
2025-12-17T15:30:05.332Z,ESP32_ENERGY_MONITOR_001,14.50,73.44,5,2.32,221.95,0.01,ok
2025-12-17T15:35:05.332Z,ESP32_ENERGY_MONITOR_001,14.04,74.49,8,2.17,221.71,0.01,ok
2025-12-17T15:40:05.332Z,ESP32_ENERGY_MONITOR_001,14.76,74.64,6,2.01,219.40,0.01,ok
2025-12-17T15:45:05.332Z,ESP32_ENERGY_MONITOR_001,14.67,71.96,0,1.95,221.31,0.01,ok
2025-12-17T15:50:05.332Z,ESP32_ENERGY_MONITOR_001,14.07,70.53,4,2.01,221.93,0.01,ok
2025-12-17T15:55:05.332Z,ESP32_ENERGY_MONITOR_001,15.31,72.72,3,1.91,222.61,0.01,ok
2025-12-17T16:00:05.332Z,ESP32_ENERGY_MONITOR_001,13.75,76.62,2,2.22,222.51,0.01,ok
2025-12-17T16:05:05.332Z,ESP32_ENERGY_MONITOR_001,14.23,74.68,8,2.16,221.75,0.01,ok
2025-12-17T16:10:05.332Z,ESP32_ENERGY_MONITOR_001,14.10,76.84,2,2.02,218.53,0.01,ok
2025-12-17T16:15:05.332Z,ESP32_ENERGY_MONITOR_001,14.88,73.11,0,2.24,224.50,0.01,ok
2025-12-17T16:20:05.332Z,ESP32_ENERGY_MONITOR_001,14.46,76.69,3,2.21,215.93,0.01,ok
2025-12-17T16:25:05.332Z,ESP32_ENERGY_MONITOR_001,14.13,73.75,2,2.13,215.89,0.01,ok
2025-12-17T16:30:05.332Z,ESP32_ENERGY_MONITOR_001,14.83,74.31,1,1.88,222.92,0.01,ok
2025-12-17T16:35:05.332Z,ESP32_ENERGY_MONITOR_001,13.54,74.71,7,2.22,222.54,0.01,ok
2025-12-17T16:40:05.332Z,ESP32_ENERGY_MONITOR_001,14.26,72.83,6,2.44,215.87,0.01,ok
2025-12-17T16:45:05.332Z,ESP32_ENERGY_MONITOR_001,15.09,76.02,2,1.94,223.66,0.01,ok
2025-12-17T16:50:05.332Z,ESP32_ENERGY_MONITOR_001,14.22,73.91,0,1.91,222.42,0.01,ok
2025-12-17T16:55:05.332Z,ESP32_ENERGY_MONITOR_001,14.90,73.60,0,2.18,224.84,0.01,ok
2025-12-17T17:00:05.332Z,ESP32_ENERGY_MONITOR_001,13.75,76.55,4,2.15,217.23,0.01,ok
2025-12-17T17:05:05.332Z,ESP32_ENERGY_MONITOR_001,13.64,77.15,0,2.12,220.66,0.01,ok
2025-12-17T17:10:05.332Z,ESP32_ENERGY_MONITOR_001,14.29,73.75,5,2.03,220.08,0.01,ok
2025-12-17T17:15:05.332Z,ESP32_ENERGY_MONITOR_001,13.38,73.30,6,2.46,216.52,0.01,ok
2025-12-17T17:20:05.332Z,ESP32_ENERGY_MONITOR_001,14.13,76.99,7,2.40,224.23,0.01,ok
2025-12-17T17:25:05.332Z,ESP32_ENERGY_MONITOR_001,13.13,72.85,9,2.21,219.89,0.01,ok
2025-12-17T17:30:05.332Z,ESP32_ENERGY_MONITOR_001,14.98,73.35,2,1.84,216.69,0.01,ok
2025-12-17T17:35:05.332Z,ESP32_ENERGY_MONITOR_001,13.04,73.17,7,2.44,215.04,0.01,ok
2025-12-17T17:40:05.332Z,ESP32_ENERGY_MONITOR_001,14.01,77.41,1,2.27,219.79,0.01,ok
2025-12-17T17:45:05.332Z,ESP32_ENERGY_MONITOR_001,14.62,75.13,7,2.07,222.12,0.01,ok
2025-12-17T17:50:05.332Z,ESP32_ENERGY_MONITOR_001,13.64,73.26,9,2.32,221.27,0.01,ok
2025-12-17T17:55:05.332Z,ESP32_ENERGY_MONITOR_001,14.35,76.11,7,2.22,222.95,0.01,ok
2025-12-17T18:00:05.332Z,ESP32_ENERGY_MONITOR_001,14.60,74.59,9,2.59,215.93,0.01,ok
2025-12-17T18:05:05.332Z,ESP32_ENERGY_MONITOR_001,14.01,75.26,9,2.30,224.23,0.01,ok
2025-12-17T18:10:05.332Z,ESP32_ENERGY_MONITOR_001,13.94,75.93,1,1.86,219.24,0.01,ok
2025-12-17T18:15:05.332Z,ESP32_ENERGY_MONITOR_001,14.48,74.03,6,2.38,219.57,0.01,ok
2025-12-17T18:20:05.332Z,ESP32_ENERGY_MONITOR_001,15.07,75.88,6,2.44,220.92,0.01,ok
2025-12-17T18:25:05.332Z,ESP32_ENERGY_MONITOR_001,13.75,73.77,8,2.17,221.40,0.01,ok
2025-12-17T18:30:05.332Z,ESP32_ENERGY_MONITOR_001,14.46,76.96,5,2.19,218.55,0.01,ok
2025-12-17T18:35:05.332Z,ESP32_ENERGY_MONITOR_001,15.14,76.56,4,2.21,223.33,0.01,ok
2025-12-17T18:40:05.332Z,ESP32_ENERGY_MONITOR_001,14.77,73.37,7,2.46,221.79,0.01,ok
2025-12-17T18:45:05.332Z,ESP32_ENERGY_MONITOR_001,14.62,74.81,4,2.14,216.05,0.01,ok
2025-12-17T18:50:05.332Z,ESP32_ENERGY_MONITOR_001,13.59,75.53,9,2.32,223.92,0.01,ok
2025-12-17T18:55:05.332Z,ESP32_ENERGY_MONITOR_001,14.32,75.05,6,2.08,218.08,0.01,ok
2025-12-17T19:00:05.332Z,ESP32_ENERGY_MONITOR_001,15.28,73.30,8,2.53,223.22,0.01,ok
2025-12-17T19:05:05.332Z,ESP32_ENERGY_MONITOR_001,15.50,71.26,9,2.14,217.17,0.01,ok
2025-12-17T19:10:05.332Z,ESP32_ENERGY_MONITOR_001,14.69,75.17,8,2.41,217.14,0.01,ok
2025-12-17T19:15:05.332Z,ESP32_ENERGY_MONITOR_001,14.06,72.20,5,2.09,220.48,0.01,ok
2025-12-17T19:20:05.332Z,ESP32_ENERGY_MONITOR_001,15.66,73.20,7,2.40,216.43,0.01,ok
2025-12-17T19:25:05.332Z,ESP32_ENERGY_MONITOR_001,15.05,70.60,7,2.51,220.39,0.01,ok
2025-12-17T19:30:05.332Z,ESP32_ENERGY_MONITOR_001,15.13,74.43,1,2.22,220.29,0.01,ok
2025-12-17T19:35:05.332Z,ESP32_ENERGY_MONITOR_001,15.55,75.36,7,2.29,222.84,0.01,ok
2025-12-17T19:40:05.332Z,ESP32_ENERGY_MONITOR_001,15.15,71.02,4,1.93,219.82,0.01,ok
2025-12-17T19:45:05.332Z,ESP32_ENERGY_MONITOR_001,14.76,73.00,4,2.14,223.12,0.01,ok
2025-12-17T19:50:05.332Z,ESP32_ENERGY_MONITOR_001,14.84,72.37,0,1.94,221.94,0.01,ok
2025-12-17T19:55:05.332Z,ESP32_ENERGY_MONITOR_001,15.29,70.53,3,2.07,217.17,0.01,ok
2025-12-17T20:00:05.332Z,ESP32_ENERGY_MONITOR_001,15.67,69.51,0,1.96,224.66,0.01,ok
2025-12-17T20:05:05.332Z,ESP32_ENERGY_MONITOR_001,14.78,68.12,8,2.40,216.31,0.01,ok
2025-12-17T20:10:05.332Z,ESP32_ENERGY_MONITOR_001,14.92,68.37,7,2.47,221.89,0.01,ok
2025-12-17T20:15:05.332Z,ESP32_ENERGY_MONITOR_001,14.85,72.91,7,2.38,219.30,0.01,ok
2025-12-17T20:20:05.332Z,ESP32_ENERGY_MONITOR_001,16.11,69.19,6,2.34,215.75,0.01,ok
2025-12-17T20:25:05.332Z,ESP32_ENERGY_MONITOR_001,15.43,68.22,3,2.18,218.28,0.01,ok
2025-12-17T20:30:05.332Z,ESP32_ENERGY_MONITOR_001,16.02,70.58,8,2.43,215.61,0.01,ok
2025-12-17T20:35:05.332Z,ESP32_ENERGY_MONITOR_001,14.90,68.74,8,2.42,219.93,0.01,ok
2025-12-17T20:40:05.332Z,ESP32_ENERGY_MONITOR_001,16.62,72.91,5,2.26,219.28,0.01,ok
2025-12-17T20:45:05.332Z,ESP32_ENERGY_MONITOR_001,15.31,68.32,9,2.59,216.44,0.01,ok
2025-12-17T20:50:05.332Z,ESP32_ENERGY_MONITOR_001,15.73,70.80,1,2.15,224.33,0.01,ok
2025-12-17T20:55:05.332Z,ESP32_ENERGY_MONITOR_001,15.92,70.56,4,2.04,218.98,0.01,ok
2025-12-17T21:00:05.332Z,ESP32_ENERGY_MONITOR_001,17.95,66.87,8,2.22,224.02,0.01,ok
2025-12-17T21:05:05.332Z,ESP32_ENERGY_MONITOR_001,17.45,67.48,3,2.09,224.84,0.01,ok
2025-12-17T21:10:05.332Z,ESP32_ENERGY_MONITOR_001,16.11,67.81,6,2.22,223.73,0.01,ok
2025-12-17T21:15:05.332Z,ESP32_ENERGY_MONITOR_001,17.19,65.51,6,2.47,221.65,0.01,ok
2025-12-17T21:20:05.332Z,ESP32_ENERGY_MONITOR_001,16.37,66.30,5,2.27,215.03,0.01,ok
2025-12-17T21:25:05.332Z,ESP32_ENERGY_MONITOR_001,16.07,65.31,5,2.14,223.75,0.01,ok
2025-12-17T21:30:05.332Z,ESP32_ENERGY_MONITOR_001,16.14,68.18,9,2.34,222.49,0.01,ok
2025-12-17T21:35:05.332Z,ESP32_ENERGY_MONITOR_001,17.74,67.14,8,2.44,224.06,0.01,ok
2025-12-17T21:40:05.332Z,ESP32_ENERGY_MONITOR_001,16.33,66.21,4,2.25,223.00,0.01,ok
2025-12-17T21:45:05.332Z,ESP32_ENERGY_MONITOR_001,16.67,68.44,8,2.10,216.35,0.01,ok
2025-12-17T21:50:05.332Z,ESP32_ENERGY_MONITOR_001,16.04,69.30,3,2.04,224.89,0.01,ok
2025-12-17T21:55:05.332Z,ESP32_ENERGY_MONITOR_001,16.90,68.01,6,2.01,219.47,0.01,ok
2025-12-17T22:00:05.332Z,ESP32_ENERGY_MONITOR_001,18.57,66.18,0,1.77,223.64,0.01,ok
2025-12-17T22:05:05.332Z,ESP32_ENERGY_MONITOR_001,18.37,65.87,2,1.93,215.74,0.01,ok
2025-12-17T22:10:05.332Z,ESP32_ENERGY_MONITOR_001,19.38,63.73,9,2.26,221.28,0.01,ok
2025-12-17T22:15:05.332Z,ESP32_ENERGY_MONITOR_001,18.38,62.10,7,2.26,220.29,0.01,ok
2025-12-17T22:20:05.332Z,ESP32_ENERGY_MONITOR_001,19.04,62.18,1,2.26,215.01,0.01,ok
2025-12-17T22:25:05.332Z,ESP32_ENERGY_MONITOR_001,18.71,62.19,2,2.31,219.65,0.01,ok
2025-12-17T22:30:05.332Z,ESP32_ENERGY_MONITOR_001,19.18,64.05,8,2.52,224.68,0.01,ok
2025-12-17T22:35:05.332Z,ESP32_ENERGY_MONITOR_001,18.59,65.37,4,2.29,220.93,0.01,ok
2025-12-17T22:40:05.332Z,ESP32_ENERGY_MONITOR_001,17.63,61.45,5,2.30,215.11,0.01,ok
2025-12-17T22:45:05.332Z,ESP32_ENERGY_MONITOR_001,19.22,62.56,3,2.31,221.99,0.01,ok
2025-12-17T22:50:05.332Z,ESP32_ENERGY_MONITOR_001,18.23,65.41,6,2.21,215.16,0.01,ok
2025-12-17T22:55:05.332Z,ESP32_ENERGY_MONITOR_001,17.99,62.90,2,2.12,219.13,0.01,ok
2025-12-17T23:00:05.332Z,ESP32_ENERGY_MONITOR_001,19.03,58.97,8,2.34,218.19,0.01,ok
2025-12-17T23:05:05.332Z,ESP32_ENERGY_MONITOR_001,20.31,57.56,9,2.23,217.85,0.01,ok
2025-12-17T23:10:05.332Z,ESP32_ENERGY_MONITOR_001,20.99,59.06,0,1.79,218.02,0.01,ok
2025-12-17T23:15:05.332Z,ESP32_ENERGY_MONITOR_001,19.64,60.09,1,2.06,218.50,0.01,ok
2025-12-17T23:20:05.332Z,ESP32_ENERGY_MONITOR_001,19.15,58.21,9,2.55,218.73,0.01,ok
2025-12-17T23:25:05.332Z,ESP32_ENERGY_MONITOR_001,19.15,57.69,1,2.21,224.09,0.01,ok
2025-12-17T23:30:05.332Z,ESP32_ENERGY_MONITOR_001,20.50,58.00,4,2.24,222.99,0.01,ok
2025-12-17T23:35:05.332Z,ESP32_ENERGY_MONITOR_001,20.62,62.42,1,2.07,218.80,0.01,ok
2025-12-17T23:40:05.332Z,ESP32_ENERGY_MONITOR_001,19.28,61.13,6,2.04,217.03,0.01,ok
2025-12-17T23:45:05.332Z,ESP32_ENERGY_MONITOR_001,19.74,57.68,5,2.11,224.60,0.01,ok
2025-12-17T23:50:05.332Z,ESP32_ENERGY_MONITOR_001,19.94,60.12,0,1.83,223.31,0.01,ok
2025-12-17T23:55:05.332Z,ESP32_ENERGY_MONITOR_001,20.01,61.58,3,2.13,220.73,0.01,ok
2025-12-18T00:00:05.332Z,ESP32_ENERGY_MONITOR_001,20.91,56.35,0,2.13,224.21,0.01,ok
2025-12-18T00:05:05.332Z,ESP32_ENERGY_MONITOR_001,22.31,55.09,8,2.34,222.61,0.01,ok
2025-12-18T00:10:05.332Z,ESP32_ENERGY_MONITOR_001,21.63,57.75,3,1.90,224.02,0.01,ok
2025-12-18T00:15:05.332Z,ESP32_ENERGY_MONITOR_001,20.62,53.71,5,2.16,221.28,0.01,ok
2025-12-18T00:20:05.332Z,ESP32_ENERGY_MONITOR_001,21.44,56.21,7,2.17,217.58,0.01,ok
2025-12-18T00:25:05.332Z,ESP32_ENERGY_MONITOR_001,20.56,54.98,6,2.00,221.70,0.01,ok
2025-12-18T00:30:05.332Z,ESP32_ENERGY_MONITOR_001,21.76,55.38,1,1.91,217.55,0.01,ok
2025-12-18T00:35:05.332Z,ESP32_ENERGY_MONITOR_001,22.19,58.33,8,2.52,220.12,0.01,ok
2025-12-18T00:40:05.332Z,ESP32_ENERGY_MONITOR_001,22.00,56.90,9,2.37,222.33,0.01,ok
2025-12-18T00:45:05.332Z,ESP32_ENERGY_MONITOR_001,22.11,58.44,1,2.29,224.64,0.01,ok
2025-12-18T00:50:05.332Z,ESP32_ENERGY_MONITOR_001,22.13,57.43,2,2.21,217.39,0.01,ok
2025-12-18T00:55:05.332Z,ESP32_ENERGY_MONITOR_001,22.41,56.47,6,2.01,224.06,0.01,ok
2025-12-18T01:00:05.332Z,ESP32_ENERGY_MONITOR_001,22.92,51.57,18,2.68,218.34,0.01,ok
2025-12-18T01:05:05.332Z,ESP32_ENERGY_MONITOR_001,22.66,51.93,15,2.67,218.00,0.01,ok
2025-12-18T01:10:05.332Z,ESP32_ENERGY_MONITOR_001,23.22,54.78,20,2.73,220.91,0.01,ok
2025-12-18T01:15:05.332Z,ESP32_ENERGY_MONITOR_001,23.57,52.82,18,2.96,217.14,0.01,ok
2025-12-18T01:20:05.332Z,ESP32_ENERGY_MONITOR_001,22.14,54.89,24,3.15,219.49,0.01,ok
2025-12-18T01:25:05.332Z,ESP32_ENERGY_MONITOR_001,23.44,51.34,23,2.67,218.08,0.01,ok
2025-12-18T01:30:05.332Z,ESP32_ENERGY_MONITOR_001,22.79,50.47,22,2.77,220.91,0.01,ok
2025-12-18T01:35:05.332Z,ESP32_ENERGY_MONITOR_001,22.48,52.89,21,2.82,215.53,0.01,ok
2025-12-18T01:40:05.332Z,ESP32_ENERGY_MONITOR_001,22.69,54.38,22,2.91,221.76,0.01,ok
2025-12-18T01:45:05.332Z,ESP32_ENERGY_MONITOR_001,23.47,53.22,17,2.90,218.77,0.01,ok
2025-12-18T01:50:05.332Z,ESP32_ENERGY_MONITOR_001,23.47,54.19,22,3.06,217.01,0.01,ok
2025-12-18T01:55:05.332Z,ESP32_ENERGY_MONITOR_001,22.70,51.77,17,2.64,216.87,0.01,ok
2025-12-18T02:00:05.332Z,ESP32_ENERGY_MONITOR_001,24.72,47.93,23,3.18,221.89,0.01,ok
2025-12-18T02:05:05.332Z,ESP32_ENERGY_MONITOR_001,23.67,47.15,26,2.81,224.64,0.01,ok
2025-12-18T02:10:05.332Z,ESP32_ENERGY_MONITOR_001,23.36,51.40,24,3.04,218.01,0.01,ok
2025-12-18T02:15:05.332Z,ESP32_ENERGY_MONITOR_001,24.36,48.23,22,2.74,217.41,0.01,ok
2025-12-18T02:20:05.332Z,ESP32_ENERGY_MONITOR_001,24.04,51.74,22,2.66,217.60,0.01,ok
2025-12-18T02:25:05.332Z,ESP32_ENERGY_MONITOR_001,24.59,50.62,22,2.99,223.64,0.01,ok
2025-12-18T02:30:05.332Z,ESP32_ENERGY_MONITOR_001,24.84,50.72,24,3.40,222.86,0.02,ok
2025-12-18T02:35:05.332Z,ESP32_ENERGY_MONITOR_001,24.26,49.31,21,3.16,221.17,0.01,ok
2025-12-18T02:40:05.332Z,ESP32_ENERGY_MONITOR_001,23.63,46.95,23,2.74,221.46,0.01,ok
2025-12-18T02:45:05.332Z,ESP32_ENERGY_MONITOR_001,23.74,51.48,22,2.95,224.45,0.01,ok
2025-12-18T02:50:05.332Z,ESP32_ENERGY_MONITOR_001,23.82,47.52,26,3.25,220.44,0.01,ok
2025-12-18T02:55:05.332Z,ESP32_ENERGY_MONITOR_001,24.49,47.26,21,3.03,223.23,0.01,ok
2025-12-18T03:00:05.332Z,ESP32_ENERGY_MONITOR_001,25.77,49.30,31,3.70,224.11,0.02,ok
2025-12-18T03:05:05.332Z,ESP32_ENERGY_MONITOR_001,25.94,47.34,25,3.65,221.72,0.02,ok
2025-12-18T03:10:05.332Z,ESP32_ENERGY_MONITOR_001,24.50,47.73,27,3.32,215.28,0.02,ok
2025-12-18T03:15:05.332Z,ESP32_ENERGY_MONITOR_001,24.54,46.83,28,3.11,220.15,0.01,ok
2025-12-18T03:20:05.332Z,ESP32_ENERGY_MONITOR_001,24.35,48.73,33,3.63,222.36,0.02,ok
2025-12-18T03:25:05.332Z,ESP32_ENERGY_MONITOR_001,25.76,48.14,27,3.80,223.49,0.02,ok
2025-12-18T03:30:05.332Z,ESP32_ENERGY_MONITOR_001,25.02,49.10,28,3.27,219.42,0.01,ok
2025-12-18T03:35:05.332Z,ESP32_ENERGY_MONITOR_001,26.17,46.87,28,4.01,219.50,0.02,ok
2025-12-18T03:40:05.332Z,ESP32_ENERGY_MONITOR_001,25.99,46.89,25,3.50,218.04,0.02,ok
2025-12-18T03:45:05.332Z,ESP32_ENERGY_MONITOR_001,26.18,48.94,29,3.68,217.11,0.02,ok
2025-12-18T03:50:05.332Z,ESP32_ENERGY_MONITOR_001,24.59,49.49,30,3.43,215.81,0.02,ok
2025-12-18T03:55:05.332Z,ESP32_ENERGY_MONITOR_001,25.24,48.03,32,3.52,217.58,0.02,ok
2025-12-18T04:00:05.332Z,ESP32_ENERGY_MONITOR_001,25.13,45.54,27,3.49,219.56,0.02,ok
2025-12-18T04:05:05.332Z,ESP32_ENERGY_MONITOR_001,25.88,43.95,32,3.93,215.02,0.02,ok
2025-12-18T04:10:05.332Z,ESP32_ENERGY_MONITOR_001,25.72,47.46,36,4.07,219.98,0.02,ok
2025-12-18T04:15:05.332Z,ESP32_ENERGY_MONITOR_001,26.76,46.35,28,3.83,218.29,0.02,ok
2025-12-18T04:20:05.332Z,ESP32_ENERGY_MONITOR_001,25.28,46.39,34,3.70,222.70,0.02,ok
2025-12-18T04:25:05.332Z,ESP32_ENERGY_MONITOR_001,25.77,43.25,30,3.85,220.50,0.02,ok
2025-12-18T04:30:05.332Z,ESP32_ENERGY_MONITOR_001,25.78,44.74,29,3.80,220.03,0.02,ok
2025-12-18T04:35:05.332Z,ESP32_ENERGY_MONITOR_001,25.99,47.42,31,3.91,222.68,0.02,ok
2025-12-18T04:40:05.332Z,ESP32_ENERGY_MONITOR_001,24.98,46.80,33,3.38,219.79,0.02,ok
2025-12-18T04:45:05.332Z,ESP32_ENERGY_MONITOR_001,24.91,44.65,35,3.43,218.27,0.02,ok
2025-12-18T04:50:05.332Z,ESP32_ENERGY_MONITOR_001,25.71,43.64,33,3.80,218.10,0.02,ok
2025-12-18T04:55:05.332Z,ESP32_ENERGY_MONITOR_001,25.62,46.94,32,3.64,218.97,0.02,ok
2025-12-18T05:00:05.332Z,ESP32_ENERGY_MONITOR_001,25.54,47.00,33,3.63,224.23,0.02,ok
2025-12-18T05:05:05.332Z,ESP32_ENERGY_MONITOR_001,25.30,44.37,37,3.71,221.40,0.02,ok
2025-12-18T05:10:05.332Z,ESP32_ENERGY_MONITOR_001,26.49,44.98,33,3.85,216.23,0.02,ok
2025-12-18T05:15:05.332Z,ESP32_ENERGY_MONITOR_001,25.59,46.54,30,3.70,223.97,0.02,ok
2025-12-18T05:20:05.332Z,ESP32_ENERGY_MONITOR_001,26.25,43.60,34,4.15,217.72,0.02,ok
2025-12-18T05:25:05.332Z,ESP32_ENERGY_MONITOR_001,25.71,44.35,35,4.08,221.69,0.02,ok
2025-12-18T05:30:05.332Z,ESP32_ENERGY_MONITOR_001,26.31,43.01,34,3.99,217.86,0.02,ok
2025-12-18T05:35:05.332Z,ESP32_ENERGY_MONITOR_001,25.21,45.46,38,4.02,215.88,0.02,ok
2025-12-18T05:40:05.332Z,ESP32_ENERGY_MONITOR_001,25.14,44.77,30,3.72,223.78,0.02,ok
2025-12-18T05:45:05.332Z,ESP32_ENERGY_MONITOR_001,26.62,42.74,29,3.95,217.41,0.02,ok
2025-12-18T05:50:05.332Z,ESP32_ENERGY_MONITOR_001,25.88,45.19,38,4.09,216.09,0.02,ok
2025-12-18T05:55:05.332Z,ESP32_ENERGY_MONITOR_001,25.69,45.66,38,4.10,224.96,0.02,ok
2025-12-18T06:00:05.332Z,ESP32_ENERGY_MONITOR_001,26.14,45.87,34,3.76,218.81,0.02,ok
2025-12-18T06:05:05.332Z,ESP32_ENERGY_MONITOR_001,25.44,47.77,29,3.55,217.91,0.02,ok
2025-12-18T06:10:05.332Z,ESP32_ENERGY_MONITOR_001,25.90,44.49,32,3.82,215.96,0.02,ok
2025-12-18T06:15:05.332Z,ESP32_ENERGY_MONITOR_001,26.26,46.45,33,4.04,223.69,0.02,ok
2025-12-18T06:20:05.332Z,ESP32_ENERGY_MONITOR_001,25.07,43.32,33,3.60,221.40,0.02,ok
2025-12-18T06:25:05.332Z,ESP32_ENERGY_MONITOR_001,24.86,44.22,36,3.89,216.87,0.02,ok
2025-12-18T06:30:05.332Z,ESP32_ENERGY_MONITOR_001,26.14,44.92,34,3.80,223.08,0.02,ok
2025-12-18T06:35:05.332Z,ESP32_ENERGY_MONITOR_001,25.93,43.88,38,4.15,220.19,0.02,ok
2025-12-18T06:40:05.332Z,ESP32_ENERGY_MONITOR_001,25.93,44.05,38,3.90,223.16,0.02,ok
2025-12-18T06:45:05.332Z,ESP32_ENERGY_MONITOR_001,26.27,44.60,36,4.27,215.09,0.02,ok
2025-12-18T06:50:05.332Z,ESP32_ENERGY_MONITOR_001,25.84,44.60,33,3.76,219.00,0.02,ok
2025-12-18T06:55:05.332Z,ESP32_ENERGY_MONITOR_001,25.60,43.76,38,3.94,215.99,0.02,ok
2025-12-18T07:00:05.332Z,ESP32_ENERGY_MONITOR_001,25.13,48.03,35,3.72,218.63,0.02,ok
2025-12-18T07:05:05.332Z,ESP32_ENERGY_MONITOR_001,25.39,45.40,31,3.88,219.22,0.02,ok
2025-12-18T07:10:05.332Z,ESP32_ENERGY_MONITOR_001,25.52,45.44,30,3.74,221.53,0.02,ok
2025-12-18T07:15:05.332Z,ESP32_ENERGY_MONITOR_001,24.43,44.59,29,3.53,221.56,0.02,ok
2025-12-18T07:20:05.332Z,ESP32_ENERGY_MONITOR_001,25.78,47.46,30,3.54,215.76,0.02,ok
2025-12-18T07:25:05.332Z,ESP32_ENERGY_MONITOR_001,24.29,45.74,36,3.42,218.02,0.02,ok
2025-12-18T07:30:05.332Z,ESP32_ENERGY_MONITOR_001,25.73,48.84,34,3.98,222.86,0.02,ok
2025-12-18T07:35:05.332Z,ESP32_ENERGY_MONITOR_001,25.63,45.24,34,3.72,224.80,0.02,ok
2025-12-18T07:40:05.332Z,ESP32_ENERGY_MONITOR_001,24.32,47.32,32,3.27,216.59,0.01,ok
2025-12-18T07:45:05.332Z,ESP32_ENERGY_MONITOR_001,25.86,45.91,29,3.50,221.02,0.02,ok
2025-12-18T07:50:05.332Z,ESP32_ENERGY_MONITOR_001,24.92,47.83,35,3.91,222.69,0.02,ok
2025-12-18T07:55:05.332Z,ESP32_ENERGY_MONITOR_001,25.07,44.59,29,3.31,219.93,0.02,ok
2025-12-18T08:00:05.332Z,ESP32_ENERGY_MONITOR_001,25.17,47.84,24,3.13,220.21,0.01,ok
2025-12-18T08:05:05.332Z,ESP32_ENERGY_MONITOR_001,24.71,50.09,30,3.59,222.25,0.02,ok
2025-12-18T08:10:05.332Z,ESP32_ENERGY_MONITOR_001,23.55,47.41,27,3.16,217.83,0.01,ok
2025-12-18T08:15:05.332Z,ESP32_ENERGY_MONITOR_001,24.67,50.16,29,3.18,221.14,0.01,ok
2025-12-18T08:20:05.332Z,ESP32_ENERGY_MONITOR_001,24.15,50.69,29,3.34,216.66,0.02,ok
2025-12-18T08:25:05.332Z,ESP32_ENERGY_MONITOR_001,24.67,50.10,25,3.25,218.67,0.01,ok
2025-12-18T08:30:05.332Z,ESP32_ENERGY_MONITOR_001,23.47,47.56,24,3.08,217.36,0.01,ok
2025-12-18T08:35:05.332Z,ESP32_ENERGY_MONITOR_001,23.68,49.67,30,3.43,222.62,0.02,ok
2025-12-18T08:40:05.332Z,ESP32_ENERGY_MONITOR_001,23.69,47.44,25,2.98,218.92,0.01,ok
2025-12-18T08:45:05.332Z,ESP32_ENERGY_MONITOR_001,24.86,47.98,33,3.36,222.87,0.02,ok
2025-12-18T08:50:05.332Z,ESP32_ENERGY_MONITOR_001,25.04,47.33,32,3.59,216.95,0.02,ok
2025-12-18T08:55:05.332Z,ESP32_ENERGY_MONITOR_001,24.76,48.45,32,3.74,215.74,0.02,ok
2025-12-18T09:00:05.332Z,ESP32_ENERGY_MONITOR_001,23.36,50.76,24,2.79,222.60,0.01,ok
2025-12-18T09:05:05.332Z,ESP32_ENERGY_MONITOR_001,23.30,52.44,26,3.15,223.68,0.01,ok
2025-12-18T09:10:05.332Z,ESP32_ENERGY_MONITOR_001,23.10,51.77,25,3.08,215.70,0.01,ok
2025-12-18T09:15:05.332Z,ESP32_ENERGY_MONITOR_001,22.43,54.99,25,3.12,218.33,0.01,ok
2025-12-18T09:20:05.332Z,ESP32_ENERGY_MONITOR_001,22.02,51.65,29,3.13,216.36,0.01,ok
2025-12-18T09:25:05.332Z,ESP32_ENERGY_MONITOR_001,23.01,51.54,29,3.24,218.27,0.01,ok
2025-12-18T09:30:05.332Z,ESP32_ENERGY_MONITOR_001,23.71,53.70,24,2.75,219.64,0.01,ok
2025-12-18T09:35:05.332Z,ESP32_ENERGY_MONITOR_001,23.18,52.52,27,2.94,218.96,0.01,ok
2025-12-18T09:40:05.332Z,ESP32_ENERGY_MONITOR_001,23.78,53.29,26,2.89,217.54,0.01,ok
2025-12-18T09:45:05.332Z,ESP32_ENERGY_MONITOR_001,22.43,55.00,21,2.70,222.52,0.01,ok
2025-12-18T09:50:05.332Z,ESP32_ENERGY_MONITOR_001,23.57,52.54,25,2.83,224.34,0.01,ok
2025-12-18T09:55:05.332Z,ESP32_ENERGY_MONITOR_001,23.82,51.06,22,3.13,220.67,0.01,ok
2025-12-18T10:00:05.332Z,ESP32_ENERGY_MONITOR_001,21.90,55.73,22,2.79,217.59,0.01,ok
2025-12-18T10:05:05.332Z,ESP32_ENERGY_MONITOR_001,21.03,56.25,17,2.80,217.57,0.01,ok
2025-12-18T10:10:05.332Z,ESP32_ENERGY_MONITOR_001,21.05,55.93,22,2.79,220.86,0.01,ok
2025-12-18T10:15:05.332Z,ESP32_ENERGY_MONITOR_001,21.60,55.88,18,2.66,223.17,0.01,ok
2025-12-18T10:20:05.332Z,ESP32_ENERGY_MONITOR_001,21.40,57.10,15,2.77,224.58,0.01,ok
2025-12-18T10:25:05.332Z,ESP32_ENERGY_MONITOR_001,21.03,54.83,15,2.69,223.34,0.01,ok
2025-12-18T10:30:05.332Z,ESP32_ENERGY_MONITOR_001,21.47,56.44,15,2.78,221.60,0.01,ok
2025-12-18T10:35:05.332Z,ESP32_ENERGY_MONITOR_001,22.37,54.07,18,2.57,224.03,0.01,ok
2025-12-18T10:40:05.332Z,ESP32_ENERGY_MONITOR_001,21.26,55.38,18,2.79,223.03,0.01,ok
2025-12-18T10:45:05.332Z,ESP32_ENERGY_MONITOR_001,21.94,53.99,18,2.71,220.18,0.01,ok
2025-12-18T10:50:05.332Z,ESP32_ENERGY_MONITOR_001,21.31,53.84,15,2.41,221.09,0.01,ok
2025-12-18T10:55:05.332Z,ESP32_ENERGY_MONITOR_001,22.00,55.92,19,2.67,217.76,0.01,ok
2025-12-18T11:00:05.332Z,ESP32_ENERGY_MONITOR_001,19.97,59.00,7,2.22,223.29,0.01,ok
2025-12-18T11:05:05.332Z,ESP32_ENERGY_MONITOR_001,20.81,61.80,4,2.02,221.10,0.01,ok
2025-12-18T11:10:05.332Z,ESP32_ENERGY_MONITOR_001,19.63,60.84,3,2.34,218.90,0.01,ok
2025-12-18T11:15:05.332Z,ESP32_ENERGY_MONITOR_001,20.41,57.81,3,2.19,215.19,0.01,ok
2025-12-18T11:20:05.332Z,ESP32_ENERGY_MONITOR_001,19.02,58.30,7,2.53,221.89,0.01,ok
2025-12-18T11:25:05.332Z,ESP32_ENERGY_MONITOR_001,20.75,60.24,4,2.34,221.53,0.01,ok
2025-12-18T11:30:05.332Z,ESP32_ENERGY_MONITOR_001,20.35,58.76,4,2.11,224.23,0.01,ok
2025-12-18T11:35:05.332Z,ESP32_ENERGY_MONITOR_001,20.26,58.54,6,2.25,218.59,0.01,ok
2025-12-18T11:40:05.332Z,ESP32_ENERGY_MONITOR_001,19.62,59.23,8,2.07,219.46,0.01,ok
2025-12-18T11:45:05.332Z,ESP32_ENERGY_MONITOR_001,20.68,61.01,3,2.27,222.56,0.01,ok
2025-12-18T11:50:05.332Z,ESP32_ENERGY_MONITOR_001,20.42,62.22,2,2.26,221.57,0.01,ok
2025-12-18T11:55:05.332Z,ESP32_ENERGY_MONITOR_001,19.51,61.79,8,2.13,215.98,0.01,ok
2025-12-18T12:00:05.332Z,ESP32_ENERGY_MONITOR_001,18.83,65.75,4,2.39,215.82,0.01,ok
2025-12-18T12:05:05.332Z,ESP32_ENERGY_MONITOR_001,18.82,64.14,0,1.83,217.93,0.01,ok
2025-12-18T12:10:05.332Z,ESP32_ENERGY_MONITOR_001,19.39,64.40,8,2.50,223.76,0.01,ok
2025-12-18T12:15:05.332Z,ESP32_ENERGY_MONITOR_001,19.31,65.60,6,2.43,223.38,0.01,ok
2025-12-18T12:20:05.332Z,ESP32_ENERGY_MONITOR_001,17.65,61.95,0,1.86,215.70,0.01,ok
2025-12-18T12:25:05.332Z,ESP32_ENERGY_MONITOR_001,18.11,65.32,5,1.98,216.84,0.01,ok
2025-12-18T12:30:05.332Z,ESP32_ENERGY_MONITOR_001,18.51,65.46,8,2.11,221.72,0.01,ok
2025-12-18T12:35:05.332Z,ESP32_ENERGY_MONITOR_001,17.57,62.66,5,2.22,222.53,0.01,ok
2025-12-18T12:40:05.332Z,ESP32_ENERGY_MONITOR_001,17.86,62.50,1,1.84,223.14,0.01,ok
2025-12-18T12:45:05.332Z,ESP32_ENERGY_MONITOR_001,18.78,66.31,5,2.19,217.38,0.01,ok
2025-12-18T12:50:05.332Z,ESP32_ENERGY_MONITOR_001,17.82,61.67,3,1.89,218.24,0.01,ok
2025-12-18T12:55:05.332Z,ESP32_ENERGY_MONITOR_001,17.64,65.00,1,1.99,215.73,0.01,ok
2025-12-18T13:00:05.332Z,ESP32_ENERGY_MONITOR_001,17.16,66.21,1,2.15,217.77,0.01,ok
2025-12-18T13:05:05.332Z,ESP32_ENERGY_MONITOR_001,16.99,68.12,3,2.25,224.44,0.01,ok
2025-12-18T13:10:05.332Z,ESP32_ENERGY_MONITOR_001,16.69,69.30,0,1.91,223.12,0.01,ok
2025-12-18T13:15:05.332Z,ESP32_ENERGY_MONITOR_001,17.76,69.56,9,2.40,219.90,0.01,ok
2025-12-18T13:20:05.332Z,ESP32_ENERGY_MONITOR_001,17.96,68.62,7,2.23,221.20,0.01,ok
2025-12-18T13:25:05.332Z,ESP32_ENERGY_MONITOR_001,17.73,65.95,4,2.37,216.31,0.01,ok
2025-12-18T13:30:05.332Z,ESP32_ENERGY_MONITOR_001,17.86,65.65,6,2.10,218.64,0.01,ok
2025-12-18T13:35:05.332Z,ESP32_ENERGY_MONITOR_001,16.25,65.37,7,2.19,220.18,0.01,ok
2025-12-18T13:40:05.332Z,ESP32_ENERGY_MONITOR_001,16.70,66.62,0,1.94,223.43,0.01,ok
2025-12-18T13:45:05.332Z,ESP32_ENERGY_MONITOR_001,16.13,65.65,7,2.24,219.31,0.01,ok
2025-12-18T13:50:05.332Z,ESP32_ENERGY_MONITOR_001,16.75,69.53,1,2.12,215.10,0.01,ok
2025-12-18T13:55:05.332Z,ESP32_ENERGY_MONITOR_001,17.09,68.99,4,2.15,216.18,0.01,ok
2025-12-18T14:00:05.332Z,ESP32_ENERGY_MONITOR_001,16.33,72.44,9,2.49,224.51,0.01,ok
2025-12-18T14:05:05.332Z,ESP32_ENERGY_MONITOR_001,16.69,71.95,3,2.03,220.08,0.01,ok
2025-12-18T14:10:05.332Z,ESP32_ENERGY_MONITOR_001,15.49,70.13,6,2.18,220.80,0.01,ok
2025-12-18T14:15:05.332Z,ESP32_ENERGY_MONITOR_001,16.39,68.88,2,2.13,219.36,0.01,ok
2025-12-18T14:20:05.332Z,ESP32_ENERGY_MONITOR_001,15.18,70.73,8,2.18,216.61,0.01,ok
2025-12-18T14:25:05.332Z,ESP32_ENERGY_MONITOR_001,15.19,69.96,8,2.26,219.96,0.01,ok
2025-12-18T14:30:05.332Z,ESP32_ENERGY_MONITOR_001,15.37,68.35,0,2.13,224.72,0.01,ok
2025-12-18T14:35:05.332Z,ESP32_ENERGY_MONITOR_001,15.13,70.01,3,1.96,216.09,0.01,ok
2025-12-18T14:40:05.332Z,ESP32_ENERGY_MONITOR_001,16.53,68.36,0,2.16,219.52,0.01,ok
2025-12-18T14:45:05.332Z,ESP32_ENERGY_MONITOR_001,14.78,73.08,0,1.88,218.95,0.01,ok
2025-12-18T14:50:05.332Z,ESP32_ENERGY_MONITOR_001,16.00,69.34,1,2.16,223.17,0.01,ok
2025-12-18T14:55:05.332Z,ESP32_ENERGY_MONITOR_001,16.60,69.50,0,1.86,217.46,0.01,ok
2025-12-18T15:00:05.332Z,ESP32_ENERGY_MONITOR_001,14.57,71.35,1,1.87,215.40,0.01,ok
2025-12-18T15:05:05.332Z,ESP32_ENERGY_MONITOR_001,15.63,72.06,7,2.40,218.96,0.01,ok
2025-12-18T15:10:05.332Z,ESP32_ENERGY_MONITOR_001,14.13,71.63,0,2.06,221.34,0.01,ok
2025-12-18T15:15:05.332Z,ESP32_ENERGY_MONITOR_001,14.95,74.12,9,2.39,221.53,0.01,ok
2025-12-18T15:20:05.332Z,ESP32_ENERGY_MONITOR_001,14.32,73.60,4,2.10,221.98,0.01,ok
2025-12-18T15:25:05.332Z,ESP32_ENERGY_MONITOR_001,15.17,70.94,5,2.25,215.33,0.01,ok
2025-12-18T15:30:05.332Z,ESP32_ENERGY_MONITOR_001,15.54,75.09,6,2.45,224.65,0.01,ok
2025-12-18T15:35:05.332Z,ESP32_ENERGY_MONITOR_001,15.38,72.46,3,2.18,217.06,0.01,ok
2025-12-18T15:40:05.332Z,ESP32_ENERGY_MONITOR_001,15.04,72.30,1,1.84,221.81,0.01,ok
2025-12-18T15:45:05.332Z,ESP32_ENERGY_MONITOR_001,14.41,73.72,9,2.13,215.35,0.01,ok
2025-12-18T15:50:05.332Z,ESP32_ENERGY_MONITOR_001,15.33,75.13,4,2.35,220.38,0.01,ok
2025-12-18T15:55:05.332Z,ESP32_ENERGY_MONITOR_001,15.33,71.29,6,2.18,219.10,0.01,ok
2025-12-18T16:00:05.332Z,ESP32_ENERGY_MONITOR_001,14.05,72.34,0,2.06,223.30,0.01,ok
2025-12-18T16:05:05.332Z,ESP32_ENERGY_MONITOR_001,14.45,72.74,5,2.04,218.92,0.01,ok
2025-12-18T16:10:05.332Z,ESP32_ENERGY_MONITOR_001,13.41,74.07,6,2.27,222.41,0.01,ok
2025-12-18T16:15:05.332Z,ESP32_ENERGY_MONITOR_001,13.73,75.60,9,2.40,223.90,0.01,ok
2025-12-18T16:20:05.332Z,ESP32_ENERGY_MONITOR_001,13.99,76.08,6,2.00,219.79,0.01,ok
2025-12-18T16:25:05.332Z,ESP32_ENERGY_MONITOR_001,13.65,75.28,0,1.82,221.14,0.01,ok
2025-12-18T16:30:05.332Z,ESP32_ENERGY_MONITOR_001,14.44,72.52,2,2.12,223.56,0.01,ok
2025-12-18T16:35:05.332Z,ESP32_ENERGY_MONITOR_001,14.11,72.94,3,2.23,220.24,0.01,ok
2025-12-18T16:40:05.332Z,ESP32_ENERGY_MONITOR_001,13.23,72.19,4,2.22,216.19,0.01,ok
2025-12-18T16:45:05.332Z,ESP32_ENERGY_MONITOR_001,14.01,73.93,7,2.50,218.52,0.01,ok
2025-12-18T16:50:05.332Z,ESP32_ENERGY_MONITOR_001,15.00,75.47,8,2.09,217.23,0.01,ok
2025-12-18T16:55:05.332Z,ESP32_ENERGY_MONITOR_001,14.23,72.63,0,2.18,222.79,0.01,ok
2025-12-18T17:00:05.332Z,ESP32_ENERGY_MONITOR_001,14.61,77.44,1,1.82,220.79,0.01,ok
2025-12-18T17:05:05.332Z,ESP32_ENERGY_MONITOR_001,14.75,76.82,4,1.94,223.94,0.01,ok
2025-12-18T17:10:05.332Z,ESP32_ENERGY_MONITOR_001,14.43,77.30,2,2.25,218.30,0.01,ok
2025-12-18T17:15:05.332Z,ESP32_ENERGY_MONITOR_001,14.91,72.82,0,1.90,215.87,0.01,ok
2025-12-18T17:20:05.332Z,ESP32_ENERGY_MONITOR_001,14.12,77.11,5,2.01,223.02,0.01,ok
2025-12-18T17:25:05.332Z,ESP32_ENERGY_MONITOR_001,13.07,77.31,3,1.99,222.46,0.01,ok
2025-12-18T17:30:05.332Z,ESP32_ENERGY_MONITOR_001,14.27,75.58,7,2.48,215.49,0.01,ok
2025-12-18T17:35:05.332Z,ESP32_ENERGY_MONITOR_001,13.37,74.86,1,1.97,223.34,0.01,ok
2025-12-18T17:40:05.332Z,ESP32_ENERGY_MONITOR_001,13.93,77.30,2,1.88,224.93,0.01,ok
2025-12-18T17:45:05.332Z,ESP32_ENERGY_MONITOR_001,13.56,75.03,7,2.06,219.71,0.01,ok
2025-12-18T17:50:05.332Z,ESP32_ENERGY_MONITOR_001,14.49,73.50,3,2.16,220.83,0.01,ok
2025-12-18T17:55:05.332Z,ESP32_ENERGY_MONITOR_001,13.38,73.46,5,2.09,223.72,0.01,ok
2025-12-18T18:00:05.332Z,ESP32_ENERGY_MONITOR_001,14.93,76.31,3,2.22,218.40,0.01,ok
2025-12-18T18:05:05.332Z,ESP32_ENERGY_MONITOR_001,13.24,72.47,7,2.11,224.71,0.01,ok
2025-12-18T18:10:05.332Z,ESP32_ENERGY_MONITOR_001,15.09,75.31,2,2.29,216.97,0.01,ok
2025-12-18T18:15:05.332Z,ESP32_ENERGY_MONITOR_001,14.73,76.15,9,2.17,219.57,0.01,ok
2025-12-18T18:20:05.332Z,ESP32_ENERGY_MONITOR_001,14.55,72.33,5,2.07,223.78,0.01,ok
2025-12-18T18:25:05.332Z,ESP32_ENERGY_MONITOR_001,13.34,73.35,2,2.03,217.28,0.01,ok
2025-12-18T18:30:05.332Z,ESP32_ENERGY_MONITOR_001,13.54,72.13,5,2.29,222.42,0.01,ok
2025-12-18T18:35:05.332Z,ESP32_ENERGY_MONITOR_001,14.33,72.43,8,2.24,216.39,0.01,ok
2025-12-18T18:40:05.332Z,ESP32_ENERGY_MONITOR_001,13.96,74.61,4,2.14,219.63,0.01,ok
2025-12-18T18:45:05.332Z,ESP32_ENERGY_MONITOR_001,14.42,72.45,6,2.10,215.61,0.01,ok
2025-12-18T18:50:05.332Z,ESP32_ENERGY_MONITOR_001,14.00,76.28,6,2.31,216.95,0.01,ok
2025-12-18T18:55:05.332Z,ESP32_ENERGY_MONITOR_001,14.81,73.22,1,1.98,224.84,0.01,ok
2025-12-18T19:00:05.332Z,ESP32_ENERGY_MONITOR_001,13.92,72.06,5,2.17,224.26,0.01,ok
2025-12-18T19:05:05.332Z,ESP32_ENERGY_MONITOR_001,14.24,72.50,7,2.42,223.81,0.01,ok
2025-12-18T19:10:05.332Z,ESP32_ENERGY_MONITOR_001,15.70,74.90,1,2.07,216.50,0.01,ok
2025-12-18T19:15:05.332Z,ESP32_ENERGY_MONITOR_001,15.28,71.05,1,2.16,224.96,0.01,ok
2025-12-18T19:20:05.332Z,ESP32_ENERGY_MONITOR_001,15.76,71.76,1,1.94,216.26,0.01,ok
2025-12-18T19:25:05.332Z,ESP32_ENERGY_MONITOR_001,15.45,71.04,2,1.84,222.51,0.01,ok
2025-12-18T19:30:05.332Z,ESP32_ENERGY_MONITOR_001,14.79,73.50,9,2.25,215.50,0.01,ok
2025-12-18T19:35:05.332Z,ESP32_ENERGY_MONITOR_001,14.03,74.91,6,2.00,216.33,0.01,ok
2025-12-18T19:40:05.332Z,ESP32_ENERGY_MONITOR_001,15.58,71.51,5,1.97,219.10,0.01,ok
2025-12-18T19:45:05.332Z,ESP32_ENERGY_MONITOR_001,13.92,71.23,4,2.23,215.78,0.01,ok
2025-12-18T19:50:05.332Z,ESP32_ENERGY_MONITOR_001,15.15,70.76,0,1.91,222.54,0.01,ok
2025-12-18T19:55:05.332Z,ESP32_ENERGY_MONITOR_001,14.66,71.38,0,2.00,217.92,0.01,ok
2025-12-18T20:00:05.332Z,ESP32_ENERGY_MONITOR_001,16.74,70.28,3,1.99,224.66,0.01,ok
2025-12-18T20:05:05.332Z,ESP32_ENERGY_MONITOR_001,15.23,72.55,1,2.22,215.89,0.01,ok
2025-12-18T20:10:05.332Z,ESP32_ENERGY_MONITOR_001,16.66,72.56,4,2.13,215.19,0.01,ok
2025-12-18T20:15:05.332Z,ESP32_ENERGY_MONITOR_001,16.27,70.36,3,1.97,221.89,0.01,ok
2025-12-18T20:20:05.332Z,ESP32_ENERGY_MONITOR_001,14.79,68.63,6,2.42,215.87,0.01,ok
2025-12-18T20:25:05.332Z,ESP32_ENERGY_MONITOR_001,15.08,70.30,0,1.91,223.03,0.01,ok
2025-12-18T20:30:05.332Z,ESP32_ENERGY_MONITOR_001,15.18,70.06,0,1.93,216.49,0.01,ok
2025-12-18T20:35:05.332Z,ESP32_ENERGY_MONITOR_001,16.47,68.79,3,2.05,217.70,0.01,ok
2025-12-18T20:40:05.332Z,ESP32_ENERGY_MONITOR_001,15.34,68.57,6,2.26,223.85,0.01,ok
2025-12-18T20:45:05.332Z,ESP32_ENERGY_MONITOR_001,15.64,73.10,6,2.07,217.58,0.01,ok
2025-12-18T20:50:05.332Z,ESP32_ENERGY_MONITOR_001,16.40,69.95,5,2.18,215.28,0.01,ok
2025-12-18T20:55:05.332Z,ESP32_ENERGY_MONITOR_001,16.29,72.03,4,2.34,220.85,0.01,ok
2025-12-18T21:00:05.332Z,ESP32_ENERGY_MONITOR_001,17.75,66.61,8,2.10,220.63,0.01,ok
2025-12-18T21:05:05.332Z,ESP32_ENERGY_MONITOR_001,17.94,68.08,5,2.31,221.91,0.01,ok
2025-12-18T21:10:05.332Z,ESP32_ENERGY_MONITOR_001,17.84,68.40,1,2.01,216.73,0.01,ok
2025-12-18T21:15:05.332Z,ESP32_ENERGY_MONITOR_001,17.13,69.32,2,1.97,219.16,0.01,ok
2025-12-18T21:20:05.332Z,ESP32_ENERGY_MONITOR_001,16.43,67.81,5,2.18,223.15,0.01,ok
2025-12-18T21:25:05.332Z,ESP32_ENERGY_MONITOR_001,17.41,66.45,2,2.26,221.66,0.01,ok
2025-12-18T21:30:05.332Z,ESP32_ENERGY_MONITOR_001,16.86,69.21,2,2.13,215.64,0.01,ok
2025-12-18T21:35:05.332Z,ESP32_ENERGY_MONITOR_001,16.52,69.90,0,2.23,223.95,0.01,ok
2025-12-18T21:40:05.332Z,ESP32_ENERGY_MONITOR_001,17.67,69.18,7,2.42,216.28,0.01,ok
2025-12-18T21:45:05.332Z,ESP32_ENERGY_MONITOR_001,16.17,68.26,3,2.21,216.45,0.01,ok
2025-12-18T21:50:05.332Z,ESP32_ENERGY_MONITOR_001,17.63,69.78,0,1.76,224.61,0.01,ok
2025-12-18T21:55:05.332Z,ESP32_ENERGY_MONITOR_001,17.40,67.07,1,2.23,220.34,0.01,ok
2025-12-18T22:00:05.332Z,ESP32_ENERGY_MONITOR_001,18.74,61.40,8,2.51,220.34,0.01,ok
2025-12-18T22:05:05.332Z,ESP32_ENERGY_MONITOR_001,18.34,62.44,1,1.89,216.91,0.01,ok
2025-12-18T22:10:05.332Z,ESP32_ENERGY_MONITOR_001,18.48,63.49,4,2.10,221.17,0.01,ok
2025-12-18T22:15:05.332Z,ESP32_ENERGY_MONITOR_001,18.14,63.90,6,2.08,220.19,0.01,ok
2025-12-18T22:20:05.332Z,ESP32_ENERGY_MONITOR_001,17.66,62.22,1,1.85,216.03,0.01,ok
2025-12-18T22:25:05.332Z,ESP32_ENERGY_MONITOR_001,18.17,65.69,2,1.93,220.23,0.01,ok
2025-12-18T22:30:05.332Z,ESP32_ENERGY_MONITOR_001,17.55,64.90,5,2.11,218.75,0.01,ok
2025-12-18T22:35:05.332Z,ESP32_ENERGY_MONITOR_001,18.83,62.39,5,2.18,222.60,0.01,ok
2025-12-18T22:40:05.332Z,ESP32_ENERGY_MONITOR_001,18.40,64.17,9,2.14,220.76,0.01,ok
2025-12-18T22:45:05.332Z,ESP32_ENERGY_MONITOR_001,17.87,62.21,8,2.16,222.20,0.01,ok
2025-12-18T22:50:05.332Z,ESP32_ENERGY_MONITOR_001,17.83,62.10,9,2.15,224.06,0.01,ok
2025-12-18T22:55:05.332Z,ESP32_ENERGY_MONITOR_001,18.46,65.65,3,1.88,217.22,0.01,ok
2025-12-18T23:00:05.332Z,ESP32_ENERGY_MONITOR_001,20.01,61.43,8,2.18,220.01,0.01,ok
2025-12-18T23:05:05.332Z,ESP32_ENERGY_MONITOR_001,20.10,60.99,1,2.00,223.26,0.01,ok
2025-12-18T23:10:05.332Z,ESP32_ENERGY_MONITOR_001,20.38,60.36,8,2.35,221.21,0.01,ok
2025-12-18T23:15:05.332Z,ESP32_ENERGY_MONITOR_001,20.07,62.26,6,2.08,223.91,0.01,ok
2025-12-18T23:20:05.332Z,ESP32_ENERGY_MONITOR_001,20.18,62.10,8,2.38,222.75,0.01,ok
2025-12-18T23:25:05.332Z,ESP32_ENERGY_MONITOR_001,19.34,61.27,7,2.05,220.14,0.01,ok
2025-12-18T23:30:05.332Z,ESP32_ENERGY_MONITOR_001,19.96,62.36,3,2.24,218.74,0.01,ok
2025-12-18T23:35:05.332Z,ESP32_ENERGY_MONITOR_001,20.42,57.75,2,1.94,219.95,0.01,ok
2025-12-18T23:40:05.332Z,ESP32_ENERGY_MONITOR_001,19.09,59.88,5,2.42,222.53,0.01,ok
2025-12-18T23:45:05.332Z,ESP32_ENERGY_MONITOR_001,19.41,58.26,9,2.61,219.17,0.01,ok
2025-12-18T23:50:05.332Z,ESP32_ENERGY_MONITOR_001,20.00,60.20,5,2.28,222.94,0.01,ok
2025-12-18T23:55:05.332Z,ESP32_ENERGY_MONITOR_001,20.02,60.93,7,2.13,219.14,0.01,ok
2025-12-19T00:00:05.332Z,ESP32_ENERGY_MONITOR_001,21.77,58.32,7,2.15,218.36,0.01,ok
2025-12-19T00:05:05.332Z,ESP32_ENERGY_MONITOR_001,21.15,57.00,3,2.26,222.12,0.01,ok
2025-12-19T00:10:05.332Z,ESP32_ENERGY_MONITOR_001,21.89,56.27,9,2.13,221.61,0.01,ok
2025-12-19T00:15:05.332Z,ESP32_ENERGY_MONITOR_001,22.32,55.72,5,2.26,224.72,0.01,ok
2025-12-19T00:20:05.332Z,ESP32_ENERGY_MONITOR_001,22.12,56.55,9,2.20,215.34,0.01,ok
2025-12-19T00:25:05.332Z,ESP32_ENERGY_MONITOR_001,21.22,54.52,1,1.94,215.95,0.01,ok
2025-12-19T00:30:05.332Z,ESP32_ENERGY_MONITOR_001,20.56,57.04,2,2.31,218.24,0.01,ok
2025-12-19T00:35:05.332Z,ESP32_ENERGY_MONITOR_001,22.24,58.06,4,1.96,219.72,0.01,ok
2025-12-19T00:40:05.332Z,ESP32_ENERGY_MONITOR_001,22.42,55.17,4,2.38,223.43,0.01,ok
2025-12-19T00:45:05.332Z,ESP32_ENERGY_MONITOR_001,21.23,56.20,9,2.53,220.77,0.01,ok
2025-12-19T00:50:05.332Z,ESP32_ENERGY_MONITOR_001,22.35,53.67,7,2.44,224.94,0.01,ok
2025-12-19T00:55:05.332Z,ESP32_ENERGY_MONITOR_001,22.33,57.95,5,2.21,221.00,0.01,ok
2025-12-19T01:00:05.332Z,ESP32_ENERGY_MONITOR_001,22.68,52.13,19,2.57,220.53,0.01,ok
2025-12-19T01:05:05.332Z,ESP32_ENERGY_MONITOR_001,22.74,53.67,17,2.86,223.52,0.01,ok
2025-12-19T01:10:05.332Z,ESP32_ENERGY_MONITOR_001,23.61,51.36,15,2.57,224.79,0.01,ok
2025-12-19T01:15:05.332Z,ESP32_ENERGY_MONITOR_001,23.58,52.34,19,2.89,224.20,0.01,ok
2025-12-19T01:20:05.332Z,ESP32_ENERGY_MONITOR_001,22.29,52.23,19,2.85,220.37,0.01,ok
2025-12-19T01:25:05.332Z,ESP32_ENERGY_MONITOR_001,22.74,51.35,18,2.78,224.40,0.01,ok
2025-12-19T01:30:05.332Z,ESP32_ENERGY_MONITOR_001,22.66,53.29,18,2.72,215.61,0.01,ok
2025-12-19T01:35:05.332Z,ESP32_ENERGY_MONITOR_001,22.87,52.92,20,2.81,219.02,0.01,ok
2025-12-19T01:40:05.332Z,ESP32_ENERGY_MONITOR_001,22.54,51.94,20,2.77,217.37,0.01,ok
2025-12-19T01:45:05.332Z,ESP32_ENERGY_MONITOR_001,22.59,54.76,22,2.99,222.09,0.01,ok
2025-12-19T01:50:05.332Z,ESP32_ENERGY_MONITOR_001,22.46,50.46,15,2.38,221.06,0.01,ok
2025-12-19T01:55:05.332Z,ESP32_ENERGY_MONITOR_001,23.49,50.47,21,2.96,220.33,0.01,ok
2025-12-19T02:00:05.332Z,ESP32_ENERGY_MONITOR_001,23.63,47.42,20,3.02,219.58,0.01,ok
2025-12-19T02:05:05.332Z,ESP32_ENERGY_MONITOR_001,25.02,48.74,20,3.22,219.04,0.01,ok
2025-12-19T02:10:05.332Z,ESP32_ENERGY_MONITOR_001,25.13,50.76,27,3.56,221.75,0.02,ok
2025-12-19T02:15:05.332Z,ESP32_ENERGY_MONITOR_001,24.16,49.45,20,2.60,224.24,0.01,ok
2025-12-19T02:20:05.332Z,ESP32_ENERGY_MONITOR_001,23.97,49.89,24,3.13,217.21,0.01,ok
2025-12-19T02:25:05.332Z,ESP32_ENERGY_MONITOR_001,24.31,50.16,26,3.15,217.98,0.01,ok
2025-12-19T02:30:05.332Z,ESP32_ENERGY_MONITOR_001,24.98,49.38,29,3.42,220.45,0.02,ok
2025-12-19T02:35:05.332Z,ESP32_ENERGY_MONITOR_001,23.84,47.73,26,3.23,215.53,0.01,ok
2025-12-19T02:40:05.332Z,ESP32_ENERGY_MONITOR_001,24.63,50.61,26,3.39,217.57,0.02,ok
2025-12-19T02:45:05.332Z,ESP32_ENERGY_MONITOR_001,23.26,49.78,24,3.13,223.70,0.01,ok
2025-12-19T02:50:05.332Z,ESP32_ENERGY_MONITOR_001,23.83,47.03,23,2.68,215.34,0.01,ok
2025-12-19T02:55:05.332Z,ESP32_ENERGY_MONITOR_001,23.98,47.56,20,2.90,218.68,0.01,ok
2025-12-19T03:00:05.332Z,ESP32_ENERGY_MONITOR_001,25.32,44.90,26,3.56,224.07,0.02,ok
2025-12-19T03:05:05.332Z,ESP32_ENERGY_MONITOR_001,25.65,45.95,30,3.50,218.38,0.02,ok
2025-12-19T03:10:05.332Z,ESP32_ENERGY_MONITOR_001,25.06,44.65,32,3.63,216.53,0.02,ok
2025-12-19T03:15:05.332Z,ESP32_ENERGY_MONITOR_001,25.97,48.84,29,3.93,222.63,0.02,ok
2025-12-19T03:20:05.332Z,ESP32_ENERGY_MONITOR_001,25.29,48.90,32,3.89,220.95,0.02,ok
2025-12-19T03:25:05.332Z,ESP32_ENERGY_MONITOR_001,25.63,46.15,25,3.63,217.85,0.02,ok
2025-12-19T03:30:05.332Z,ESP32_ENERGY_MONITOR_001,25.12,48.55,33,3.53,222.09,0.02,ok
2025-12-19T03:35:05.332Z,ESP32_ENERGY_MONITOR_001,25.28,44.96,32,3.83,220.10,0.02,ok
2025-12-19T03:40:05.332Z,ESP32_ENERGY_MONITOR_001,24.42,46.63,26,3.21,219.45,0.01,ok
2025-12-19T03:45:05.332Z,ESP32_ENERGY_MONITOR_001,24.95,45.32,27,3.57,222.18,0.02,ok
2025-12-19T03:50:05.332Z,ESP32_ENERGY_MONITOR_001,26.05,46.54,29,3.55,217.28,0.02,ok
2025-12-19T03:55:05.332Z,ESP32_ENERGY_MONITOR_001,25.14,45.72,28,3.38,219.88,0.02,ok
2025-12-19T04:00:05.332Z,ESP32_ENERGY_MONITOR_001,25.00,44.80,29,3.53,219.68,0.02,ok
2025-12-19T04:05:05.332Z,ESP32_ENERGY_MONITOR_001,25.44,46.97,36,3.92,223.20,0.02,ok
2025-12-19T04:10:05.332Z,ESP32_ENERGY_MONITOR_001,24.89,43.40,29,3.21,222.55,0.01,ok
2025-12-19T04:15:05.332Z,ESP32_ENERGY_MONITOR_001,25.97,47.75,29,3.59,217.82,0.02,ok
2025-12-19T04:20:05.332Z,ESP32_ENERGY_MONITOR_001,26.05,43.89,27,3.70,224.13,0.02,ok
2025-12-19T04:25:05.332Z,ESP32_ENERGY_MONITOR_001,26.45,45.71,34,4.32,220.58,0.02,ok
2025-12-19T04:30:05.332Z,ESP32_ENERGY_MONITOR_001,25.34,44.37,28,3.70,223.34,0.02,ok
2025-12-19T04:35:05.332Z,ESP32_ENERGY_MONITOR_001,25.60,46.57,30,3.61,215.84,0.02,ok
2025-12-19T04:40:05.332Z,ESP32_ENERGY_MONITOR_001,26.51,46.30,27,3.99,224.99,0.02,ok
2025-12-19T04:45:05.332Z,ESP32_ENERGY_MONITOR_001,26.09,45.54,36,4.14,224.56,0.02,ok
2025-12-19T04:50:05.332Z,ESP32_ENERGY_MONITOR_001,25.89,46.94,30,3.75,215.23,0.02,ok
2025-12-19T04:55:05.332Z,ESP32_ENERGY_MONITOR_001,26.08,45.23,31,3.76,219.64,0.02,ok
2025-12-19T05:00:05.332Z,ESP32_ENERGY_MONITOR_001,25.68,43.54,32,3.97,219.14,0.02,ok
2025-12-19T05:05:05.332Z,ESP32_ENERGY_MONITOR_001,25.07,46.39,31,3.36,224.60,0.02,ok
2025-12-19T05:10:05.332Z,ESP32_ENERGY_MONITOR_001,25.25,45.68,37,3.81,222.21,0.02,ok
2025-12-19T05:15:05.332Z,ESP32_ENERGY_MONITOR_001,26.18,46.22,34,4.16,221.56,0.02,ok
2025-12-19T05:20:05.332Z,ESP32_ENERGY_MONITOR_001,26.20,42.86,35,3.94,219.23,0.02,ok
2025-12-19T05:25:05.332Z,ESP32_ENERGY_MONITOR_001,25.42,45.36,37,4.16,215.44,0.02,ok
2025-12-19T05:30:05.332Z,ESP32_ENERGY_MONITOR_001,26.16,43.80,32,3.83,221.94,0.02,ok
2025-12-19T05:35:05.332Z,ESP32_ENERGY_MONITOR_001,26.82,45.94,33,4.07,215.09,0.02,ok
2025-12-19T05:40:05.332Z,ESP32_ENERGY_MONITOR_001,25.49,47.39,38,3.92,224.73,0.02,ok
2025-12-19T05:45:05.332Z,ESP32_ENERGY_MONITOR_001,26.91,44.51,33,4.06,215.30,0.02,ok
2025-12-19T05:50:05.332Z,ESP32_ENERGY_MONITOR_001,26.19,45.64,32,4.01,217.95,0.02,ok
2025-12-19T05:55:05.332Z,ESP32_ENERGY_MONITOR_001,26.99,46.53,36,4.12,217.32,0.02,ok
2025-12-19T06:00:05.332Z,ESP32_ENERGY_MONITOR_001,26.02,44.04,29,3.87,221.05,0.02,ok
2025-12-19T06:05:05.332Z,ESP32_ENERGY_MONITOR_001,25.82,43.44,29,3.70,221.08,0.02,ok
2025-12-19T06:10:05.332Z,ESP32_ENERGY_MONITOR_001,24.98,46.60,33,3.56,218.92,0.02,ok
2025-12-19T06:15:05.332Z,ESP32_ENERGY_MONITOR_001,26.68,46.43,30,4.15,224.58,0.02,ok
2025-12-19T06:20:05.332Z,ESP32_ENERGY_MONITOR_001,26.11,47.33,38,4.18,216.39,0.02,ok
2025-12-19T06:25:05.332Z,ESP32_ENERGY_MONITOR_001,26.75,47.09,31,3.94,216.13,0.02,ok
2025-12-19T06:30:05.332Z,ESP32_ENERGY_MONITOR_001,25.94,46.63,33,4.01,218.07,0.02,ok
2025-12-19T06:35:05.332Z,ESP32_ENERGY_MONITOR_001,26.31,48.00,30,3.94,221.98,0.02,ok
2025-12-19T06:40:05.332Z,ESP32_ENERGY_MONITOR_001,26.74,47.96,37,4.47,217.50,0.02,ok
2025-12-19T06:45:05.332Z,ESP32_ENERGY_MONITOR_001,25.46,46.15,29,3.61,223.46,0.02,ok
2025-12-19T06:50:05.332Z,ESP32_ENERGY_MONITOR_001,26.40,44.24,35,3.90,217.27,0.02,ok
2025-12-19T06:55:05.332Z,ESP32_ENERGY_MONITOR_001,25.09,46.20,32,3.83,221.30,0.02,ok
2025-12-19T07:00:05.332Z,ESP32_ENERGY_MONITOR_001,25.59,47.97,27,3.46,219.40,0.02,ok
2025-12-19T07:05:05.332Z,ESP32_ENERGY_MONITOR_001,24.28,45.39,30,3.35,216.42,0.02,ok
2025-12-19T07:10:05.332Z,ESP32_ENERGY_MONITOR_001,24.77,47.02,30,3.51,217.75,0.02,ok
2025-12-19T07:15:05.332Z,ESP32_ENERGY_MONITOR_001,25.65,48.78,27,3.49,224.25,0.02,ok
2025-12-19T07:20:05.332Z,ESP32_ENERGY_MONITOR_001,24.69,44.63,32,3.69,223.43,0.02,ok
2025-12-19T07:25:05.332Z,ESP32_ENERGY_MONITOR_001,25.47,46.65,29,3.65,220.08,0.02,ok
2025-12-19T07:30:05.332Z,ESP32_ENERGY_MONITOR_001,25.48,45.18,33,3.52,223.32,0.02,ok
2025-12-19T07:35:05.332Z,ESP32_ENERGY_MONITOR_001,25.83,46.21,35,3.89,216.75,0.02,ok
2025-12-19T07:40:05.332Z,ESP32_ENERGY_MONITOR_001,24.98,47.34,34,3.47,218.55,0.02,ok
2025-12-19T07:45:05.332Z,ESP32_ENERGY_MONITOR_001,25.27,48.28,32,3.77,218.89,0.02,ok
2025-12-19T07:50:05.332Z,ESP32_ENERGY_MONITOR_001,25.39,46.32,33,3.88,224.74,0.02,ok
2025-12-19T07:55:05.332Z,ESP32_ENERGY_MONITOR_001,25.72,47.66,35,3.70,219.21,0.02,ok
2025-12-19T08:00:05.332Z,ESP32_ENERGY_MONITOR_001,23.78,50.86,32,3.10,222.94,0.01,ok
2025-12-19T08:05:05.332Z,ESP32_ENERGY_MONITOR_001,25.08,50.06,24,3.31,215.17,0.02,ok
2025-12-19T08:10:05.332Z,ESP32_ENERGY_MONITOR_001,23.99,50.50,32,3.11,217.89,0.01,ok
2025-12-19T08:15:05.332Z,ESP32_ENERGY_MONITOR_001,23.29,48.61,31,3.00,220.08,0.01,ok
2025-12-19T08:20:05.332Z,ESP32_ENERGY_MONITOR_001,25.01,47.97,26,3.23,217.94,0.01,ok
2025-12-19T08:25:05.332Z,ESP32_ENERGY_MONITOR_001,23.75,46.95,31,2.99,221.84,0.01,ok
2025-12-19T08:30:05.332Z,ESP32_ENERGY_MONITOR_001,23.72,47.96,31,3.16,223.37,0.01,ok
2025-12-19T08:35:05.332Z,ESP32_ENERGY_MONITOR_001,23.58,50.71,24,2.88,217.90,0.01,ok
2025-12-19T08:40:05.332Z,ESP32_ENERGY_MONITOR_001,24.40,47.63,30,3.49,218.45,0.02,ok
2025-12-19T08:45:05.332Z,ESP32_ENERGY_MONITOR_001,24.57,47.73,30,3.47,218.29,0.02,ok
2025-12-19T08:50:05.332Z,ESP32_ENERGY_MONITOR_001,23.41,47.17,24,2.83,221.38,0.01,ok
2025-12-19T08:55:05.332Z,ESP32_ENERGY_MONITOR_001,24.42,51.17,24,3.18,215.29,0.01,ok
2025-12-19T09:00:05.332Z,ESP32_ENERGY_MONITOR_001,22.95,52.43,23,2.82,218.25,0.01,ok
2025-12-19T09:05:05.332Z,ESP32_ENERGY_MONITOR_001,22.56,53.70,25,3.11,217.25,0.01,ok
2025-12-19T09:10:05.332Z,ESP32_ENERGY_MONITOR_001,23.68,50.20,23,2.96,217.33,0.01,ok
2025-12-19T09:15:05.332Z,ESP32_ENERGY_MONITOR_001,23.29,54.34,23,2.89,219.15,0.01,ok
2025-12-19T09:20:05.332Z,ESP32_ENERGY_MONITOR_001,22.68,50.98,27,3.09,217.29,0.01,ok
2025-12-19T09:25:05.332Z,ESP32_ENERGY_MONITOR_001,22.31,51.55,26,2.96,217.54,0.01,ok
2025-12-19T09:30:05.332Z,ESP32_ENERGY_MONITOR_001,22.66,54.69,25,3.17,224.33,0.01,ok
2025-12-19T09:35:05.332Z,ESP32_ENERGY_MONITOR_001,23.81,51.47,20,2.85,217.33,0.01,ok
2025-12-19T09:40:05.332Z,ESP32_ENERGY_MONITOR_001,22.85,51.55,27,3.09,220.18,0.01,ok
2025-12-19T09:45:05.332Z,ESP32_ENERGY_MONITOR_001,22.59,52.69,22,2.97,217.34,0.01,ok
2025-12-19T09:50:05.332Z,ESP32_ENERGY_MONITOR_001,22.36,52.49,26,2.97,218.03,0.01,ok
2025-12-19T09:55:05.332Z,ESP32_ENERGY_MONITOR_001,22.45,53.82,22,3.00,221.45,0.01,ok
2025-12-19T10:00:05.332Z,ESP32_ENERGY_MONITOR_001,20.90,58.11,21,2.66,218.72,0.01,ok
2025-12-19T10:05:05.332Z,ESP32_ENERGY_MONITOR_001,22.36,54.86,21,2.59,216.21,0.01,ok
2025-12-19T10:10:05.332Z,ESP32_ENERGY_MONITOR_001,21.22,58.10,21,2.81,215.87,0.01,ok
2025-12-19T10:15:05.332Z,ESP32_ENERGY_MONITOR_001,21.33,55.08,18,2.52,215.95,0.01,ok
2025-12-19T10:20:05.332Z,ESP32_ENERGY_MONITOR_001,20.63,55.02,17,2.90,217.37,0.01,ok
2025-12-19T10:25:05.332Z,ESP32_ENERGY_MONITOR_001,22.10,54.51,24,2.81,223.37,0.01,ok
2025-12-19T10:30:05.332Z,ESP32_ENERGY_MONITOR_001,22.18,56.89,22,2.80,216.77,0.01,ok
2025-12-19T10:35:05.332Z,ESP32_ENERGY_MONITOR_001,20.70,56.44,23,2.68,218.31,0.01,ok
2025-12-19T10:40:05.332Z,ESP32_ENERGY_MONITOR_001,21.40,57.38,24,3.21,222.38,0.01,ok
2025-12-19T10:45:05.332Z,ESP32_ENERGY_MONITOR_001,22.47,58.52,17,2.54,215.74,0.01,ok
2025-12-19T10:50:05.332Z,ESP32_ENERGY_MONITOR_001,22.22,55.16,19,2.56,224.37,0.01,ok
2025-12-19T10:55:05.332Z,ESP32_ENERGY_MONITOR_001,21.09,57.22,24,3.21,221.77,0.01,ok
2025-12-19T11:00:05.332Z,ESP32_ENERGY_MONITOR_001,19.92,60.53,9,2.21,221.43,0.01,ok
2025-12-19T11:05:05.332Z,ESP32_ENERGY_MONITOR_001,20.41,61.22,3,1.94,219.88,0.01,ok
2025-12-19T11:10:05.332Z,ESP32_ENERGY_MONITOR_001,19.24,61.86,3,2.19,220.73,0.01,ok
2025-12-19T11:15:05.332Z,ESP32_ENERGY_MONITOR_001,19.15,61.85,7,2.53,215.64,0.01,ok
2025-12-19T11:20:05.332Z,ESP32_ENERGY_MONITOR_001,20.91,57.96,1,2.15,220.48,0.01,ok
2025-12-19T11:25:05.332Z,ESP32_ENERGY_MONITOR_001,19.83,59.98,6,2.22,220.46,0.01,ok
2025-12-19T11:30:05.332Z,ESP32_ENERGY_MONITOR_001,19.49,57.70,7,2.49,217.28,0.01,ok
2025-12-19T11:35:05.332Z,ESP32_ENERGY_MONITOR_001,19.57,59.16,4,1.93,217.61,0.01,ok
2025-12-19T11:40:05.332Z,ESP32_ENERGY_MONITOR_001,20.68,59.25,4,2.24,219.73,0.01,ok
2025-12-19T11:45:05.332Z,ESP32_ENERGY_MONITOR_001,19.42,61.66,3,2.20,215.55,0.01,ok
2025-12-19T11:50:05.332Z,ESP32_ENERGY_MONITOR_001,19.06,61.09,0,2.02,215.62,0.01,ok
2025-12-19T11:55:05.332Z,ESP32_ENERGY_MONITOR_001,20.29,61.38,5,1.97,219.25,0.01,ok
2025-12-19T12:00:05.332Z,ESP32_ENERGY_MONITOR_001,18.13,61.84,2,2.23,218.89,0.01,ok
2025-12-19T12:05:05.332Z,ESP32_ENERGY_MONITOR_001,17.90,65.68,6,2.07,217.70,0.01,ok
2025-12-19T12:10:05.332Z,ESP32_ENERGY_MONITOR_001,18.13,63.19,2,2.27,223.41,0.01,ok
2025-12-19T12:15:05.332Z,ESP32_ENERGY_MONITOR_001,18.06,66.30,1,2.16,223.11,0.01,ok
2025-12-19T12:20:05.332Z,ESP32_ENERGY_MONITOR_001,18.30,64.05,6,2.18,222.28,0.01,ok
2025-12-19T12:25:05.332Z,ESP32_ENERGY_MONITOR_001,18.05,63.54,4,2.16,218.49,0.01,ok
2025-12-19T12:30:05.332Z,ESP32_ENERGY_MONITOR_001,17.95,62.10,8,2.56,221.83,0.01,ok
2025-12-19T12:35:05.332Z,ESP32_ENERGY_MONITOR_001,19.19,63.09,1,1.99,220.65,0.01,ok
2025-12-19T12:40:05.332Z,ESP32_ENERGY_MONITOR_001,18.67,64.28,1,2.24,215.21,0.01,ok
2025-12-19T12:45:05.332Z,ESP32_ENERGY_MONITOR_001,18.28,62.98,2,1.95,220.90,0.01,ok
2025-12-19T12:50:05.332Z,ESP32_ENERGY_MONITOR_001,19.39,63.06,7,2.33,218.86,0.01,ok
2025-12-19T12:55:05.332Z,ESP32_ENERGY_MONITOR_001,18.80,64.84,1,2.03,215.24,0.01,ok
2025-12-19T13:00:05.332Z,ESP32_ENERGY_MONITOR_001,17.58,68.05,3,2.10,217.28,0.01,ok
2025-12-19T13:05:05.332Z,ESP32_ENERGY_MONITOR_001,17.72,66.82,5,2.04,221.78,0.01,ok
2025-12-19T13:10:05.332Z,ESP32_ENERGY_MONITOR_001,16.26,66.22,6,2.27,215.77,0.01,ok
2025-12-19T13:15:05.332Z,ESP32_ENERGY_MONITOR_001,16.35,65.20,1,2.26,221.00,0.01,ok
2025-12-19T13:20:05.332Z,ESP32_ENERGY_MONITOR_001,16.57,65.63,6,2.35,217.62,0.01,ok
2025-12-19T13:25:05.332Z,ESP32_ENERGY_MONITOR_001,16.97,66.85,9,2.41,223.54,0.01,ok
2025-12-19T13:30:05.332Z,ESP32_ENERGY_MONITOR_001,17.29,68.00,1,1.93,216.49,0.01,ok
2025-12-19T13:35:05.332Z,ESP32_ENERGY_MONITOR_001,17.10,67.34,1,1.84,217.34,0.01,ok
2025-12-19T13:40:05.332Z,ESP32_ENERGY_MONITOR_001,16.78,69.34,4,2.03,220.54,0.01,ok
2025-12-19T13:45:05.332Z,ESP32_ENERGY_MONITOR_001,17.96,68.04,1,2.00,223.30,0.01,ok
2025-12-19T13:50:05.332Z,ESP32_ENERGY_MONITOR_001,16.35,68.83,1,2.29,220.39,0.01,ok
2025-12-19T13:55:05.332Z,ESP32_ENERGY_MONITOR_001,17.96,65.21,0,2.15,222.02,0.01,ok
2025-12-19T14:00:05.332Z,ESP32_ENERGY_MONITOR_001,15.53,70.81,6,1.99,217.38,0.01,ok
2025-12-19T14:05:05.332Z,ESP32_ENERGY_MONITOR_001,15.13,68.13,7,2.19,221.65,0.01,ok
2025-12-19T14:10:05.332Z,ESP32_ENERGY_MONITOR_001,15.07,69.14,5,2.39,216.82,0.01,ok
2025-12-19T14:15:05.332Z,ESP32_ENERGY_MONITOR_001,15.31,68.27,8,2.50,221.58,0.01,ok
2025-12-19T14:20:05.332Z,ESP32_ENERGY_MONITOR_001,16.58,70.83,3,2.17,221.65,0.01,ok
2025-12-19T14:25:05.332Z,ESP32_ENERGY_MONITOR_001,16.40,72.69,0,1.78,224.86,0.01,ok
2025-12-19T14:30:05.332Z,ESP32_ENERGY_MONITOR_001,15.35,71.07,7,2.50,221.67,0.01,ok
2025-12-19T14:35:05.332Z,ESP32_ENERGY_MONITOR_001,16.30,71.27,5,1.96,218.93,0.01,ok
2025-12-19T14:40:05.332Z,ESP32_ENERGY_MONITOR_001,16.35,68.71,6,2.05,222.69,0.01,ok
2025-12-19T14:45:05.332Z,ESP32_ENERGY_MONITOR_001,16.40,69.29,5,2.28,219.71,0.01,ok
2025-12-19T14:50:05.332Z,ESP32_ENERGY_MONITOR_001,16.56,69.61,7,2.03,224.90,0.01,ok
2025-12-19T14:55:05.332Z,ESP32_ENERGY_MONITOR_001,15.79,69.42,8,2.16,223.19,0.01,ok
2025-12-19T15:00:05.332Z,ESP32_ENERGY_MONITOR_001,15.24,71.26,0,1.92,215.50,0.01,ok
2025-12-19T15:05:05.332Z,ESP32_ENERGY_MONITOR_001,14.88,71.64,0,2.07,215.71,0.01,ok
2025-12-19T15:10:05.332Z,ESP32_ENERGY_MONITOR_001,15.38,71.73,4,2.09,221.81,0.01,ok
2025-12-19T15:15:05.332Z,ESP32_ENERGY_MONITOR_001,15.43,70.70,4,1.91,221.90,0.01,ok
2025-12-19T15:20:05.332Z,ESP32_ENERGY_MONITOR_001,15.57,70.79,6,2.11,215.87,0.01,ok
2025-12-19T15:25:05.332Z,ESP32_ENERGY_MONITOR_001,15.15,75.43,5,2.42,222.18,0.01,ok
2025-12-19T15:30:05.332Z,ESP32_ENERGY_MONITOR_001,13.99,71.99,3,2.26,217.16,0.01,ok
2025-12-19T15:35:05.332Z,ESP32_ENERGY_MONITOR_001,15.08,73.83,7,2.28,222.34,0.01,ok
2025-12-19T15:40:05.332Z,ESP32_ENERGY_MONITOR_001,14.62,70.55,3,2.34,217.18,0.01,ok
2025-12-19T15:45:05.332Z,ESP32_ENERGY_MONITOR_001,14.68,74.58,7,2.35,223.22,0.01,ok
2025-12-19T15:50:05.332Z,ESP32_ENERGY_MONITOR_001,14.09,74.04,4,2.18,218.90,0.01,ok
2025-12-19T15:55:05.332Z,ESP32_ENERGY_MONITOR_001,14.48,70.76,8,2.23,221.75,0.01,ok
2025-12-19T16:00:05.332Z,ESP32_ENERGY_MONITOR_001,13.80,76.27,2,1.98,221.23,0.01,ok
2025-12-19T16:05:05.332Z,ESP32_ENERGY_MONITOR_001,14.21,76.95,4,2.16,219.97,0.01,ok
2025-12-19T16:10:05.332Z,ESP32_ENERGY_MONITOR_001,14.66,73.71,7,2.07,215.85,0.01,ok
2025-12-19T16:15:05.332Z,ESP32_ENERGY_MONITOR_001,14.56,74.93,1,2.26,218.79,0.01,ok
2025-12-19T16:20:05.332Z,ESP32_ENERGY_MONITOR_001,13.97,72.23,0,1.86,219.69,0.01,ok
2025-12-19T16:25:05.332Z,ESP32_ENERGY_MONITOR_001,14.48,76.22,7,2.40,218.02,0.01,ok
2025-12-19T16:30:05.332Z,ESP32_ENERGY_MONITOR_001,14.17,75.80,2,2.23,216.68,0.01,ok
2025-12-19T16:35:05.332Z,ESP32_ENERGY_MONITOR_001,13.95,74.42,5,1.96,220.44,0.01,ok
2025-12-19T16:40:05.332Z,ESP32_ENERGY_MONITOR_001,13.97,76.44,9,2.27,222.06,0.01,ok
2025-12-19T16:45:05.332Z,ESP32_ENERGY_MONITOR_001,14.53,72.33,5,2.19,224.53,0.01,ok
2025-12-19T16:50:05.332Z,ESP32_ENERGY_MONITOR_001,13.21,72.38,7,2.24,216.73,0.01,ok
2025-12-19T16:55:05.332Z,ESP32_ENERGY_MONITOR_001,14.19,75.54,9,2.46,223.89,0.01,ok
2025-12-19T17:00:05.332Z,ESP32_ENERGY_MONITOR_001,14.67,76.59,7,2.34,224.80,0.01,ok
2025-12-19T17:05:05.332Z,ESP32_ENERGY_MONITOR_001,14.92,77.24,3,2.21,217.67,0.01,ok
2025-12-19T17:10:05.332Z,ESP32_ENERGY_MONITOR_001,14.45,76.98,8,2.32,223.16,0.01,ok
2025-12-19T17:15:05.332Z,ESP32_ENERGY_MONITOR_001,14.77,76.20,7,2.40,222.87,0.01,ok
2025-12-19T17:20:05.332Z,ESP32_ENERGY_MONITOR_001,14.55,77.30,3,2.28,215.80,0.01,ok
2025-12-19T17:25:05.332Z,ESP32_ENERGY_MONITOR_001,14.23,76.23,3,2.29,224.65,0.01,ok
2025-12-19T17:30:05.332Z,ESP32_ENERGY_MONITOR_001,14.31,76.47,3,2.01,217.98,0.01,ok
2025-12-19T17:35:05.332Z,ESP32_ENERGY_MONITOR_001,13.03,73.15,2,2.22,224.58,0.01,ok
2025-12-19T17:40:05.332Z,ESP32_ENERGY_MONITOR_001,14.80,74.05,6,2.19,220.39,0.01,ok
2025-12-19T17:45:05.332Z,ESP32_ENERGY_MONITOR_001,13.30,73.72,5,2.10,218.71,0.01,ok
2025-12-19T17:50:05.332Z,ESP32_ENERGY_MONITOR_001,14.72,76.15,0,2.09,215.70,0.01,ok
2025-12-19T17:55:05.332Z,ESP32_ENERGY_MONITOR_001,14.25,73.59,1,2.20,216.77,0.01,ok
2025-12-19T18:00:05.332Z,ESP32_ENERGY_MONITOR_001,14.41,75.73,8,2.42,217.41,0.01,ok
2025-12-19T18:05:05.332Z,ESP32_ENERGY_MONITOR_001,13.35,75.20,0,2.18,221.70,0.01,ok
2025-12-19T18:10:05.332Z,ESP32_ENERGY_MONITOR_001,14.03,74.33,8,2.36,218.38,0.01,ok
2025-12-19T18:15:05.332Z,ESP32_ENERGY_MONITOR_001,14.55,72.40,2,2.27,219.65,0.01,ok
2025-12-19T18:20:05.332Z,ESP32_ENERGY_MONITOR_001,15.15,73.99,1,1.80,215.78,0.01,ok
2025-12-19T18:25:05.332Z,ESP32_ENERGY_MONITOR_001,13.29,72.95,5,2.12,219.41,0.01,ok
2025-12-19T18:30:05.332Z,ESP32_ENERGY_MONITOR_001,13.85,74.46,2,2.31,215.52,0.01,ok
2025-12-19T18:35:05.332Z,ESP32_ENERGY_MONITOR_001,15.19,75.30,7,2.21,217.41,0.01,ok
2025-12-19T18:40:05.332Z,ESP32_ENERGY_MONITOR_001,14.65,75.56,7,2.30,223.31,0.01,ok
2025-12-19T18:45:05.332Z,ESP32_ENERGY_MONITOR_001,15.16,74.97,1,1.91,215.94,0.01,ok
2025-12-19T18:50:05.332Z,ESP32_ENERGY_MONITOR_001,14.70,74.94,2,2.26,221.84,0.01,ok
2025-12-19T18:55:05.332Z,ESP32_ENERGY_MONITOR_001,13.75,72.14,8,2.17,218.06,0.01,ok
2025-12-19T19:00:05.332Z,ESP32_ENERGY_MONITOR_001,14.18,74.19,3,1.87,217.05,0.01,ok
2025-12-19T19:05:05.332Z,ESP32_ENERGY_MONITOR_001,14.78,75.16,2,2.07,222.00,0.01,ok
2025-12-19T19:10:05.332Z,ESP32_ENERGY_MONITOR_001,15.57,70.51,4,2.05,217.87,0.01,ok
2025-12-19T19:15:05.332Z,ESP32_ENERGY_MONITOR_001,14.58,71.42,5,2.44,220.39,0.01,ok
2025-12-19T19:20:05.332Z,ESP32_ENERGY_MONITOR_001,14.72,72.72,5,2.40,218.88,0.01,ok
2025-12-19T19:25:05.332Z,ESP32_ENERGY_MONITOR_001,14.72,73.88,9,2.24,223.77,0.01,ok
2025-12-19T19:30:05.332Z,ESP32_ENERGY_MONITOR_001,14.30,74.94,8,2.18,220.01,0.01,ok
2025-12-19T19:35:05.332Z,ESP32_ENERGY_MONITOR_001,14.42,71.42,0,2.07,216.41,0.01,ok
2025-12-19T19:40:05.332Z,ESP32_ENERGY_MONITOR_001,15.06,74.42,1,2.12,221.02,0.01,ok
2025-12-19T19:45:05.332Z,ESP32_ENERGY_MONITOR_001,14.25,75.45,1,1.83,222.98,0.01,ok
2025-12-19T19:50:05.332Z,ESP32_ENERGY_MONITOR_001,14.48,75.40,2,2.31,218.45,0.01,ok
2025-12-19T19:55:05.332Z,ESP32_ENERGY_MONITOR_001,15.04,74.09,4,2.24,215.81,0.01,ok
2025-12-19T20:00:05.332Z,ESP32_ENERGY_MONITOR_001,15.15,71.39,4,2.05,217.52,0.01,ok
2025-12-19T20:05:05.332Z,ESP32_ENERGY_MONITOR_001,16.49,72.68,4,2.08,217.40,0.01,ok
2025-12-19T20:10:05.332Z,ESP32_ENERGY_MONITOR_001,16.26,69.43,8,2.16,220.99,0.01,ok
2025-12-19T20:15:05.332Z,ESP32_ENERGY_MONITOR_001,15.87,71.53,4,2.18,224.71,0.01,ok
2025-12-19T20:20:05.332Z,ESP32_ENERGY_MONITOR_001,15.82,70.47,6,2.03,220.02,0.01,ok
2025-12-19T20:25:05.332Z,ESP32_ENERGY_MONITOR_001,16.05,72.47,1,1.91,217.44,0.01,ok
2025-12-19T20:30:05.332Z,ESP32_ENERGY_MONITOR_001,15.10,69.45,3,2.16,220.36,0.01,ok
2025-12-19T20:35:05.332Z,ESP32_ENERGY_MONITOR_001,15.33,72.81,0,2.10,216.69,0.01,ok
2025-12-19T20:40:05.332Z,ESP32_ENERGY_MONITOR_001,16.07,70.90,1,2.08,218.86,0.01,ok
2025-12-19T20:45:05.332Z,ESP32_ENERGY_MONITOR_001,15.17,72.57,3,2.32,223.03,0.01,ok
2025-12-19T20:50:05.332Z,ESP32_ENERGY_MONITOR_001,16.73,69.42,9,2.59,220.64,0.01,ok
2025-12-19T20:55:05.332Z,ESP32_ENERGY_MONITOR_001,15.11,69.26,7,2.06,218.40,0.01,ok
2025-12-19T21:00:05.332Z,ESP32_ENERGY_MONITOR_001,16.21,66.16,2,2.14,217.22,0.01,ok
2025-12-19T21:05:05.332Z,ESP32_ENERGY_MONITOR_001,16.78,68.34,2,1.88,219.63,0.01,ok
2025-12-19T21:10:05.332Z,ESP32_ENERGY_MONITOR_001,17.88,66.47,4,2.33,215.33,0.01,ok
2025-12-19T21:15:05.332Z,ESP32_ENERGY_MONITOR_001,16.37,69.57,5,2.27,217.46,0.01,ok
2025-12-19T21:20:05.332Z,ESP32_ENERGY_MONITOR_001,17.44,66.08,7,2.30,220.90,0.01,ok
2025-12-19T21:25:05.332Z,ESP32_ENERGY_MONITOR_001,17.42,66.00,9,2.51,224.05,0.01,ok
2025-12-19T21:30:05.332Z,ESP32_ENERGY_MONITOR_001,17.10,66.88,9,2.44,221.02,0.01,ok
2025-12-19T21:35:05.332Z,ESP32_ENERGY_MONITOR_001,17.05,66.48,8,2.31,215.47,0.01,ok
2025-12-19T21:40:05.332Z,ESP32_ENERGY_MONITOR_001,16.39,68.84,0,1.95,215.58,0.01,ok
2025-12-19T21:45:05.332Z,ESP32_ENERGY_MONITOR_001,16.60,69.32,0,2.14,224.40,0.01,ok
2025-12-19T21:50:05.332Z,ESP32_ENERGY_MONITOR_001,16.82,66.99,1,1.97,218.18,0.01,ok
2025-12-19T21:55:05.332Z,ESP32_ENERGY_MONITOR_001,16.74,66.21,3,2.30,222.73,0.01,ok
2025-12-19T22:00:05.332Z,ESP32_ENERGY_MONITOR_001,18.58,63.47,1,1.95,217.35,0.01,ok
2025-12-19T22:05:05.332Z,ESP32_ENERGY_MONITOR_001,18.49,64.92,0,1.79,220.55,0.01,ok
2025-12-19T22:10:05.332Z,ESP32_ENERGY_MONITOR_001,18.58,63.25,9,2.40,220.45,0.01,ok
2025-12-19T22:15:05.332Z,ESP32_ENERGY_MONITOR_001,19.18,65.55,5,2.30,220.66,0.01,ok
2025-12-19T22:20:05.332Z,ESP32_ENERGY_MONITOR_001,19.28,64.44,2,1.92,224.00,0.01,ok
2025-12-19T22:25:05.332Z,ESP32_ENERGY_MONITOR_001,18.71,62.63,2,2.29,216.95,0.01,ok
2025-12-19T22:30:05.332Z,ESP32_ENERGY_MONITOR_001,17.53,62.60,5,2.18,224.84,0.01,ok
2025-12-19T22:35:05.332Z,ESP32_ENERGY_MONITOR_001,18.26,63.99,2,1.89,222.87,0.01,ok
2025-12-19T22:40:05.332Z,ESP32_ENERGY_MONITOR_001,18.55,66.33,2,2.32,221.38,0.01,ok
2025-12-19T22:45:05.332Z,ESP32_ENERGY_MONITOR_001,18.90,65.98,9,2.19,222.59,0.01,ok
2025-12-19T22:50:05.332Z,ESP32_ENERGY_MONITOR_001,19.28,61.55,1,1.85,223.75,0.01,ok
2025-12-19T22:55:05.332Z,ESP32_ENERGY_MONITOR_001,18.18,61.64,5,2.27,222.93,0.01,ok
2025-12-19T23:00:05.332Z,ESP32_ENERGY_MONITOR_001,20.49,58.47,4,2.36,217.21,0.01,ok
2025-12-19T23:05:05.332Z,ESP32_ENERGY_MONITOR_001,20.72,59.25,1,2.25,220.65,0.01,ok
2025-12-19T23:10:05.332Z,ESP32_ENERGY_MONITOR_001,19.37,62.41,8,2.14,224.85,0.01,ok
2025-12-19T23:15:05.332Z,ESP32_ENERGY_MONITOR_001,19.75,58.67,1,1.85,215.23,0.01,ok
2025-12-19T23:20:05.332Z,ESP32_ENERGY_MONITOR_001,20.72,59.98,6,2.17,224.62,0.01,ok
2025-12-19T23:25:05.332Z,ESP32_ENERGY_MONITOR_001,19.17,59.40,5,2.12,216.29,0.01,ok
2025-12-19T23:30:05.332Z,ESP32_ENERGY_MONITOR_001,19.50,58.48,7,2.34,215.82,0.01,ok
2025-12-19T23:35:05.332Z,ESP32_ENERGY_MONITOR_001,20.45,61.39,9,2.19,218.70,0.01,ok
2025-12-19T23:40:05.332Z,ESP32_ENERGY_MONITOR_001,20.64,60.50,2,2.01,217.05,0.01,ok
2025-12-19T23:45:05.332Z,ESP32_ENERGY_MONITOR_001,20.29,61.06,1,1.92,216.05,0.01,ok
2025-12-19T23:50:05.332Z,ESP32_ENERGY_MONITOR_001,19.30,62.03,5,2.00,221.97,0.01,ok
2025-12-19T23:55:05.332Z,ESP32_ENERGY_MONITOR_001,19.41,60.11,9,2.61,219.19,0.01,ok
2025-12-20T00:00:05.332Z,ESP32_ENERGY_MONITOR_001,21.99,58.49,4,1.94,217.95,0.01,ok
2025-12-20T00:05:05.332Z,ESP32_ENERGY_MONITOR_001,21.33,56.67,3,2.04,221.43,0.01,ok
2025-12-20T00:10:05.332Z,ESP32_ENERGY_MONITOR_001,20.94,56.42,4,2.12,216.78,0.01,ok
2025-12-20T00:15:05.332Z,ESP32_ENERGY_MONITOR_001,22.05,56.90,5,2.29,221.41,0.01,ok
2025-12-20T00:20:05.332Z,ESP32_ENERGY_MONITOR_001,20.75,55.25,8,2.47,219.02,0.01,ok
2025-12-20T00:25:05.332Z,ESP32_ENERGY_MONITOR_001,22.47,55.03,7,2.22,221.01,0.01,ok
2025-12-20T00:30:05.332Z,ESP32_ENERGY_MONITOR_001,21.44,56.65,1,1.90,217.24,0.01,ok
2025-12-20T00:35:05.332Z,ESP32_ENERGY_MONITOR_001,21.49,57.71,6,2.35,219.39,0.01,ok
2025-12-20T00:40:05.332Z,ESP32_ENERGY_MONITOR_001,21.04,56.57,5,2.23,221.89,0.01,ok
2025-12-20T00:45:05.332Z,ESP32_ENERGY_MONITOR_001,21.33,54.51,5,1.96,215.04,0.01,ok
2025-12-20T00:50:05.332Z,ESP32_ENERGY_MONITOR_001,20.61,56.19,6,2.34,224.86,0.01,ok
2025-12-20T00:55:05.332Z,ESP32_ENERGY_MONITOR_001,21.18,58.15,3,2.34,220.85,0.01,ok
2025-12-20T01:00:05.332Z,ESP32_ENERGY_MONITOR_001,22.15,50.39,18,2.96,215.07,0.01,ok
2025-12-20T01:05:05.332Z,ESP32_ENERGY_MONITOR_001,22.10,51.76,15,2.85,224.74,0.01,ok
2025-12-20T01:10:05.332Z,ESP32_ENERGY_MONITOR_001,22.72,50.99,16,2.49,224.28,0.01,ok
2025-12-20T01:15:05.332Z,ESP32_ENERGY_MONITOR_001,22.03,51.39,22,3.13,223.03,0.01,ok
2025-12-20T01:20:05.332Z,ESP32_ENERGY_MONITOR_001,22.01,53.64,24,2.98,215.88,0.01,ok
2025-12-20T01:25:05.332Z,ESP32_ENERGY_MONITOR_001,23.29,53.55,16,2.60,217.21,0.01,ok
2025-12-20T01:30:05.332Z,ESP32_ENERGY_MONITOR_001,22.37,54.21,24,2.98,218.00,0.01,ok
2025-12-20T01:35:05.332Z,ESP32_ENERGY_MONITOR_001,22.40,50.80,18,2.80,221.56,0.01,ok
2025-12-20T01:40:05.332Z,ESP32_ENERGY_MONITOR_001,22.52,51.99,15,2.38,219.09,0.01,ok
2025-12-20T01:45:05.332Z,ESP32_ENERGY_MONITOR_001,22.85,53.35,15,2.68,224.42,0.01,ok
2025-12-20T01:50:05.332Z,ESP32_ENERGY_MONITOR_001,22.91,52.53,22,2.82,220.96,0.01,ok
2025-12-20T01:55:05.332Z,ESP32_ENERGY_MONITOR_001,23.61,50.40,22,2.83,220.46,0.01,ok
2025-12-20T02:00:05.332Z,ESP32_ENERGY_MONITOR_001,23.93,47.30,21,2.79,220.14,0.01,ok
2025-12-20T02:05:05.332Z,ESP32_ENERGY_MONITOR_001,23.60,49.94,27,2.90,219.25,0.01,ok
2025-12-20T02:10:05.332Z,ESP32_ENERGY_MONITOR_001,25.24,47.25,27,3.49,219.50,0.02,ok
2025-12-20T02:15:05.332Z,ESP32_ENERGY_MONITOR_001,23.25,50.92,25,2.90,221.38,0.01,ok
2025-12-20T02:20:05.332Z,ESP32_ENERGY_MONITOR_001,25.04,49.04,21,3.30,222.47,0.02,ok
2025-12-20T02:25:05.332Z,ESP32_ENERGY_MONITOR_001,24.78,47.92,26,3.42,218.71,0.02,ok
2025-12-20T02:30:05.332Z,ESP32_ENERGY_MONITOR_001,24.01,51.75,27,3.28,218.24,0.01,ok
2025-12-20T02:35:05.332Z,ESP32_ENERGY_MONITOR_001,24.45,48.00,28,3.14,222.53,0.01,ok
2025-12-20T02:40:05.332Z,ESP32_ENERGY_MONITOR_001,23.86,47.70,29,3.34,219.00,0.02,ok
2025-12-20T02:45:05.332Z,ESP32_ENERGY_MONITOR_001,24.53,51.52,27,3.01,218.25,0.01,ok
2025-12-20T02:50:05.332Z,ESP32_ENERGY_MONITOR_001,24.74,47.39,24,3.33,217.19,0.02,ok
2025-12-20T02:55:05.332Z,ESP32_ENERGY_MONITOR_001,24.11,47.53,29,3.19,215.59,0.01,ok
2025-12-20T03:00:05.332Z,ESP32_ENERGY_MONITOR_001,26.04,47.56,25,3.42,218.65,0.02,ok
2025-12-20T03:05:05.332Z,ESP32_ENERGY_MONITOR_001,24.71,48.09,31,3.57,221.82,0.02,ok
2025-12-20T03:10:05.332Z,ESP32_ENERGY_MONITOR_001,24.89,44.88,25,3.23,218.09,0.01,ok
2025-12-20T03:15:05.332Z,ESP32_ENERGY_MONITOR_001,25.32,47.38,32,3.44,220.38,0.02,ok
2025-12-20T03:20:05.332Z,ESP32_ENERGY_MONITOR_001,24.69,47.00,24,3.21,224.46,0.01,ok
2025-12-20T03:25:05.332Z,ESP32_ENERGY_MONITOR_001,25.15,45.29,30,3.44,224.39,0.02,ok
2025-12-20T03:30:05.332Z,ESP32_ENERGY_MONITOR_001,25.36,48.85,31,3.62,224.42,0.02,ok
2025-12-20T03:35:05.332Z,ESP32_ENERGY_MONITOR_001,24.29,46.88,29,3.35,218.71,0.02,ok
2025-12-20T03:40:05.332Z,ESP32_ENERGY_MONITOR_001,26.14,48.61,28,3.68,215.26,0.02,ok
2025-12-20T03:45:05.332Z,ESP32_ENERGY_MONITOR_001,24.49,48.21,31,3.26,223.18,0.01,ok
2025-12-20T03:50:05.332Z,ESP32_ENERGY_MONITOR_001,24.35,47.61,30,3.12,220.62,0.01,ok
2025-12-20T03:55:05.332Z,ESP32_ENERGY_MONITOR_001,24.80,48.44,32,3.75,221.35,0.02,ok
2025-12-20T04:00:05.332Z,ESP32_ENERGY_MONITOR_001,26.23,44.46,28,3.63,224.58,0.02,ok
2025-12-20T04:05:05.332Z,ESP32_ENERGY_MONITOR_001,25.41,45.02,34,3.62,221.50,0.02,ok
2025-12-20T04:10:05.332Z,ESP32_ENERGY_MONITOR_001,25.67,47.94,29,3.56,219.34,0.02,ok
2025-12-20T04:15:05.332Z,ESP32_ENERGY_MONITOR_001,25.48,47.61,35,3.88,221.08,0.02,ok
2025-12-20T04:20:05.332Z,ESP32_ENERGY_MONITOR_001,26.15,44.70,34,4.22,215.87,0.02,ok
2025-12-20T04:25:05.332Z,ESP32_ENERGY_MONITOR_001,24.83,47.82,36,3.76,216.63,0.02,ok
2025-12-20T04:30:05.332Z,ESP32_ENERGY_MONITOR_001,26.03,45.70,28,3.51,221.26,0.02,ok
2025-12-20T04:35:05.332Z,ESP32_ENERGY_MONITOR_001,25.93,43.66,36,4.26,216.52,0.02,ok
2025-12-20T04:40:05.332Z,ESP32_ENERGY_MONITOR_001,26.00,43.42,36,4.20,217.32,0.02,ok
2025-12-20T04:45:05.332Z,ESP32_ENERGY_MONITOR_001,25.84,45.94,33,3.89,224.45,0.02,ok
2025-12-20T04:50:05.332Z,ESP32_ENERGY_MONITOR_001,25.54,44.00,35,3.90,217.97,0.02,ok
2025-12-20T04:55:05.332Z,ESP32_ENERGY_MONITOR_001,25.74,43.73,29,3.67,219.08,0.02,ok
2025-12-20T05:00:05.332Z,ESP32_ENERGY_MONITOR_001,26.34,45.12,31,3.88,223.89,0.02,ok
2025-12-20T05:05:05.332Z,ESP32_ENERGY_MONITOR_001,26.89,45.91,29,4.00,217.82,0.02,ok
2025-12-20T05:10:05.332Z,ESP32_ENERGY_MONITOR_001,25.13,43.30,38,3.91,222.98,0.02,ok
2025-12-20T05:15:05.332Z,ESP32_ENERGY_MONITOR_001,26.06,42.74,36,4.01,219.23,0.02,ok
2025-12-20T05:20:05.332Z,ESP32_ENERGY_MONITOR_001,25.44,47.50,36,4.04,221.80,0.02,ok
2025-12-20T05:25:05.332Z,ESP32_ENERGY_MONITOR_001,26.61,43.35,32,3.92,220.43,0.02,ok
2025-12-20T05:30:05.332Z,ESP32_ENERGY_MONITOR_001,26.31,42.53,37,4.15,218.76,0.02,ok
2025-12-20T05:35:05.332Z,ESP32_ENERGY_MONITOR_001,26.01,44.30,36,4.18,217.84,0.02,ok
2025-12-20T05:40:05.332Z,ESP32_ENERGY_MONITOR_001,25.94,43.82,38,4.00,217.14,0.02,ok
2025-12-20T05:45:05.332Z,ESP32_ENERGY_MONITOR_001,26.46,46.35,33,3.85,218.91,0.02,ok
2025-12-20T05:50:05.332Z,ESP32_ENERGY_MONITOR_001,26.44,44.90,33,4.29,224.06,0.02,ok
2025-12-20T05:55:05.332Z,ESP32_ENERGY_MONITOR_001,25.93,44.92,37,4.21,223.55,0.02,ok
2025-12-20T06:00:05.332Z,ESP32_ENERGY_MONITOR_001,25.23,44.18,34,3.52,216.43,0.02,ok
2025-12-20T06:05:05.332Z,ESP32_ENERGY_MONITOR_001,26.17,45.16,29,3.87,215.38,0.02,ok
2025-12-20T06:10:05.332Z,ESP32_ENERGY_MONITOR_001,25.04,45.03,30,3.34,222.21,0.02,ok
2025-12-20T06:15:05.332Z,ESP32_ENERGY_MONITOR_001,25.83,46.09,31,3.73,217.83,0.02,ok
2025-12-20T06:20:05.332Z,ESP32_ENERGY_MONITOR_001,26.13,45.17,38,4.40,215.68,0.02,ok
2025-12-20T06:25:05.332Z,ESP32_ENERGY_MONITOR_001,24.95,46.31,34,3.87,215.97,0.02,ok
2025-12-20T06:30:05.332Z,ESP32_ENERGY_MONITOR_001,26.46,43.30,32,3.87,224.09,0.02,ok
2025-12-20T06:35:05.332Z,ESP32_ENERGY_MONITOR_001,26.46,45.03,34,4.23,224.90,0.02,ok
2025-12-20T06:40:05.332Z,ESP32_ENERGY_MONITOR_001,24.94,44.96,31,3.48,216.72,0.02,ok
2025-12-20T06:45:05.332Z,ESP32_ENERGY_MONITOR_001,25.90,46.90,34,4.03,215.97,0.02,ok
2025-12-20T06:50:05.332Z,ESP32_ENERGY_MONITOR_001,25.89,44.91,33,3.90,221.78,0.02,ok
2025-12-20T06:55:05.332Z,ESP32_ENERGY_MONITOR_001,26.66,47.34,38,4.10,220.61,0.02,ok
2025-12-20T07:00:05.332Z,ESP32_ENERGY_MONITOR_001,25.56,45.87,35,3.75,219.83,0.02,ok
2025-12-20T07:05:05.332Z,ESP32_ENERGY_MONITOR_001,25.47,45.69,30,3.59,217.24,0.02,ok
2025-12-20T07:10:05.332Z,ESP32_ENERGY_MONITOR_001,26.04,47.09,27,3.75,220.70,0.02,ok
2025-12-20T07:15:05.332Z,ESP32_ENERGY_MONITOR_001,25.24,45.36,31,3.79,220.87,0.02,ok
2025-12-20T07:20:05.332Z,ESP32_ENERGY_MONITOR_001,24.51,48.98,36,3.38,222.51,0.02,ok
2025-12-20T07:25:05.332Z,ESP32_ENERGY_MONITOR_001,24.41,49.19,33,3.58,219.01,0.02,ok
2025-12-20T07:30:05.332Z,ESP32_ENERGY_MONITOR_001,24.71,45.29,29,3.24,215.45,0.01,ok
2025-12-20T07:35:05.332Z,ESP32_ENERGY_MONITOR_001,25.65,48.13,31,3.80,221.97,0.02,ok
2025-12-20T07:40:05.332Z,ESP32_ENERGY_MONITOR_001,25.88,45.52,35,3.92,224.22,0.02,ok
2025-12-20T07:45:05.332Z,ESP32_ENERGY_MONITOR_001,26.15,49.27,31,4.08,224.30,0.02,ok
2025-12-20T07:50:05.332Z,ESP32_ENERGY_MONITOR_001,24.21,49.26,35,3.53,220.97,0.02,ok
2025-12-20T07:55:05.332Z,ESP32_ENERGY_MONITOR_001,24.38,49.44,27,3.44,224.42,0.02,ok
2025-12-20T08:00:05.332Z,ESP32_ENERGY_MONITOR_001,24.19,47.20,30,3.25,219.51,0.01,ok
2025-12-20T08:05:05.332Z,ESP32_ENERGY_MONITOR_001,24.36,49.22,27,3.12,223.68,0.01,ok
2025-12-20T08:10:05.332Z,ESP32_ENERGY_MONITOR_001,24.92,48.98,31,3.48,217.16,0.02,ok
2025-12-20T08:15:05.332Z,ESP32_ENERGY_MONITOR_001,24.25,51.34,27,3.02,215.21,0.01,ok
2025-12-20T08:20:05.332Z,ESP32_ENERGY_MONITOR_001,23.56,49.68,28,3.24,223.62,0.01,ok
2025-12-20T08:25:05.332Z,ESP32_ENERGY_MONITOR_001,24.16,46.90,29,3.09,223.27,0.01,ok
2025-12-20T08:30:05.332Z,ESP32_ENERGY_MONITOR_001,23.56,47.93,28,3.34,217.09,0.02,ok
2025-12-20T08:35:05.332Z,ESP32_ENERGY_MONITOR_001,23.92,50.88,28,3.04,219.33,0.01,ok
2025-12-20T08:40:05.332Z,ESP32_ENERGY_MONITOR_001,24.07,46.94,26,3.18,216.52,0.01,ok
2025-12-20T08:45:05.332Z,ESP32_ENERGY_MONITOR_001,23.25,50.60,29,3.02,217.43,0.01,ok
2025-12-20T08:50:05.332Z,ESP32_ENERGY_MONITOR_001,24.41,49.84,25,2.98,216.32,0.01,ok
2025-12-20T08:55:05.332Z,ESP32_ENERGY_MONITOR_001,24.90,50.60,25,3.03,218.90,0.01,ok
2025-12-20T09:00:05.332Z,ESP32_ENERGY_MONITOR_001,23.99,50.77,25,2.88,215.59,0.01,ok
2025-12-20T09:05:05.332Z,ESP32_ENERGY_MONITOR_001,22.08,51.40,20,2.71,218.83,0.01,ok
2025-12-20T09:10:05.332Z,ESP32_ENERGY_MONITOR_001,23.75,52.97,24,3.17,223.74,0.01,ok
2025-12-20T09:15:05.332Z,ESP32_ENERGY_MONITOR_001,22.25,50.54,23,2.74,219.12,0.01,ok
2025-12-20T09:20:05.332Z,ESP32_ENERGY_MONITOR_001,22.99,54.30,22,2.95,222.05,0.01,ok
2025-12-20T09:25:05.332Z,ESP32_ENERGY_MONITOR_001,23.67,54.92,22,2.81,216.82,0.01,ok
2025-12-20T09:30:05.332Z,ESP32_ENERGY_MONITOR_001,23.96,52.99,28,3.33,219.16,0.02,ok
2025-12-20T09:35:05.332Z,ESP32_ENERGY_MONITOR_001,22.07,53.30,20,2.95,219.36,0.01,ok
2025-12-20T09:40:05.332Z,ESP32_ENERGY_MONITOR_001,23.34,50.02,29,3.30,215.83,0.01,ok
2025-12-20T09:45:05.332Z,ESP32_ENERGY_MONITOR_001,22.82,52.89,21,2.62,221.20,0.01,ok
2025-12-20T09:50:05.332Z,ESP32_ENERGY_MONITOR_001,23.92,51.19,27,3.28,217.83,0.01,ok
2025-12-20T09:55:05.332Z,ESP32_ENERGY_MONITOR_001,22.70,53.44,23,3.06,220.09,0.01,ok
2025-12-20T10:00:05.332Z,ESP32_ENERGY_MONITOR_001,21.27,54.87,24,3.14,223.04,0.01,ok
2025-12-20T10:05:05.332Z,ESP32_ENERGY_MONITOR_001,21.51,55.13,16,2.74,224.44,0.01,ok
2025-12-20T10:10:05.332Z,ESP32_ENERGY_MONITOR_001,21.01,53.69,24,3.04,221.43,0.01,ok
2025-12-20T10:15:05.332Z,ESP32_ENERGY_MONITOR_001,21.53,57.44,22,2.74,223.29,0.01,ok
2025-12-20T10:20:05.332Z,ESP32_ENERGY_MONITOR_001,22.53,55.06,22,2.92,216.81,0.01,ok
2025-12-20T10:25:05.332Z,ESP32_ENERGY_MONITOR_001,22.37,54.54,19,2.78,222.46,0.01,ok
2025-12-20T10:30:05.332Z,ESP32_ENERGY_MONITOR_001,22.14,57.23,18,2.68,224.40,0.01,ok
2025-12-20T10:35:05.332Z,ESP32_ENERGY_MONITOR_001,22.17,55.30,20,2.94,221.61,0.01,ok
2025-12-20T10:40:05.332Z,ESP32_ENERGY_MONITOR_001,22.49,54.12,18,2.50,217.68,0.01,ok
2025-12-20T10:45:05.332Z,ESP32_ENERGY_MONITOR_001,20.93,56.23,16,2.78,222.54,0.01,ok
2025-12-20T10:50:05.332Z,ESP32_ENERGY_MONITOR_001,20.89,56.64,24,2.86,220.25,0.01,ok
2025-12-20T10:55:05.332Z,ESP32_ENERGY_MONITOR_001,22.30,53.71,24,2.78,217.78,0.01,ok
2025-12-20T11:00:05.332Z,ESP32_ENERGY_MONITOR_001,19.89,61.06,7,2.13,223.83,0.01,ok
2025-12-20T11:05:05.332Z,ESP32_ENERGY_MONITOR_001,19.31,58.56,5,2.30,220.09,0.01,ok
2025-12-20T11:10:05.332Z,ESP32_ENERGY_MONITOR_001,20.75,58.26,5,1.98,218.97,0.01,ok
2025-12-20T11:15:05.332Z,ESP32_ENERGY_MONITOR_001,20.59,59.60,1,2.10,218.44,0.01,ok
2025-12-20T11:20:05.332Z,ESP32_ENERGY_MONITOR_001,19.92,59.55,7,2.46,219.93,0.01,ok
2025-12-20T11:25:05.332Z,ESP32_ENERGY_MONITOR_001,20.68,58.29,6,2.45,220.54,0.01,ok
2025-12-20T11:30:05.332Z,ESP32_ENERGY_MONITOR_001,19.70,58.44,9,2.24,219.00,0.01,ok
2025-12-20T11:35:05.332Z,ESP32_ENERGY_MONITOR_001,20.31,60.95,1,2.03,222.65,0.01,ok
2025-12-20T11:40:05.332Z,ESP32_ENERGY_MONITOR_001,19.25,61.00,7,2.08,215.99,0.01,ok
2025-12-20T11:45:05.332Z,ESP32_ENERGY_MONITOR_001,19.12,58.62,6,2.23,223.18,0.01,ok
2025-12-20T11:50:05.332Z,ESP32_ENERGY_MONITOR_001,20.17,58.94,0,1.95,215.45,0.01,ok
2025-12-20T11:55:05.332Z,ESP32_ENERGY_MONITOR_001,20.38,61.89,1,2.04,218.75,0.01,ok
2025-12-20T12:00:05.332Z,ESP32_ENERGY_MONITOR_001,17.80,64.33,0,2.04,216.53,0.01,ok
2025-12-20T12:05:05.332Z,ESP32_ENERGY_MONITOR_001,19.12,65.43,0,2.06,224.13,0.01,ok
2025-12-20T12:10:05.332Z,ESP32_ENERGY_MONITOR_001,19.23,65.38,9,2.16,220.56,0.01,ok
2025-12-20T12:15:05.332Z,ESP32_ENERGY_MONITOR_001,17.88,62.09,2,2.03,221.87,0.01,ok
2025-12-20T12:20:05.332Z,ESP32_ENERGY_MONITOR_001,19.16,62.30,5,1.96,219.97,0.01,ok
2025-12-20T12:25:05.332Z,ESP32_ENERGY_MONITOR_001,18.83,65.96,3,1.89,219.66,0.01,ok
2025-12-20T12:30:05.332Z,ESP32_ENERGY_MONITOR_001,18.94,65.50,4,2.21,219.76,0.01,ok
2025-12-20T12:35:05.332Z,ESP32_ENERGY_MONITOR_001,19.08,64.31,0,1.84,216.78,0.01,ok
2025-12-20T12:40:05.332Z,ESP32_ENERGY_MONITOR_001,18.83,63.72,1,1.81,219.85,0.01,ok
2025-12-20T12:45:05.332Z,ESP32_ENERGY_MONITOR_001,18.84,62.24,0,2.01,222.87,0.01,ok
2025-12-20T12:50:05.332Z,ESP32_ENERGY_MONITOR_001,18.80,66.06,2,2.10,217.60,0.01,ok
2025-12-20T12:55:05.332Z,ESP32_ENERGY_MONITOR_001,18.46,61.61,4,2.26,224.48,0.01,ok
2025-12-20T13:00:05.332Z,ESP32_ENERGY_MONITOR_001,17.56,69.85,5,2.39,217.94,0.01,ok
2025-12-20T13:05:05.332Z,ESP32_ENERGY_MONITOR_001,17.65,68.33,7,2.14,215.98,0.01,ok
2025-12-20T13:10:05.332Z,ESP32_ENERGY_MONITOR_001,16.50,68.92,1,2.08,223.73,0.01,ok
2025-12-20T13:15:05.332Z,ESP32_ENERGY_MONITOR_001,17.47,68.47,6,2.03,215.34,0.01,ok
2025-12-20T13:20:05.332Z,ESP32_ENERGY_MONITOR_001,16.82,68.39,0,2.20,215.23,0.01,ok
2025-12-20T13:25:05.332Z,ESP32_ENERGY_MONITOR_001,17.12,66.06,9,2.19,216.82,0.01,ok
2025-12-20T13:30:05.332Z,ESP32_ENERGY_MONITOR_001,16.53,65.36,6,2.22,224.34,0.01,ok
2025-12-20T13:35:05.332Z,ESP32_ENERGY_MONITOR_001,16.68,67.74,5,1.97,223.90,0.01,ok
2025-12-20T13:40:05.332Z,ESP32_ENERGY_MONITOR_001,17.31,67.17,8,2.41,220.54,0.01,ok
2025-12-20T13:45:05.332Z,ESP32_ENERGY_MONITOR_001,16.45,67.73,2,2.16,217.10,0.01,ok
2025-12-20T13:50:05.332Z,ESP32_ENERGY_MONITOR_001,16.72,68.56,9,2.20,223.02,0.01,ok
2025-12-20T13:55:05.332Z,ESP32_ENERGY_MONITOR_001,16.90,69.94,3,2.06,216.51,0.01,ok
2025-12-20T14:00:05.332Z,ESP32_ENERGY_MONITOR_001,15.83,72.58,9,2.41,222.04,0.01,ok
2025-12-20T14:05:05.332Z,ESP32_ENERGY_MONITOR_001,15.88,69.07,2,2.06,217.88,0.01,ok
2025-12-20T14:10:05.332Z,ESP32_ENERGY_MONITOR_001,16.38,72.12,4,2.31,218.04,0.01,ok
2025-12-20T14:15:05.332Z,ESP32_ENERGY_MONITOR_001,14.77,72.15,3,2.18,220.75,0.01,ok
2025-12-20T14:20:05.332Z,ESP32_ENERGY_MONITOR_001,16.61,68.93,0,2.24,219.88,0.01,ok
2025-12-20T14:25:05.332Z,ESP32_ENERGY_MONITOR_001,15.52,68.96,7,2.10,222.68,0.01,ok
2025-12-20T14:30:05.332Z,ESP32_ENERGY_MONITOR_001,15.49,71.06,6,2.37,217.96,0.01,ok
2025-12-20T14:35:05.332Z,ESP32_ENERGY_MONITOR_001,14.87,73.01,2,2.17,218.02,0.01,ok
2025-12-20T14:40:05.332Z,ESP32_ENERGY_MONITOR_001,15.28,71.48,6,2.23,220.62,0.01,ok
2025-12-20T14:45:05.332Z,ESP32_ENERGY_MONITOR_001,15.96,72.15,8,2.15,219.84,0.01,ok
2025-12-20T14:50:05.332Z,ESP32_ENERGY_MONITOR_001,15.66,68.43,7,2.26,221.07,0.01,ok
2025-12-20T14:55:05.332Z,ESP32_ENERGY_MONITOR_001,15.14,68.23,3,2.06,222.34,0.01,ok
2025-12-20T15:00:05.332Z,ESP32_ENERGY_MONITOR_001,15.12,74.06,4,2.04,219.64,0.01,ok
2025-12-20T15:05:05.332Z,ESP32_ENERGY_MONITOR_001,14.94,74.86,2,1.91,215.44,0.01,ok
2025-12-20T15:10:05.332Z,ESP32_ENERGY_MONITOR_001,13.94,71.13,4,2.31,220.30,0.01,ok
2025-12-20T15:15:05.332Z,ESP32_ENERGY_MONITOR_001,15.71,75.18,0,1.82,223.48,0.01,ok
2025-12-20T15:20:05.332Z,ESP32_ENERGY_MONITOR_001,14.48,73.84,4,2.14,219.36,0.01,ok
2025-12-20T15:25:05.332Z,ESP32_ENERGY_MONITOR_001,15.68,71.87,1,1.88,218.58,0.01,ok
2025-12-20T15:30:05.332Z,ESP32_ENERGY_MONITOR_001,14.58,70.54,0,1.95,221.48,0.01,ok
2025-12-20T15:35:05.332Z,ESP32_ENERGY_MONITOR_001,14.70,74.86,9,2.46,215.25,0.01,ok
2025-12-20T15:40:05.332Z,ESP32_ENERGY_MONITOR_001,14.52,72.65,4,2.08,224.03,0.01,ok
2025-12-20T15:45:05.332Z,ESP32_ENERGY_MONITOR_001,15.71,74.61,5,2.11,223.30,0.01,ok
2025-12-20T15:50:05.332Z,ESP32_ENERGY_MONITOR_001,14.58,72.72,3,2.04,221.56,0.01,ok
2025-12-20T15:55:05.332Z,ESP32_ENERGY_MONITOR_001,14.11,72.16,7,2.21,222.32,0.01,ok
2025-12-20T16:00:05.332Z,ESP32_ENERGY_MONITOR_001,14.43,73.31,0,2.00,220.04,0.01,ok
2025-12-20T16:05:05.332Z,ESP32_ENERGY_MONITOR_001,13.95,76.43,4,2.34,219.74,0.01,ok
2025-12-20T16:10:05.332Z,ESP32_ENERGY_MONITOR_001,13.30,73.16,0,2.09,216.37,0.01,ok
2025-12-20T16:15:05.332Z,ESP32_ENERGY_MONITOR_001,13.99,73.37,6,2.19,221.84,0.01,ok
2025-12-20T16:20:05.332Z,ESP32_ENERGY_MONITOR_001,13.39,72.90,3,2.35,223.03,0.01,ok
2025-12-20T16:25:05.332Z,ESP32_ENERGY_MONITOR_001,13.51,72.21,9,2.27,215.22,0.01,ok
2025-12-20T16:30:05.332Z,ESP32_ENERGY_MONITOR_001,13.72,75.59,3,2.22,222.23,0.01,ok
2025-12-20T16:35:05.332Z,ESP32_ENERGY_MONITOR_001,13.99,75.38,9,2.40,221.66,0.01,ok
2025-12-20T16:40:05.332Z,ESP32_ENERGY_MONITOR_001,13.23,76.91,4,2.35,220.23,0.01,ok
2025-12-20T16:45:05.332Z,ESP32_ENERGY_MONITOR_001,13.45,74.98,8,2.27,223.07,0.01,ok
2025-12-20T16:50:05.332Z,ESP32_ENERGY_MONITOR_001,14.22,76.18,2,2.32,216.08,0.01,ok
2025-12-20T16:55:05.332Z,ESP32_ENERGY_MONITOR_001,13.58,72.20,1,2.28,217.64,0.01,ok
2025-12-20T17:00:05.332Z,ESP32_ENERGY_MONITOR_001,14.98,75.64,3,2.24,215.48,0.01,ok
2025-12-20T17:05:05.332Z,ESP32_ENERGY_MONITOR_001,14.15,76.27,7,2.48,217.92,0.01,ok
2025-12-20T17:10:05.332Z,ESP32_ENERGY_MONITOR_001,14.34,74.78,9,2.23,216.20,0.01,ok
2025-12-20T17:15:05.332Z,ESP32_ENERGY_MONITOR_001,13.71,75.11,3,2.29,220.97,0.01,ok
2025-12-20T17:20:05.332Z,ESP32_ENERGY_MONITOR_001,14.64,74.49,5,1.97,219.50,0.01,ok
2025-12-20T17:25:05.332Z,ESP32_ENERGY_MONITOR_001,14.58,74.00,8,2.14,215.87,0.01,ok
2025-12-20T17:30:05.332Z,ESP32_ENERGY_MONITOR_001,13.04,72.55,3,2.01,216.90,0.01,ok
2025-12-20T17:35:05.332Z,ESP32_ENERGY_MONITOR_001,13.64,72.93,1,1.85,223.40,0.01,ok
2025-12-20T17:40:05.332Z,ESP32_ENERGY_MONITOR_001,13.65,72.88,9,2.22,219.98,0.01,ok
2025-12-20T17:45:05.332Z,ESP32_ENERGY_MONITOR_001,13.51,75.33,8,2.38,223.02,0.01,ok
2025-12-20T17:50:05.332Z,ESP32_ENERGY_MONITOR_001,14.11,74.59,4,1.93,218.80,0.01,ok
2025-12-20T17:55:05.332Z,ESP32_ENERGY_MONITOR_001,14.31,76.77,8,2.28,220.56,0.01,ok
2025-12-20T18:00:05.332Z,ESP32_ENERGY_MONITOR_001,15.03,74.84,2,2.05,217.61,0.01,ok
2025-12-20T18:05:05.332Z,ESP32_ENERGY_MONITOR_001,15.13,75.46,9,2.23,219.43,0.01,ok
2025-12-20T18:10:05.332Z,ESP32_ENERGY_MONITOR_001,13.59,74.82,7,2.38,224.15,0.01,ok
2025-12-20T18:15:05.332Z,ESP32_ENERGY_MONITOR_001,14.52,73.52,7,2.09,224.75,0.01,ok
2025-12-20T18:20:05.332Z,ESP32_ENERGY_MONITOR_001,13.66,72.27,8,2.15,216.49,0.01,ok
2025-12-20T18:25:05.332Z,ESP32_ENERGY_MONITOR_001,13.51,72.60,9,2.54,221.96,0.01,ok
2025-12-20T18:30:05.332Z,ESP32_ENERGY_MONITOR_001,13.42,72.29,4,2.37,217.37,0.01,ok
2025-12-20T18:35:05.332Z,ESP32_ENERGY_MONITOR_001,14.84,73.35,3,2.02,221.20,0.01,ok
2025-12-20T18:40:05.332Z,ESP32_ENERGY_MONITOR_001,14.37,76.61,0,1.89,222.48,0.01,ok
2025-12-20T18:45:05.332Z,ESP32_ENERGY_MONITOR_001,13.55,72.81,8,2.19,223.71,0.01,ok
2025-12-20T18:50:05.332Z,ESP32_ENERGY_MONITOR_001,14.75,73.62,1,2.13,222.55,0.01,ok
2025-12-20T18:55:05.332Z,ESP32_ENERGY_MONITOR_001,14.15,72.65,9,2.55,221.37,0.01,ok
2025-12-20T19:00:05.332Z,ESP32_ENERGY_MONITOR_001,15.28,72.58,3,2.27,217.38,0.01,ok
2025-12-20T19:05:05.332Z,ESP32_ENERGY_MONITOR_001,14.00,71.56,3,2.26,216.89,0.01,ok
2025-12-20T19:10:05.332Z,ESP32_ENERGY_MONITOR_001,14.92,74.42,8,2.13,217.79,0.01,ok
2025-12-20T19:15:05.332Z,ESP32_ENERGY_MONITOR_001,14.11,74.36,5,2.36,215.80,0.01,ok
2025-12-20T19:20:05.332Z,ESP32_ENERGY_MONITOR_001,14.73,72.91,1,2.23,218.43,0.01,ok
2025-12-20T19:25:05.332Z,ESP32_ENERGY_MONITOR_001,14.76,72.63,7,2.09,219.54,0.01,ok
2025-12-20T19:30:05.332Z,ESP32_ENERGY_MONITOR_001,14.55,71.83,6,2.30,217.22,0.01,ok
2025-12-20T19:35:05.332Z,ESP32_ENERGY_MONITOR_001,15.56,70.89,7,2.14,223.68,0.01,ok
2025-12-20T19:40:05.332Z,ESP32_ENERGY_MONITOR_001,14.25,72.42,3,2.07,220.91,0.01,ok
2025-12-20T19:45:05.332Z,ESP32_ENERGY_MONITOR_001,14.51,72.13,6,2.41,217.07,0.01,ok
2025-12-20T19:50:05.332Z,ESP32_ENERGY_MONITOR_001,15.58,73.28,6,2.37,224.17,0.01,ok
2025-12-20T19:55:05.332Z,ESP32_ENERGY_MONITOR_001,15.11,70.54,7,2.47,217.26,0.01,ok
2025-12-20T20:00:05.332Z,ESP32_ENERGY_MONITOR_001,16.51,71.05,2,1.97,221.42,0.01,ok
2025-12-20T20:05:05.332Z,ESP32_ENERGY_MONITOR_001,14.89,72.13,3,1.96,215.07,0.01,ok
2025-12-20T20:10:05.332Z,ESP32_ENERGY_MONITOR_001,14.92,70.75,4,2.18,216.88,0.01,ok
2025-12-20T20:15:05.332Z,ESP32_ENERGY_MONITOR_001,15.01,70.19,7,2.05,224.22,0.01,ok
2025-12-20T20:20:05.332Z,ESP32_ENERGY_MONITOR_001,15.04,71.77,8,2.41,220.53,0.01,ok
2025-12-20T20:25:05.332Z,ESP32_ENERGY_MONITOR_001,15.25,70.25,4,2.16,217.59,0.01,ok
2025-12-20T20:30:05.332Z,ESP32_ENERGY_MONITOR_001,15.20,71.17,4,2.25,223.82,0.01,ok
2025-12-20T20:35:05.332Z,ESP32_ENERGY_MONITOR_001,16.73,72.71,1,2.01,222.68,0.01,ok
2025-12-20T20:40:05.332Z,ESP32_ENERGY_MONITOR_001,15.86,70.06,8,2.41,217.25,0.01,ok
2025-12-20T20:45:05.332Z,ESP32_ENERGY_MONITOR_001,16.53,70.03,0,1.96,215.18,0.01,ok
2025-12-20T20:50:05.332Z,ESP32_ENERGY_MONITOR_001,16.31,68.14,1,1.97,223.75,0.01,ok
2025-12-20T20:55:05.332Z,ESP32_ENERGY_MONITOR_001,16.27,68.45,1,2.23,215.20,0.01,ok
2025-12-20T21:00:05.332Z,ESP32_ENERGY_MONITOR_001,17.16,66.92,5,2.11,220.83,0.01,ok
2025-12-20T21:05:05.332Z,ESP32_ENERGY_MONITOR_001,16.43,69.06,9,2.52,223.54,0.01,ok
2025-12-20T21:10:05.332Z,ESP32_ENERGY_MONITOR_001,16.34,69.30,8,2.09,222.14,0.01,ok
2025-12-20T21:15:05.332Z,ESP32_ENERGY_MONITOR_001,17.22,69.14,8,2.34,220.43,0.01,ok
2025-12-20T21:20:05.332Z,ESP32_ENERGY_MONITOR_001,16.43,67.82,9,2.49,223.01,0.01,ok
2025-12-20T21:25:05.332Z,ESP32_ENERGY_MONITOR_001,16.53,66.64,7,2.36,224.48,0.01,ok
2025-12-20T21:30:05.332Z,ESP32_ENERGY_MONITOR_001,17.57,69.76,4,2.25,220.40,0.01,ok
2025-12-20T21:35:05.332Z,ESP32_ENERGY_MONITOR_001,16.75,68.16,2,1.84,215.99,0.01,ok
2025-12-20T21:40:05.332Z,ESP32_ENERGY_MONITOR_001,16.92,66.45,4,2.16,218.93,0.01,ok
2025-12-20T21:45:05.332Z,ESP32_ENERGY_MONITOR_001,17.07,65.44,6,2.31,219.61,0.01,ok
2025-12-20T21:50:05.332Z,ESP32_ENERGY_MONITOR_001,16.00,67.60,9,2.27,220.59,0.01,ok
2025-12-20T21:55:05.332Z,ESP32_ENERGY_MONITOR_001,16.12,67.75,5,1.97,220.43,0.01,ok
2025-12-20T22:00:05.332Z,ESP32_ENERGY_MONITOR_001,18.35,63.14,9,2.49,216.11,0.01,ok
2025-12-20T22:05:05.332Z,ESP32_ENERGY_MONITOR_001,19.08,63.50,5,1.95,223.72,0.01,ok
2025-12-20T22:10:05.332Z,ESP32_ENERGY_MONITOR_001,18.59,64.15,4,2.40,217.88,0.01,ok
2025-12-20T22:15:05.332Z,ESP32_ENERGY_MONITOR_001,18.03,61.59,4,2.05,218.33,0.01,ok
2025-12-20T22:20:05.332Z,ESP32_ENERGY_MONITOR_001,18.77,65.69,4,2.20,217.80,0.01,ok
2025-12-20T22:25:05.332Z,ESP32_ENERGY_MONITOR_001,17.76,64.70,1,2.23,218.97,0.01,ok
2025-12-20T22:30:05.332Z,ESP32_ENERGY_MONITOR_001,19.34,62.25,1,1.86,221.34,0.01,ok
2025-12-20T22:35:05.332Z,ESP32_ENERGY_MONITOR_001,18.18,64.94,5,2.21,221.36,0.01,ok
2025-12-20T22:40:05.332Z,ESP32_ENERGY_MONITOR_001,18.48,64.73,9,2.26,221.36,0.01,ok
2025-12-20T22:45:05.332Z,ESP32_ENERGY_MONITOR_001,17.91,63.53,4,2.02,222.26,0.01,ok
2025-12-20T22:50:05.332Z,ESP32_ENERGY_MONITOR_001,18.91,64.92,2,1.88,221.21,0.01,ok
2025-12-20T22:55:05.332Z,ESP32_ENERGY_MONITOR_001,18.41,63.75,0,1.87,218.11,0.01,ok
2025-12-20T23:00:05.332Z,ESP32_ENERGY_MONITOR_001,19.11,58.68,1,2.25,223.85,0.01,ok
2025-12-20T23:05:05.332Z,ESP32_ENERGY_MONITOR_001,19.22,62.30,5,2.27,218.90,0.01,ok
2025-12-20T23:10:05.332Z,ESP32_ENERGY_MONITOR_001,20.06,58.30,5,2.08,217.37,0.01,ok
2025-12-20T23:15:05.332Z,ESP32_ENERGY_MONITOR_001,19.25,61.43,1,1.98,223.64,0.01,ok
2025-12-20T23:20:05.332Z,ESP32_ENERGY_MONITOR_001,19.36,59.22,1,1.89,215.16,0.01,ok
2025-12-20T23:25:05.332Z,ESP32_ENERGY_MONITOR_001,20.11,59.76,2,2.31,223.14,0.01,ok
2025-12-20T23:30:05.332Z,ESP32_ENERGY_MONITOR_001,19.53,58.26,5,1.99,220.81,0.01,ok
2025-12-20T23:35:05.332Z,ESP32_ENERGY_MONITOR_001,20.96,61.50,7,2.03,223.88,0.01,ok
2025-12-20T23:40:05.332Z,ESP32_ENERGY_MONITOR_001,19.67,58.63,3,2.18,220.29,0.01,ok
2025-12-20T23:45:05.332Z,ESP32_ENERGY_MONITOR_001,20.91,60.35,8,2.29,221.79,0.01,ok
2025-12-20T23:50:05.332Z,ESP32_ENERGY_MONITOR_001,19.09,61.16,3,2.00,216.24,0.01,ok
2025-12-20T23:55:05.332Z,ESP32_ENERGY_MONITOR_001,19.32,62.44,9,2.60,218.03,0.01,ok
2025-12-21T00:00:05.332Z,ESP32_ENERGY_MONITOR_001,22.28,55.38,5,2.27,221.61,0.01,ok
2025-12-21T00:05:05.332Z,ESP32_ENERGY_MONITOR_001,21.76,57.96,9,2.11,218.43,0.01,ok
2025-12-21T00:10:05.332Z,ESP32_ENERGY_MONITOR_001,20.76,54.95,7,2.29,215.42,0.01,ok
2025-12-21T00:15:05.332Z,ESP32_ENERGY_MONITOR_001,21.68,57.64,2,1.93,223.71,0.01,ok
2025-12-21T00:20:05.332Z,ESP32_ENERGY_MONITOR_001,20.82,54.23,2,2.05,220.87,0.01,ok
2025-12-21T00:25:05.332Z,ESP32_ENERGY_MONITOR_001,21.90,54.57,2,1.98,224.95,0.01,ok
2025-12-21T00:30:05.332Z,ESP32_ENERGY_MONITOR_001,22.05,56.04,7,2.06,216.78,0.01,ok
2025-12-21T00:35:05.332Z,ESP32_ENERGY_MONITOR_001,22.25,55.12,5,2.38,223.05,0.01,ok
2025-12-21T00:40:05.332Z,ESP32_ENERGY_MONITOR_001,21.61,56.34,6,2.24,216.85,0.01,ok
2025-12-21T00:45:05.332Z,ESP32_ENERGY_MONITOR_001,21.40,53.71,9,2.13,217.86,0.01,ok
2025-12-21T00:50:05.332Z,ESP32_ENERGY_MONITOR_001,22.53,54.16,3,2.00,216.42,0.01,ok
2025-12-21T00:55:05.332Z,ESP32_ENERGY_MONITOR_001,21.16,54.71,4,2.17,216.94,0.01,ok
2025-12-21T01:00:05.332Z,ESP32_ENERGY_MONITOR_001,22.49,54.44,24,2.83,223.85,0.01,ok
2025-12-21T01:05:05.332Z,ESP32_ENERGY_MONITOR_001,23.89,52.17,23,3.14,224.16,0.01,ok
2025-12-21T01:10:05.332Z,ESP32_ENERGY_MONITOR_001,23.65,50.44,16,2.52,216.51,0.01,ok
2025-12-21T01:15:05.332Z,ESP32_ENERGY_MONITOR_001,22.72,53.05,21,2.65,221.18,0.01,ok
2025-12-21T01:20:05.332Z,ESP32_ENERGY_MONITOR_001,23.94,54.66,22,2.81,215.93,0.01,ok
2025-12-21T01:25:05.332Z,ESP32_ENERGY_MONITOR_001,22.84,52.22,24,2.72,223.97,0.01,ok
2025-12-21T01:30:05.332Z,ESP32_ENERGY_MONITOR_001,22.49,51.25,24,2.92,220.87,0.01,ok
2025-12-21T01:35:05.332Z,ESP32_ENERGY_MONITOR_001,22.60,54.19,23,2.71,224.55,0.01,ok
2025-12-21T01:40:05.332Z,ESP32_ENERGY_MONITOR_001,22.99,50.10,21,2.61,217.92,0.01,ok
2025-12-21T01:45:05.332Z,ESP32_ENERGY_MONITOR_001,23.02,52.36,18,2.60,219.26,0.01,ok
2025-12-21T01:50:05.332Z,ESP32_ENERGY_MONITOR_001,23.71,54.26,23,2.76,222.22,0.01,ok
2025-12-21T01:55:05.332Z,ESP32_ENERGY_MONITOR_001,22.14,54.84,17,2.69,216.43,0.01,ok
2025-12-21T02:00:05.332Z,ESP32_ENERGY_MONITOR_001,23.44,48.98,20,2.73,215.43,0.01,ok
2025-12-21T02:05:05.332Z,ESP32_ENERGY_MONITOR_001,25.16,47.99,29,3.64,221.54,0.02,ok
2025-12-21T02:10:05.332Z,ESP32_ENERGY_MONITOR_001,24.73,48.12,29,3.28,215.59,0.01,ok
2025-12-21T02:15:05.332Z,ESP32_ENERGY_MONITOR_001,23.69,50.77,21,3.03,223.02,0.01,ok
2025-12-21T02:20:05.332Z,ESP32_ENERGY_MONITOR_001,24.60,49.47,21,2.81,219.36,0.01,ok
2025-12-21T02:25:05.332Z,ESP32_ENERGY_MONITOR_001,24.23,49.55,20,2.68,217.22,0.01,ok
2025-12-21T02:30:05.332Z,ESP32_ENERGY_MONITOR_001,23.93,48.79,24,3.17,221.04,0.01,ok
2025-12-21T02:35:05.332Z,ESP32_ENERGY_MONITOR_001,24.33,49.62,22,3.09,224.72,0.01,ok
2025-12-21T02:40:05.332Z,ESP32_ENERGY_MONITOR_001,23.70,50.87,23,2.73,219.60,0.01,ok
2025-12-21T02:45:05.332Z,ESP32_ENERGY_MONITOR_001,23.45,49.92,20,3.00,220.24,0.01,ok
2025-12-21T02:50:05.332Z,ESP32_ENERGY_MONITOR_001,23.56,51.84,25,3.12,215.05,0.01,ok
2025-12-21T02:55:05.332Z,ESP32_ENERGY_MONITOR_001,23.91,51.64,29,3.36,216.32,0.02,ok
2025-12-21T03:00:05.332Z,ESP32_ENERGY_MONITOR_001,24.71,48.79,33,3.49,217.37,0.02,ok
2025-12-21T03:05:05.332Z,ESP32_ENERGY_MONITOR_001,25.28,46.42,26,3.44,219.45,0.02,ok
2025-12-21T03:10:05.332Z,ESP32_ENERGY_MONITOR_001,25.31,46.90,33,3.59,215.29,0.02,ok
2025-12-21T03:15:05.332Z,ESP32_ENERGY_MONITOR_001,25.30,49.21,29,3.66,220.65,0.02,ok
2025-12-21T03:20:05.332Z,ESP32_ENERGY_MONITOR_001,24.91,47.97,28,3.64,219.98,0.02,ok
2025-12-21T03:25:05.332Z,ESP32_ENERGY_MONITOR_001,25.24,44.76,24,3.32,223.51,0.02,ok
2025-12-21T03:30:05.332Z,ESP32_ENERGY_MONITOR_001,26.08,48.28,24,3.54,219.04,0.02,ok
2025-12-21T03:35:05.332Z,ESP32_ENERGY_MONITOR_001,25.24,46.73,28,3.61,216.49,0.02,ok
2025-12-21T03:40:05.332Z,ESP32_ENERGY_MONITOR_001,25.06,46.44,25,3.27,223.99,0.01,ok
2025-12-21T03:45:05.332Z,ESP32_ENERGY_MONITOR_001,25.89,47.58,26,3.48,224.57,0.02,ok
2025-12-21T03:50:05.332Z,ESP32_ENERGY_MONITOR_001,25.42,47.96,27,3.75,216.69,0.02,ok
2025-12-21T03:55:05.332Z,ESP32_ENERGY_MONITOR_001,24.47,46.29,27,3.43,215.26,0.02,ok
2025-12-21T04:00:05.332Z,ESP32_ENERGY_MONITOR_001,25.73,44.18,35,3.98,219.48,0.02,ok
2025-12-21T04:05:05.332Z,ESP32_ENERGY_MONITOR_001,25.45,45.66,30,3.55,217.55,0.02,ok
2025-12-21T04:10:05.332Z,ESP32_ENERGY_MONITOR_001,25.07,45.23,36,3.98,219.98,0.02,ok
2025-12-21T04:15:05.332Z,ESP32_ENERGY_MONITOR_001,26.37,44.65,28,3.68,221.60,0.02,ok
2025-12-21T04:20:05.332Z,ESP32_ENERGY_MONITOR_001,26.16,45.07,29,3.82,218.16,0.02,ok
2025-12-21T04:25:05.332Z,ESP32_ENERGY_MONITOR_001,26.14,46.85,30,3.86,224.07,0.02,ok
2025-12-21T04:30:05.332Z,ESP32_ENERGY_MONITOR_001,26.73,46.84,28,3.94,216.26,0.02,ok
2025-12-21T04:35:05.332Z,ESP32_ENERGY_MONITOR_001,25.36,43.04,28,3.35,222.56,0.02,ok
2025-12-21T04:40:05.332Z,ESP32_ENERGY_MONITOR_001,26.18,44.12,32,4.09,216.57,0.02,ok
2025-12-21T04:45:05.332Z,ESP32_ENERGY_MONITOR_001,25.04,44.65,36,3.76,219.85,0.02,ok
2025-12-21T04:50:05.332Z,ESP32_ENERGY_MONITOR_001,25.08,44.77,33,3.83,224.92,0.02,ok
2025-12-21T04:55:05.332Z,ESP32_ENERGY_MONITOR_001,25.86,47.28,35,3.98,222.52,0.02,ok
2025-12-21T05:00:05.332Z,ESP32_ENERGY_MONITOR_001,26.99,46.02,36,4.15,221.89,0.02,ok
2025-12-21T05:05:05.332Z,ESP32_ENERGY_MONITOR_001,26.85,44.11,30,4.03,217.16,0.02,ok
2025-12-21T05:10:05.332Z,ESP32_ENERGY_MONITOR_001,26.85,46.14,36,4.43,216.64,0.02,ok
2025-12-21T05:15:05.332Z,ESP32_ENERGY_MONITOR_001,26.13,45.25,31,3.98,223.00,0.02,ok
2025-12-21T05:20:05.332Z,ESP32_ENERGY_MONITOR_001,25.15,45.28,30,3.64,220.97,0.02,ok
2025-12-21T05:25:05.332Z,ESP32_ENERGY_MONITOR_001,26.23,45.87,36,3.97,218.24,0.02,ok
2025-12-21T05:30:05.332Z,ESP32_ENERGY_MONITOR_001,26.18,45.19,38,4.35,222.31,0.02,ok
2025-12-21T05:35:05.332Z,ESP32_ENERGY_MONITOR_001,25.20,44.65,29,3.56,217.34,0.02,ok
2025-12-21T05:40:05.332Z,ESP32_ENERGY_MONITOR_001,26.37,47.30,34,4.08,218.89,0.02,ok
2025-12-21T05:45:05.332Z,ESP32_ENERGY_MONITOR_001,26.46,46.63,34,4.27,218.53,0.02,ok
2025-12-21T05:50:05.332Z,ESP32_ENERGY_MONITOR_001,25.71,47.39,31,3.84,215.63,0.02,ok
2025-12-21T05:55:05.332Z,ESP32_ENERGY_MONITOR_001,25.15,44.00,37,3.63,222.04,0.02,ok
2025-12-21T06:00:05.332Z,ESP32_ENERGY_MONITOR_001,26.74,47.28,36,4.18,219.18,0.02,ok
2025-12-21T06:05:05.332Z,ESP32_ENERGY_MONITOR_001,25.30,44.12,33,3.90,217.94,0.02,ok
2025-12-21T06:10:05.332Z,ESP32_ENERGY_MONITOR_001,25.37,45.32,29,3.81,224.88,0.02,ok
2025-12-21T06:15:05.332Z,ESP32_ENERGY_MONITOR_001,25.90,47.13,36,3.79,219.49,0.02,ok
2025-12-21T06:20:05.332Z,ESP32_ENERGY_MONITOR_001,25.44,43.65,37,4.06,217.28,0.02,ok
2025-12-21T06:25:05.332Z,ESP32_ENERGY_MONITOR_001,25.69,46.84,30,3.67,216.44,0.02,ok
2025-12-21T06:30:05.332Z,ESP32_ENERGY_MONITOR_001,26.22,47.00,32,4.05,222.56,0.02,ok
2025-12-21T06:35:05.332Z,ESP32_ENERGY_MONITOR_001,25.28,45.30,36,3.83,219.86,0.02,ok
2025-12-21T06:40:05.332Z,ESP32_ENERGY_MONITOR_001,25.13,46.84,35,3.85,222.06,0.02,ok
2025-12-21T06:45:05.332Z,ESP32_ENERGY_MONITOR_001,24.90,46.91,35,3.86,216.03,0.02,ok
2025-12-21T06:50:05.332Z,ESP32_ENERGY_MONITOR_001,25.75,44.46,36,4.14,215.89,0.02,ok
2025-12-21T06:55:05.332Z,ESP32_ENERGY_MONITOR_001,25.98,44.04,30,3.83,220.99,0.02,ok
2025-12-21T07:00:05.332Z,ESP32_ENERGY_MONITOR_001,24.58,44.76,29,3.10,215.35,0.01,ok
2025-12-21T07:05:05.332Z,ESP32_ENERGY_MONITOR_001,24.59,47.16,34,3.48,224.20,0.02,ok
2025-12-21T07:10:05.332Z,ESP32_ENERGY_MONITOR_001,25.36,46.42,33,3.98,220.29,0.02,ok
2025-12-21T07:15:05.332Z,ESP32_ENERGY_MONITOR_001,24.89,48.26,29,3.37,218.26,0.02,ok
2025-12-21T07:20:05.332Z,ESP32_ENERGY_MONITOR_001,24.89,48.37,35,3.68,218.17,0.02,ok
2025-12-21T07:25:05.332Z,ESP32_ENERGY_MONITOR_001,24.22,44.88,32,3.29,218.84,0.01,ok
2025-12-21T07:30:05.332Z,ESP32_ENERGY_MONITOR_001,25.50,46.65,31,3.63,223.98,0.02,ok
2025-12-21T07:35:05.332Z,ESP32_ENERGY_MONITOR_001,25.40,46.11,32,3.91,221.84,0.02,ok
2025-12-21T07:40:05.332Z,ESP32_ENERGY_MONITOR_001,26.04,48.57,28,3.80,220.41,0.02,ok
2025-12-21T07:45:05.332Z,ESP32_ENERGY_MONITOR_001,24.92,45.93,36,3.49,220.61,0.02,ok
2025-12-21T07:50:05.332Z,ESP32_ENERGY_MONITOR_001,26.11,47.71,28,3.82,216.28,0.02,ok
2025-12-21T07:55:05.332Z,ESP32_ENERGY_MONITOR_001,24.25,45.03,36,3.54,218.35,0.02,ok
2025-12-21T08:00:05.332Z,ESP32_ENERGY_MONITOR_001,25.20,48.73,32,3.68,217.96,0.02,ok
2025-12-21T08:05:05.332Z,ESP32_ENERGY_MONITOR_001,23.57,51.07,33,3.30,215.49,0.02,ok
2025-12-21T08:10:05.332Z,ESP32_ENERGY_MONITOR_001,23.37,50.15,25,2.78,223.32,0.01,ok
2025-12-21T08:15:05.332Z,ESP32_ENERGY_MONITOR_001,24.92,48.83,28,3.30,220.97,0.01,ok
2025-12-21T08:20:05.332Z,ESP32_ENERGY_MONITOR_001,24.46,50.07,29,3.15,217.08,0.01,ok
2025-12-21T08:25:05.332Z,ESP32_ENERGY_MONITOR_001,24.57,50.85,32,3.69,223.31,0.02,ok
2025-12-21T08:30:05.332Z,ESP32_ENERGY_MONITOR_001,24.22,49.72,28,3.43,223.54,0.02,ok
2025-12-21T08:35:05.332Z,ESP32_ENERGY_MONITOR_001,24.68,48.14,27,3.30,224.22,0.01,ok
2025-12-21T08:40:05.332Z,ESP32_ENERGY_MONITOR_001,23.54,50.57,27,3.07,218.22,0.01,ok
2025-12-21T08:45:05.332Z,ESP32_ENERGY_MONITOR_001,24.47,50.47,24,2.87,223.74,0.01,ok
2025-12-21T08:50:05.332Z,ESP32_ENERGY_MONITOR_001,23.28,49.49,27,2.93,221.34,0.01,ok
2025-12-21T08:55:05.332Z,ESP32_ENERGY_MONITOR_001,24.09,49.90,30,3.00,219.43,0.01,ok
2025-12-21T09:00:05.332Z,ESP32_ENERGY_MONITOR_001,23.84,51.65,27,3.12,219.21,0.01,ok
2025-12-21T09:05:05.332Z,ESP32_ENERGY_MONITOR_001,23.14,52.12,24,3.12,223.73,0.01,ok
2025-12-21T09:10:05.332Z,ESP32_ENERGY_MONITOR_001,22.55,53.48,20,2.61,221.89,0.01,ok
2025-12-21T09:15:05.332Z,ESP32_ENERGY_MONITOR_001,22.95,52.41,28,3.19,224.76,0.01,ok
2025-12-21T09:20:05.332Z,ESP32_ENERGY_MONITOR_001,22.23,54.71,28,2.95,216.42,0.01,ok
2025-12-21T09:25:05.332Z,ESP32_ENERGY_MONITOR_001,23.62,53.77,27,2.85,217.08,0.01,ok
2025-12-21T09:30:05.332Z,ESP32_ENERGY_MONITOR_001,22.29,54.23,27,3.16,220.77,0.01,ok
2025-12-21T09:35:05.332Z,ESP32_ENERGY_MONITOR_001,22.85,50.58,20,2.94,220.24,0.01,ok
2025-12-21T09:40:05.332Z,ESP32_ENERGY_MONITOR_001,22.70,50.86,23,3.16,223.22,0.01,ok
2025-12-21T09:45:05.332Z,ESP32_ENERGY_MONITOR_001,23.94,50.26,23,2.95,217.97,0.01,ok
2025-12-21T09:50:05.332Z,ESP32_ENERGY_MONITOR_001,22.44,54.88,29,3.30,221.05,0.02,ok
2025-12-21T09:55:05.332Z,ESP32_ENERGY_MONITOR_001,23.38,53.22,27,3.31,223.17,0.02,ok
2025-12-21T10:00:05.332Z,ESP32_ENERGY_MONITOR_001,20.83,58.50,17,2.47,217.58,0.01,ok
2025-12-21T10:05:05.332Z,ESP32_ENERGY_MONITOR_001,21.82,57.98,24,2.97,218.40,0.01,ok
2025-12-21T10:10:05.332Z,ESP32_ENERGY_MONITOR_001,21.42,56.94,16,2.45,216.97,0.01,ok
2025-12-21T10:15:05.332Z,ESP32_ENERGY_MONITOR_001,22.19,55.66,20,2.70,218.31,0.01,ok
2025-12-21T10:20:05.332Z,ESP32_ENERGY_MONITOR_001,22.00,56.48,16,2.77,224.65,0.01,ok
2025-12-21T10:25:05.332Z,ESP32_ENERGY_MONITOR_001,21.50,55.18,22,2.94,224.68,0.01,ok
2025-12-21T10:30:05.332Z,ESP32_ENERGY_MONITOR_001,21.40,57.57,17,2.56,218.71,0.01,ok
2025-12-21T10:35:05.332Z,ESP32_ENERGY_MONITOR_001,21.33,55.22,17,2.65,216.29,0.01,ok
2025-12-21T10:40:05.332Z,ESP32_ENERGY_MONITOR_001,21.28,56.11,17,2.61,215.82,0.01,ok
2025-12-21T10:45:05.332Z,ESP32_ENERGY_MONITOR_001,21.20,56.20,20,2.73,219.82,0.01,ok
2025-12-21T10:50:05.332Z,ESP32_ENERGY_MONITOR_001,20.78,54.92,20,2.56,219.83,0.01,ok
2025-12-21T10:55:05.332Z,ESP32_ENERGY_MONITOR_001,20.79,57.86,19,2.91,223.11,0.01,ok
2025-12-21T11:00:05.332Z,ESP32_ENERGY_MONITOR_001,20.79,59.56,2,2.09,220.51,0.01,ok
2025-12-21T11:05:05.332Z,ESP32_ENERGY_MONITOR_001,20.68,60.01,1,2.03,221.49,0.01,ok
2025-12-21T11:10:05.332Z,ESP32_ENERGY_MONITOR_001,20.15,57.95,4,1.96,223.44,0.01,ok
2025-12-21T11:15:05.332Z,ESP32_ENERGY_MONITOR_001,19.83,58.03,2,2.29,221.21,0.01,ok
2025-12-21T11:20:05.332Z,ESP32_ENERGY_MONITOR_001,20.26,60.19,0,2.03,219.03,0.01,ok
2025-12-21T11:25:05.332Z,ESP32_ENERGY_MONITOR_001,20.79,58.94,8,2.56,220.77,0.01,ok
2025-12-21T11:30:05.332Z,ESP32_ENERGY_MONITOR_001,19.01,58.79,6,2.19,223.60,0.01,ok
2025-12-21T11:35:05.332Z,ESP32_ENERGY_MONITOR_001,19.80,60.99,1,2.07,224.60,0.01,ok
2025-12-21T11:40:05.332Z,ESP32_ENERGY_MONITOR_001,20.63,58.80,6,2.25,222.60,0.01,ok
2025-12-21T11:45:05.332Z,ESP32_ENERGY_MONITOR_001,19.08,61.08,5,2.09,219.69,0.01,ok
2025-12-21T11:50:05.332Z,ESP32_ENERGY_MONITOR_001,20.90,59.14,2,1.97,218.50,0.01,ok
2025-12-21T11:55:05.332Z,ESP32_ENERGY_MONITOR_001,19.20,59.47,1,1.94,219.34,0.01,ok
2025-12-21T12:00:05.332Z,ESP32_ENERGY_MONITOR_001,18.55,63.09,7,2.27,223.62,0.01,ok
2025-12-21T12:05:05.332Z,ESP32_ENERGY_MONITOR_001,17.63,61.81,3,2.05,219.95,0.01,ok
2025-12-21T12:10:05.332Z,ESP32_ENERGY_MONITOR_001,17.99,65.52,0,2.15,221.95,0.01,ok
2025-12-21T12:15:05.332Z,ESP32_ENERGY_MONITOR_001,18.71,64.91,0,2.11,218.41,0.01,ok
2025-12-21T12:20:05.332Z,ESP32_ENERGY_MONITOR_001,17.47,64.45,7,2.23,221.21,0.01,ok
2025-12-21T12:25:05.332Z,ESP32_ENERGY_MONITOR_001,19.45,63.58,7,2.22,217.34,0.01,ok
2025-12-21T12:30:05.332Z,ESP32_ENERGY_MONITOR_001,19.05,63.65,9,2.11,217.30,0.01,ok
2025-12-21T12:35:05.332Z,ESP32_ENERGY_MONITOR_001,18.29,62.04,2,2.15,223.88,0.01,ok
2025-12-21T12:40:05.332Z,ESP32_ENERGY_MONITOR_001,19.21,63.90,2,2.25,216.10,0.01,ok
2025-12-21T12:45:05.332Z,ESP32_ENERGY_MONITOR_001,18.47,62.90,7,2.51,218.38,0.01,ok
2025-12-21T12:50:05.332Z,ESP32_ENERGY_MONITOR_001,18.09,62.29,7,2.23,224.74,0.01,ok
2025-12-21T12:55:05.332Z,ESP32_ENERGY_MONITOR_001,18.87,66.06,3,2.22,217.42,0.01,ok
2025-12-21T13:00:05.332Z,ESP32_ENERGY_MONITOR_001,16.57,65.55,9,2.18,223.30,0.01,ok
2025-12-21T13:05:05.332Z,ESP32_ENERGY_MONITOR_001,17.96,65.53,9,2.43,219.00,0.01,ok
2025-12-21T13:10:05.332Z,ESP32_ENERGY_MONITOR_001,17.07,68.00,1,2.29,219.77,0.01,ok
2025-12-21T13:15:05.332Z,ESP32_ENERGY_MONITOR_001,16.21,65.56,6,2.19,221.55,0.01,ok
2025-12-21T13:20:05.332Z,ESP32_ENERGY_MONITOR_001,17.92,69.16,0,2.25,222.78,0.01,ok
2025-12-21T13:25:05.332Z,ESP32_ENERGY_MONITOR_001,17.57,66.43,7,2.51,215.61,0.01,ok
2025-12-21T13:30:05.332Z,ESP32_ENERGY_MONITOR_001,17.78,66.37,4,2.33,219.46,0.01,ok
2025-12-21T13:35:05.332Z,ESP32_ENERGY_MONITOR_001,17.95,67.47,2,2.22,219.07,0.01,ok
2025-12-21T13:40:05.332Z,ESP32_ENERGY_MONITOR_001,16.15,69.72,5,2.25,219.31,0.01,ok
2025-12-21T13:45:05.332Z,ESP32_ENERGY_MONITOR_001,16.81,68.09,6,2.36,221.59,0.01,ok
2025-12-21T13:50:05.332Z,ESP32_ENERGY_MONITOR_001,16.28,66.61,0,1.79,223.68,0.01,ok
2025-12-21T13:55:05.332Z,ESP32_ENERGY_MONITOR_001,17.65,67.05,0,1.80,219.32,0.01,ok
2025-12-21T14:00:05.332Z,ESP32_ENERGY_MONITOR_001,15.38,70.03,1,1.79,216.71,0.01,ok
2025-12-21T14:05:05.332Z,ESP32_ENERGY_MONITOR_001,15.51,72.01,2,2.04,219.16,0.01,ok
2025-12-21T14:10:05.332Z,ESP32_ENERGY_MONITOR_001,15.30,69.53,9,2.49,216.44,0.01,ok
2025-12-21T14:15:05.332Z,ESP32_ENERGY_MONITOR_001,15.97,72.41,2,2.26,215.89,0.01,ok
2025-12-21T14:20:05.332Z,ESP32_ENERGY_MONITOR_001,15.44,70.62,9,2.47,216.33,0.01,ok
2025-12-21T14:25:05.332Z,ESP32_ENERGY_MONITOR_001,16.13,71.56,8,2.30,218.90,0.01,ok
2025-12-21T14:30:05.332Z,ESP32_ENERGY_MONITOR_001,16.59,72.20,6,2.20,218.27,0.01,ok
2025-12-21T14:35:05.332Z,ESP32_ENERGY_MONITOR_001,16.41,71.85,9,2.30,222.48,0.01,ok
2025-12-21T14:40:05.332Z,ESP32_ENERGY_MONITOR_001,15.98,68.19,7,2.07,218.00,0.01,ok
2025-12-21T14:45:05.332Z,ESP32_ENERGY_MONITOR_001,15.15,71.08,2,1.99,222.76,0.01,ok
2025-12-21T14:50:05.332Z,ESP32_ENERGY_MONITOR_001,15.35,70.24,4,2.33,216.98,0.01,ok
2025-12-21T14:55:05.332Z,ESP32_ENERGY_MONITOR_001,16.73,70.95,0,2.14,217.44,0.01,ok
2025-12-21T15:00:05.332Z,ESP32_ENERGY_MONITOR_001,14.48,72.61,3,2.33,215.58,0.01,ok
2025-12-21T15:05:05.332Z,ESP32_ENERGY_MONITOR_001,13.96,70.63,8,2.24,216.04,0.01,ok
2025-12-21T15:10:05.332Z,ESP32_ENERGY_MONITOR_001,14.62,74.30,4,2.36,215.52,0.01,ok
2025-12-21T15:15:05.332Z,ESP32_ENERGY_MONITOR_001,15.55,73.68,5,1.96,215.01,0.01,ok
2025-12-21T15:20:05.332Z,ESP32_ENERGY_MONITOR_001,14.47,75.17,9,2.51,221.49,0.01,ok
2025-12-21T15:25:05.332Z,ESP32_ENERGY_MONITOR_001,15.06,73.21,3,2.09,215.33,0.01,ok
2025-12-21T15:30:05.332Z,ESP32_ENERGY_MONITOR_001,14.22,70.73,2,1.99,223.48,0.01,ok
2025-12-21T15:35:05.332Z,ESP32_ENERGY_MONITOR_001,14.21,72.38,1,1.90,219.24,0.01,ok
2025-12-21T15:40:05.332Z,ESP32_ENERGY_MONITOR_001,14.04,75.02,7,2.06,217.93,0.01,ok
2025-12-21T15:45:05.332Z,ESP32_ENERGY_MONITOR_001,15.55,75.31,7,2.52,215.25,0.01,ok
2025-12-21T15:50:05.332Z,ESP32_ENERGY_MONITOR_001,14.19,72.97,5,2.00,215.60,0.01,ok
2025-12-21T15:55:05.332Z,ESP32_ENERGY_MONITOR_001,14.51,72.48,0,2.20,220.70,0.01,ok
2025-12-21T16:00:05.332Z,ESP32_ENERGY_MONITOR_001,13.71,72.16,3,2.27,216.47,0.01,ok
2025-12-21T16:05:05.332Z,ESP32_ENERGY_MONITOR_001,13.59,74.98,7,2.49,220.82,0.01,ok
2025-12-21T16:10:05.332Z,ESP32_ENERGY_MONITOR_001,13.21,74.54,0,2.03,221.05,0.01,ok
2025-12-21T16:15:05.332Z,ESP32_ENERGY_MONITOR_001,14.18,74.75,7,2.13,224.50,0.01,ok
2025-12-21T16:20:05.332Z,ESP32_ENERGY_MONITOR_001,13.33,76.05,9,2.22,223.30,0.01,ok
2025-12-21T16:25:05.332Z,ESP32_ENERGY_MONITOR_001,13.51,74.57,2,2.01,223.87,0.01,ok
2025-12-21T16:30:05.332Z,ESP32_ENERGY_MONITOR_001,13.94,75.05,9,2.21,220.47,0.01,ok
2025-12-21T16:35:05.332Z,ESP32_ENERGY_MONITOR_001,14.87,76.91,8,2.10,219.00,0.01,ok
2025-12-21T16:40:05.332Z,ESP32_ENERGY_MONITOR_001,14.01,73.20,8,2.37,216.77,0.01,ok
2025-12-21T16:45:05.332Z,ESP32_ENERGY_MONITOR_001,14.94,76.29,7,2.18,222.65,0.01,ok
2025-12-21T16:50:05.332Z,ESP32_ENERGY_MONITOR_001,13.85,73.25,4,2.36,223.26,0.01,ok
2025-12-21T16:55:05.332Z,ESP32_ENERGY_MONITOR_001,13.30,74.54,6,2.18,216.95,0.01,ok
2025-12-21T17:00:05.332Z,ESP32_ENERGY_MONITOR_001,14.95,73.62,1,1.87,224.94,0.01,ok
2025-12-21T17:05:05.332Z,ESP32_ENERGY_MONITOR_001,14.05,72.53,4,2.17,215.20,0.01,ok
2025-12-21T17:10:05.332Z,ESP32_ENERGY_MONITOR_001,14.04,73.44,6,2.38,216.66,0.01,ok
2025-12-21T17:15:05.332Z,ESP32_ENERGY_MONITOR_001,14.73,77.20,3,2.26,220.71,0.01,ok
2025-12-21T17:20:05.332Z,ESP32_ENERGY_MONITOR_001,14.59,76.65,1,1.84,220.85,0.01,ok
2025-12-21T17:25:05.332Z,ESP32_ENERGY_MONITOR_001,13.97,76.33,7,2.28,223.66,0.01,ok
2025-12-21T17:30:05.332Z,ESP32_ENERGY_MONITOR_001,13.92,72.71,9,2.12,218.57,0.01,ok
2025-12-21T17:35:05.332Z,ESP32_ENERGY_MONITOR_001,13.05,74.69,0,2.19,223.90,0.01,ok
2025-12-21T17:40:05.332Z,ESP32_ENERGY_MONITOR_001,13.36,74.72,7,2.24,216.96,0.01,ok
2025-12-21T17:45:05.332Z,ESP32_ENERGY_MONITOR_001,14.71,74.53,3,1.99,224.86,0.01,ok
2025-12-21T17:50:05.332Z,ESP32_ENERGY_MONITOR_001,13.88,74.22,1,1.96,216.70,0.01,ok
2025-12-21T17:55:05.332Z,ESP32_ENERGY_MONITOR_001,13.79,75.56,8,2.26,223.42,0.01,ok
2025-12-21T18:00:05.332Z,ESP32_ENERGY_MONITOR_001,14.92,74.81,0,1.90,215.37,0.01,ok
2025-12-21T18:05:05.332Z,ESP32_ENERGY_MONITOR_001,14.88,76.32,8,2.20,224.93,0.01,ok
2025-12-21T18:10:05.332Z,ESP32_ENERGY_MONITOR_001,14.02,73.48,2,2.03,220.66,0.01,ok
2025-12-21T18:15:05.332Z,ESP32_ENERGY_MONITOR_001,14.72,73.39,9,2.33,222.58,0.01,ok
2025-12-21T18:20:05.332Z,ESP32_ENERGY_MONITOR_001,13.33,73.14,3,1.94,223.09,0.01,ok
2025-12-21T18:25:05.332Z,ESP32_ENERGY_MONITOR_001,14.79,75.69,2,2.15,224.23,0.01,ok
2025-12-21T18:30:05.332Z,ESP32_ENERGY_MONITOR_001,13.40,74.39,4,2.34,217.49,0.01,ok
2025-12-21T18:35:05.332Z,ESP32_ENERGY_MONITOR_001,13.49,75.43,6,2.19,215.73,0.01,ok
2025-12-21T18:40:05.332Z,ESP32_ENERGY_MONITOR_001,14.19,74.96,3,2.32,222.36,0.01,ok
2025-12-21T18:45:05.332Z,ESP32_ENERGY_MONITOR_001,13.73,74.98,6,2.06,217.25,0.01,ok
2025-12-21T18:50:05.332Z,ESP32_ENERGY_MONITOR_001,13.98,76.15,2,1.97,224.35,0.01,ok
2025-12-21T18:55:05.332Z,ESP32_ENERGY_MONITOR_001,14.55,76.28,7,2.14,216.58,0.01,ok
2025-12-21T19:00:05.332Z,ESP32_ENERGY_MONITOR_001,14.96,72.47,3,1.91,221.15,0.01,ok
2025-12-21T19:05:05.332Z,ESP32_ENERGY_MONITOR_001,14.95,72.82,8,2.35,224.90,0.01,ok
2025-12-21T19:10:05.332Z,ESP32_ENERGY_MONITOR_001,14.77,74.58,5,1.95,220.51,0.01,ok
2025-12-21T19:15:05.332Z,ESP32_ENERGY_MONITOR_001,15.68,73.90,9,2.35,218.71,0.01,ok
2025-12-21T19:20:05.332Z,ESP32_ENERGY_MONITOR_001,15.80,71.61,7,2.06,223.39,0.01,ok
2025-12-21T19:25:05.332Z,ESP32_ENERGY_MONITOR_001,14.88,74.25,6,2.24,217.09,0.01,ok
2025-12-21T19:30:05.332Z,ESP32_ENERGY_MONITOR_001,15.69,73.82,6,2.04,222.21,0.01,ok
2025-12-21T19:35:05.332Z,ESP32_ENERGY_MONITOR_001,13.82,74.63,2,2.31,223.22,0.01,ok
2025-12-21T19:40:05.332Z,ESP32_ENERGY_MONITOR_001,14.38,74.96,4,2.01,221.28,0.01,ok
2025-12-21T19:45:05.332Z,ESP32_ENERGY_MONITOR_001,15.07,71.09,7,2.44,218.80,0.01,ok
2025-12-21T19:50:05.332Z,ESP32_ENERGY_MONITOR_001,13.95,72.12,5,2.04,224.18,0.01,ok
2025-12-21T19:55:05.332Z,ESP32_ENERGY_MONITOR_001,14.14,74.25,7,2.05,218.99,0.01,ok
2025-12-21T20:00:05.332Z,ESP32_ENERGY_MONITOR_001,16.22,69.05,4,2.16,223.51,0.01,ok
2025-12-21T20:05:05.332Z,ESP32_ENERGY_MONITOR_001,16.62,72.21,0,1.94,220.32,0.01,ok
2025-12-21T20:10:05.332Z,ESP32_ENERGY_MONITOR_001,16.21,70.07,9,2.13,220.45,0.01,ok
2025-12-21T20:15:05.332Z,ESP32_ENERGY_MONITOR_001,16.23,71.03,6,2.48,216.80,0.01,ok
2025-12-21T20:20:05.332Z,ESP32_ENERGY_MONITOR_001,15.56,70.79,7,2.26,222.37,0.01,ok
2025-12-21T20:25:05.332Z,ESP32_ENERGY_MONITOR_001,16.35,69.18,9,2.45,217.09,0.01,ok
2025-12-21T20:30:05.332Z,ESP32_ENERGY_MONITOR_001,15.08,68.66,4,2.13,222.95,0.01,ok
2025-12-21T20:35:05.332Z,ESP32_ENERGY_MONITOR_001,15.19,71.28,8,2.32,219.25,0.01,ok
2025-12-21T20:40:05.332Z,ESP32_ENERGY_MONITOR_001,15.39,71.96,6,2.43,220.58,0.01,ok
2025-12-21T20:45:05.332Z,ESP32_ENERGY_MONITOR_001,16.44,68.36,5,2.41,218.11,0.01,ok
2025-12-21T20:50:05.332Z,ESP32_ENERGY_MONITOR_001,15.37,71.07,6,2.15,215.86,0.01,ok
2025-12-21T20:55:05.332Z,ESP32_ENERGY_MONITOR_001,15.48,70.39,7,2.45,219.41,0.01,ok
2025-12-21T21:00:05.332Z,ESP32_ENERGY_MONITOR_001,17.68,66.88,1,1.91,219.77,0.01,ok
2025-12-21T21:05:05.332Z,ESP32_ENERGY_MONITOR_001,16.38,67.44,5,2.34,223.96,0.01,ok
2025-12-21T21:10:05.332Z,ESP32_ENERGY_MONITOR_001,16.97,66.30,0,1.83,215.50,0.01,ok
2025-12-21T21:15:05.332Z,ESP32_ENERGY_MONITOR_001,16.41,67.19,6,2.31,216.89,0.01,ok
2025-12-21T21:20:05.332Z,ESP32_ENERGY_MONITOR_001,17.00,69.07,6,2.12,216.92,0.01,ok
2025-12-21T21:25:05.332Z,ESP32_ENERGY_MONITOR_001,17.11,67.00,7,2.04,217.73,0.01,ok
2025-12-21T21:30:05.332Z,ESP32_ENERGY_MONITOR_001,17.00,65.59,5,2.05,216.08,0.01,ok
2025-12-21T21:35:05.332Z,ESP32_ENERGY_MONITOR_001,17.77,66.31,8,2.50,215.28,0.01,ok
2025-12-21T21:40:05.332Z,ESP32_ENERGY_MONITOR_001,16.85,69.22,1,1.96,218.04,0.01,ok
2025-12-21T21:45:05.332Z,ESP32_ENERGY_MONITOR_001,16.66,68.42,8,2.10,217.48,0.01,ok
2025-12-21T21:50:05.332Z,ESP32_ENERGY_MONITOR_001,17.24,69.52,1,2.22,222.83,0.01,ok
2025-12-21T21:55:05.332Z,ESP32_ENERGY_MONITOR_001,17.59,67.79,6,2.11,223.58,0.01,ok
2025-12-21T22:00:05.332Z,ESP32_ENERGY_MONITOR_001,17.97,65.46,3,2.11,221.87,0.01,ok
2025-12-21T22:05:05.332Z,ESP32_ENERGY_MONITOR_001,17.85,66.17,1,2.00,222.21,0.01,ok
2025-12-21T22:10:05.332Z,ESP32_ENERGY_MONITOR_001,17.85,66.28,4,2.15,224.68,0.01,ok
2025-12-21T22:15:05.332Z,ESP32_ENERGY_MONITOR_001,19.42,61.68,3,2.26,218.10,0.01,ok
2025-12-21T22:20:05.332Z,ESP32_ENERGY_MONITOR_001,18.97,61.50,4,2.11,220.17,0.01,ok
2025-12-21T22:25:05.332Z,ESP32_ENERGY_MONITOR_001,17.73,64.46,2,2.15,223.23,0.01,ok
2025-12-21T22:30:05.332Z,ESP32_ENERGY_MONITOR_001,18.62,63.96,9,2.29,217.94,0.01,ok
2025-12-21T22:35:05.332Z,ESP32_ENERGY_MONITOR_001,18.11,62.52,0,2.16,224.91,0.01,ok
2025-12-21T22:40:05.332Z,ESP32_ENERGY_MONITOR_001,19.18,64.14,5,2.05,223.19,0.01,ok
2025-12-21T22:45:05.332Z,ESP32_ENERGY_MONITOR_001,17.85,65.98,5,2.33,224.12,0.01,ok
2025-12-21T22:50:05.332Z,ESP32_ENERGY_MONITOR_001,17.53,65.34,1,2.19,217.96,0.01,ok
2025-12-21T22:55:05.332Z,ESP32_ENERGY_MONITOR_001,18.04,65.81,7,2.25,224.98,0.01,ok
2025-12-21T23:00:05.332Z,ESP32_ENERGY_MONITOR_001,19.70,61.13,7,2.19,217.47,0.01,ok
2025-12-21T23:05:05.332Z,ESP32_ENERGY_MONITOR_001,20.60,59.05,1,2.12,219.85,0.01,ok
2025-12-21T23:10:05.332Z,ESP32_ENERGY_MONITOR_001,20.96,57.94,3,2.36,224.83,0.01,ok
2025-12-21T23:15:05.332Z,ESP32_ENERGY_MONITOR_001,20.62,60.96,9,2.41,224.96,0.01,ok
2025-12-21T23:20:05.332Z,ESP32_ENERGY_MONITOR_001,19.55,57.96,8,2.43,216.50,0.01,ok
2025-12-21T23:25:05.332Z,ESP32_ENERGY_MONITOR_001,20.04,59.63,8,2.39,216.47,0.01,ok
2025-12-21T23:30:05.332Z,ESP32_ENERGY_MONITOR_001,20.84,58.71,7,2.52,223.69,0.01,ok
2025-12-21T23:35:05.332Z,ESP32_ENERGY_MONITOR_001,20.23,57.84,2,2.24,223.49,0.01,ok
2025-12-21T23:40:05.332Z,ESP32_ENERGY_MONITOR_001,20.17,62.04,0,2.18,223.03,0.01,ok
2025-12-21T23:45:05.332Z,ESP32_ENERGY_MONITOR_001,20.96,58.98,1,2.28,223.55,0.01,ok
2025-12-21T23:50:05.332Z,ESP32_ENERGY_MONITOR_001,20.30,58.28,7,2.32,223.63,0.01,ok
2025-12-21T23:55:05.332Z,ESP32_ENERGY_MONITOR_001,20.27,60.49,5,2.02,222.50,0.01,ok
2025-12-22T00:00:05.332Z,ESP32_ENERGY_MONITOR_001,21.46,54.28,4,1.98,219.16,0.01,ok
2025-12-22T00:05:05.332Z,ESP32_ENERGY_MONITOR_001,21.84,58.23,1,1.82,224.16,0.01,ok
2025-12-22T00:10:05.332Z,ESP32_ENERGY_MONITOR_001,21.03,56.43,3,2.36,221.37,0.01,ok
2025-12-22T00:15:05.332Z,ESP32_ENERGY_MONITOR_001,21.01,55.78,9,2.35,223.89,0.01,ok
2025-12-22T00:20:05.332Z,ESP32_ENERGY_MONITOR_001,22.05,54.81,1,1.97,223.94,0.01,ok
2025-12-22T00:25:05.332Z,ESP32_ENERGY_MONITOR_001,21.34,55.83,8,2.15,217.90,0.01,ok
2025-12-22T00:30:05.332Z,ESP32_ENERGY_MONITOR_001,21.92,55.64,9,2.54,223.43,0.01,ok
2025-12-22T00:35:05.332Z,ESP32_ENERGY_MONITOR_001,22.46,58.47,6,2.31,220.18,0.01,ok
2025-12-22T00:40:05.332Z,ESP32_ENERGY_MONITOR_001,21.39,55.92,1,2.18,220.88,0.01,ok
2025-12-22T00:45:05.332Z,ESP32_ENERGY_MONITOR_001,20.65,54.19,8,2.42,222.86,0.01,ok
2025-12-22T00:50:05.332Z,ESP32_ENERGY_MONITOR_001,20.75,56.80,7,2.44,224.06,0.01,ok
2025-12-22T00:55:05.332Z,ESP32_ENERGY_MONITOR_001,21.44,55.86,2,2.05,223.83,0.01,ok
2025-12-22T01:00:05.332Z,ESP32_ENERGY_MONITOR_001,22.82,54.98,17,2.46,221.24,0.01,ok
2025-12-22T01:05:05.332Z,ESP32_ENERGY_MONITOR_001,23.62,53.86,15,2.47,223.24,0.01,ok
2025-12-22T01:10:05.332Z,ESP32_ENERGY_MONITOR_001,23.68,54.52,16,2.52,219.65,0.01,ok
2025-12-22T01:15:05.332Z,ESP32_ENERGY_MONITOR_001,22.10,53.34,21,2.88,224.54,0.01,ok
2025-12-22T01:20:05.332Z,ESP32_ENERGY_MONITOR_001,23.19,53.76,21,2.91,223.11,0.01,ok
2025-12-22T01:25:05.332Z,ESP32_ENERGY_MONITOR_001,22.44,53.86,16,2.86,221.43,0.01,ok
2025-12-22T01:30:05.332Z,ESP32_ENERGY_MONITOR_001,22.51,52.97,23,2.77,216.19,0.01,ok
2025-12-22T01:35:05.332Z,ESP32_ENERGY_MONITOR_001,23.31,53.84,16,2.73,217.28,0.01,ok
2025-12-22T01:40:05.332Z,ESP32_ENERGY_MONITOR_001,22.32,53.71,21,2.91,217.03,0.01,ok
2025-12-22T01:45:05.332Z,ESP32_ENERGY_MONITOR_001,22.88,53.79,19,2.66,215.44,0.01,ok
2025-12-22T01:50:05.332Z,ESP32_ENERGY_MONITOR_001,22.90,52.05,17,2.82,219.29,0.01,ok
2025-12-22T01:55:05.332Z,ESP32_ENERGY_MONITOR_001,23.90,50.99,23,3.17,218.96,0.01,ok
2025-12-22T02:00:05.332Z,ESP32_ENERGY_MONITOR_001,25.01,48.25,27,3.17,221.02,0.01,ok
2025-12-22T02:05:05.332Z,ESP32_ENERGY_MONITOR_001,25.10,50.62,27,3.43,221.88,0.02,ok
2025-12-22T02:10:05.332Z,ESP32_ENERGY_MONITOR_001,25.23,51.04,26,3.34,224.38,0.02,ok
2025-12-22T02:15:05.332Z,ESP32_ENERGY_MONITOR_001,23.63,48.83,28,3.23,218.92,0.01,ok
2025-12-22T02:20:05.332Z,ESP32_ENERGY_MONITOR_001,23.60,47.98,24,2.96,216.14,0.01,ok
2025-12-22T02:25:05.332Z,ESP32_ENERGY_MONITOR_001,25.16,48.16,28,3.38,222.06,0.02,ok
2025-12-22T02:30:05.332Z,ESP32_ENERGY_MONITOR_001,24.78,47.22,29,3.31,217.09,0.02,ok
2025-12-22T02:35:05.332Z,ESP32_ENERGY_MONITOR_001,24.66,49.24,26,3.11,215.45,0.01,ok
2025-12-22T02:40:05.332Z,ESP32_ENERGY_MONITOR_001,23.90,50.75,20,2.70,216.63,0.01,ok
2025-12-22T02:45:05.332Z,ESP32_ENERGY_MONITOR_001,24.21,51.52,21,2.66,215.72,0.01,ok
2025-12-22T02:50:05.332Z,ESP32_ENERGY_MONITOR_001,23.92,47.09,29,3.14,216.58,0.01,ok
2025-12-22T02:55:05.332Z,ESP32_ENERGY_MONITOR_001,24.46,47.82,27,3.28,220.52,0.01,ok
2025-12-22T03:00:05.332Z,ESP32_ENERGY_MONITOR_001,24.37,49.20,32,3.38,224.64,0.02,ok
2025-12-22T03:05:05.332Z,ESP32_ENERGY_MONITOR_001,24.37,49.04,26,3.34,215.84,0.02,ok
2025-12-22T03:10:05.332Z,ESP32_ENERGY_MONITOR_001,24.82,47.94,28,3.52,215.70,0.02,ok
2025-12-22T03:15:05.332Z,ESP32_ENERGY_MONITOR_001,24.24,47.66,26,2.88,220.15,0.01,ok
2025-12-22T03:20:05.332Z,ESP32_ENERGY_MONITOR_001,24.80,44.52,33,3.71,217.98,0.02,ok
2025-12-22T03:25:05.332Z,ESP32_ENERGY_MONITOR_001,24.69,45.09,27,3.27,218.06,0.01,ok
2025-12-22T03:30:05.332Z,ESP32_ENERGY_MONITOR_001,26.17,48.39,29,3.72,221.03,0.02,ok
2025-12-22T03:35:05.332Z,ESP32_ENERGY_MONITOR_001,24.93,44.57,25,3.15,218.34,0.01,ok
2025-12-22T03:40:05.332Z,ESP32_ENERGY_MONITOR_001,25.12,47.46,28,3.22,215.80,0.01,ok
2025-12-22T03:45:05.332Z,ESP32_ENERGY_MONITOR_001,25.46,45.87,24,3.20,221.42,0.01,ok
2025-12-22T03:50:05.332Z,ESP32_ENERGY_MONITOR_001,25.47,45.74,33,3.87,219.93,0.02,ok
2025-12-22T03:55:05.332Z,ESP32_ENERGY_MONITOR_001,25.06,46.51,30,3.71,223.10,0.02,ok
2025-12-22T04:00:05.332Z,ESP32_ENERGY_MONITOR_001,25.34,45.90,34,3.87,222.31,0.02,ok
2025-12-22T04:05:05.332Z,ESP32_ENERGY_MONITOR_001,25.93,45.70,35,4.15,222.61,0.02,ok
2025-12-22T04:10:05.332Z,ESP32_ENERGY_MONITOR_001,26.76,45.77,34,4.11,218.80,0.02,ok
2025-12-22T04:15:05.332Z,ESP32_ENERGY_MONITOR_001,26.73,43.14,29,3.91,223.40,0.02,ok
2025-12-22T04:20:05.332Z,ESP32_ENERGY_MONITOR_001,26.07,47.83,28,3.88,222.12,0.02,ok
2025-12-22T04:25:05.332Z,ESP32_ENERGY_MONITOR_001,25.83,45.91,33,3.63,215.12,0.02,ok
2025-12-22T04:30:05.332Z,ESP32_ENERGY_MONITOR_001,25.86,46.57,27,3.48,215.58,0.02,ok
2025-12-22T04:35:05.332Z,ESP32_ENERGY_MONITOR_001,26.00,44.80,36,4.07,222.60,0.02,ok
2025-12-22T04:40:05.332Z,ESP32_ENERGY_MONITOR_001,25.66,44.96,35,3.74,217.68,0.02,ok
2025-12-22T04:45:05.332Z,ESP32_ENERGY_MONITOR_001,26.68,44.02,28,3.85,219.72,0.02,ok
2025-12-22T04:50:05.332Z,ESP32_ENERGY_MONITOR_001,25.45,44.37,33,3.63,216.12,0.02,ok
2025-12-22T04:55:05.332Z,ESP32_ENERGY_MONITOR_001,24.86,44.11,35,3.59,222.51,0.02,ok
2025-12-22T05:00:05.332Z,ESP32_ENERGY_MONITOR_001,26.27,44.37,35,4.14,224.38,0.02,ok
2025-12-22T05:05:05.332Z,ESP32_ENERGY_MONITOR_001,25.21,45.64,37,3.88,223.55,0.02,ok
2025-12-22T05:10:05.332Z,ESP32_ENERGY_MONITOR_001,25.62,44.00,35,3.87,223.63,0.02,ok
2025-12-22T05:15:05.332Z,ESP32_ENERGY_MONITOR_001,25.37,47.04,36,3.90,218.24,0.02,ok
2025-12-22T05:20:05.332Z,ESP32_ENERGY_MONITOR_001,26.93,45.44,31,4.03,222.07,0.02,ok
2025-12-22T05:25:05.332Z,ESP32_ENERGY_MONITOR_001,26.28,44.78,31,4.05,220.02,0.02,ok
2025-12-22T05:30:05.332Z,ESP32_ENERGY_MONITOR_001,25.57,45.80,33,3.75,216.70,0.02,ok
2025-12-22T05:35:05.332Z,ESP32_ENERGY_MONITOR_001,25.54,43.50,33,4.00,217.94,0.02,ok
2025-12-22T05:40:05.332Z,ESP32_ENERGY_MONITOR_001,25.75,45.00,35,4.09,219.32,0.02,ok
2025-12-22T05:45:05.332Z,ESP32_ENERGY_MONITOR_001,26.53,46.73,36,4.34,224.27,0.02,ok
2025-12-22T05:50:05.332Z,ESP32_ENERGY_MONITOR_001,26.18,43.48,29,3.65,216.60,0.02,ok
2025-12-22T05:55:05.332Z,ESP32_ENERGY_MONITOR_001,25.77,45.65,36,4.16,222.57,0.02,ok
2025-12-22T06:00:05.332Z,ESP32_ENERGY_MONITOR_001,25.54,43.38,30,3.89,221.32,0.02,ok
2025-12-22T06:05:05.332Z,ESP32_ENERGY_MONITOR_001,25.30,45.42,29,3.49,217.05,0.02,ok
2025-12-22T06:10:05.332Z,ESP32_ENERGY_MONITOR_001,25.99,47.38,31,3.80,223.14,0.02,ok
2025-12-22T06:15:05.332Z,ESP32_ENERGY_MONITOR_001,26.71,45.19,30,3.83,217.59,0.02,ok
2025-12-22T06:20:05.332Z,ESP32_ENERGY_MONITOR_001,25.72,44.77,37,3.83,223.00,0.02,ok
2025-12-22T06:25:05.332Z,ESP32_ENERGY_MONITOR_001,26.18,47.89,30,4.09,223.93,0.02,ok
2025-12-22T06:30:05.332Z,ESP32_ENERGY_MONITOR_001,26.16,44.81,38,4.34,222.39,0.02,ok
2025-12-22T06:35:05.332Z,ESP32_ENERGY_MONITOR_001,25.65,43.84,35,4.14,217.69,0.02,ok
2025-12-22T06:40:05.332Z,ESP32_ENERGY_MONITOR_001,26.22,44.87,30,4.09,220.44,0.02,ok
2025-12-22T06:45:05.332Z,ESP32_ENERGY_MONITOR_001,25.19,46.48,30,3.39,219.07,0.02,ok
2025-12-22T06:50:05.332Z,ESP32_ENERGY_MONITOR_001,25.99,45.21,34,4.13,216.15,0.02,ok
2025-12-22T06:55:05.332Z,ESP32_ENERGY_MONITOR_001,25.29,45.08,36,3.68,223.87,0.02,ok
2025-12-22T07:00:05.332Z,ESP32_ENERGY_MONITOR_001,24.94,45.83,27,3.21,224.77,0.01,ok
2025-12-22T07:05:05.332Z,ESP32_ENERGY_MONITOR_001,25.21,44.62,31,3.83,219.61,0.02,ok
2025-12-22T07:10:05.332Z,ESP32_ENERGY_MONITOR_001,25.55,47.31,31,3.59,218.39,0.02,ok
2025-12-22T07:15:05.332Z,ESP32_ENERGY_MONITOR_001,24.23,48.30,33,3.40,221.06,0.02,ok
2025-12-22T07:20:05.332Z,ESP32_ENERGY_MONITOR_001,25.40,45.47,35,3.89,220.95,0.02,ok
2025-12-22T07:25:05.332Z,ESP32_ENERGY_MONITOR_001,25.48,46.92,30,3.54,215.48,0.02,ok
2025-12-22T07:30:05.332Z,ESP32_ENERGY_MONITOR_001,26.10,48.59,36,4.31,222.35,0.02,ok
2025-12-22T07:35:05.332Z,ESP32_ENERGY_MONITOR_001,24.23,47.20,30,3.09,223.52,0.01,ok
2025-12-22T07:40:05.332Z,ESP32_ENERGY_MONITOR_001,26.09,48.97,36,3.95,219.05,0.02,ok
2025-12-22T07:45:05.332Z,ESP32_ENERGY_MONITOR_001,24.89,47.43,30,3.62,222.03,0.02,ok
2025-12-22T07:50:05.332Z,ESP32_ENERGY_MONITOR_001,26.05,45.70,34,4.13,217.45,0.02,ok
2025-12-22T07:55:05.332Z,ESP32_ENERGY_MONITOR_001,25.16,48.03,34,3.66,217.94,0.02,ok
2025-12-22T08:00:05.332Z,ESP32_ENERGY_MONITOR_001,24.98,51.24,33,3.65,217.81,0.02,ok
2025-12-22T08:05:05.332Z,ESP32_ENERGY_MONITOR_001,24.21,48.44,30,3.19,221.06,0.01,ok
2025-12-22T08:10:05.332Z,ESP32_ENERGY_MONITOR_001,24.23,49.87,24,3.16,220.39,0.01,ok
2025-12-22T08:15:05.332Z,ESP32_ENERGY_MONITOR_001,23.71,47.10,31,3.36,216.88,0.02,ok
2025-12-22T08:20:05.332Z,ESP32_ENERGY_MONITOR_001,24.60,49.06,24,3.17,217.99,0.01,ok
2025-12-22T08:25:05.332Z,ESP32_ENERGY_MONITOR_001,23.54,51.17,33,3.46,215.83,0.02,ok
2025-12-22T08:30:05.332Z,ESP32_ENERGY_MONITOR_001,23.88,51.85,25,2.86,215.15,0.01,ok
2025-12-22T08:35:05.332Z,ESP32_ENERGY_MONITOR_001,23.35,50.46,31,3.08,215.16,0.01,ok
2025-12-22T08:40:05.332Z,ESP32_ENERGY_MONITOR_001,24.28,49.14,24,3.02,219.40,0.01,ok
2025-12-22T08:45:05.332Z,ESP32_ENERGY_MONITOR_001,25.15,50.83,27,3.58,217.31,0.02,ok
2025-12-22T08:50:05.332Z,ESP32_ENERGY_MONITOR_001,23.51,48.56,28,2.90,216.03,0.01,ok
2025-12-22T08:55:05.332Z,ESP32_ENERGY_MONITOR_001,24.66,48.66,30,3.39,222.45,0.02,ok
2025-12-22T09:00:05.332Z,ESP32_ENERGY_MONITOR_001,22.77,53.85,22,2.86,221.12,0.01,ok
2025-12-22T09:05:05.332Z,ESP32_ENERGY_MONITOR_001,22.81,54.90,23,2.69,220.92,0.01,ok
2025-12-22T09:10:05.332Z,ESP32_ENERGY_MONITOR_001,22.42,50.83,25,2.87,223.19,0.01,ok
2025-12-22T09:15:05.332Z,ESP32_ENERGY_MONITOR_001,23.00,50.56,24,2.98,217.99,0.01,ok
2025-12-22T09:20:05.332Z,ESP32_ENERGY_MONITOR_001,22.46,54.73,24,2.82,223.13,0.01,ok
2025-12-22T09:25:05.332Z,ESP32_ENERGY_MONITOR_001,22.75,52.43,28,3.32,223.20,0.02,ok
2025-12-22T09:30:05.332Z,ESP32_ENERGY_MONITOR_001,23.78,53.70,24,3.02,216.27,0.01,ok
2025-12-22T09:35:05.332Z,ESP32_ENERGY_MONITOR_001,22.25,53.91,21,2.85,215.12,0.01,ok
2025-12-22T09:40:05.332Z,ESP32_ENERGY_MONITOR_001,23.66,50.08,22,3.05,225.00,0.01,ok
2025-12-22T09:45:05.332Z,ESP32_ENERGY_MONITOR_001,22.76,51.84,20,2.76,218.37,0.01,ok
2025-12-22T09:50:05.332Z,ESP32_ENERGY_MONITOR_001,23.94,52.99,29,3.26,219.34,0.01,ok
2025-12-22T09:55:05.332Z,ESP32_ENERGY_MONITOR_001,22.39,50.79,29,3.21,222.68,0.01,ok
2025-12-22T10:00:05.332Z,ESP32_ENERGY_MONITOR_001,21.82,54.29,15,2.67,223.31,0.01,ok
2025-12-22T10:05:05.332Z,ESP32_ENERGY_MONITOR_001,22.36,55.83,20,2.91,220.38,0.01,ok
2025-12-22T10:10:05.332Z,ESP32_ENERGY_MONITOR_001,21.56,57.11,17,2.78,219.69,0.01,ok
2025-12-22T10:15:05.332Z,ESP32_ENERGY_MONITOR_001,21.34,57.93,24,3.10,224.24,0.01,ok
2025-12-22T10:20:05.332Z,ESP32_ENERGY_MONITOR_001,22.51,57.87,17,2.76,219.44,0.01,ok
2025-12-22T10:25:05.332Z,ESP32_ENERGY_MONITOR_001,20.92,55.54,24,3.05,223.43,0.01,ok
2025-12-22T10:30:05.332Z,ESP32_ENERGY_MONITOR_001,22.42,57.15,19,2.63,216.69,0.01,ok
2025-12-22T10:35:05.332Z,ESP32_ENERGY_MONITOR_001,22.39,55.46,23,3.10,215.19,0.01,ok
2025-12-22T10:40:05.332Z,ESP32_ENERGY_MONITOR_001,21.91,56.73,17,2.73,221.18,0.01,ok
2025-12-22T10:45:05.332Z,ESP32_ENERGY_MONITOR_001,21.50,54.15,24,2.99,223.42,0.01,ok
2025-12-22T10:50:05.332Z,ESP32_ENERGY_MONITOR_001,22.23,53.89,20,2.66,215.81,0.01,ok
2025-12-22T10:55:05.332Z,ESP32_ENERGY_MONITOR_001,22.10,55.91,16,2.88,216.76,0.01,ok
2025-12-22T11:00:05.332Z,ESP32_ENERGY_MONITOR_001,20.22,58.89,0,1.94,221.67,0.01,ok
2025-12-22T11:05:05.332Z,ESP32_ENERGY_MONITOR_001,19.03,57.88,0,1.93,222.07,0.01,ok
2025-12-22T11:10:05.332Z,ESP32_ENERGY_MONITOR_001,19.05,58.81,9,2.37,217.21,0.01,ok
2025-12-22T11:15:05.332Z,ESP32_ENERGY_MONITOR_001,19.63,60.08,8,2.22,220.56,0.01,ok
2025-12-22T11:20:05.332Z,ESP32_ENERGY_MONITOR_001,20.06,61.18,1,1.98,215.64,0.01,ok
2025-12-22T11:25:05.332Z,ESP32_ENERGY_MONITOR_001,20.99,58.51,5,2.35,218.52,0.01,ok
2025-12-22T11:30:05.332Z,ESP32_ENERGY_MONITOR_001,20.96,60.67,3,2.08,221.25,0.01,ok
2025-12-22T11:35:05.332Z,ESP32_ENERGY_MONITOR_001,19.33,62.22,7,2.22,217.06,0.01,ok
2025-12-22T11:40:05.332Z,ESP32_ENERGY_MONITOR_001,20.44,59.92,6,2.03,221.76,0.01,ok
2025-12-22T11:45:05.332Z,ESP32_ENERGY_MONITOR_001,20.23,59.20,8,2.14,217.76,0.01,ok
2025-12-22T11:50:05.332Z,ESP32_ENERGY_MONITOR_001,19.64,60.99,1,1.85,221.57,0.01,ok
2025-12-22T11:55:05.332Z,ESP32_ENERGY_MONITOR_001,19.02,61.37,9,2.29,224.01,0.01,ok
2025-12-22T12:00:05.332Z,ESP32_ENERGY_MONITOR_001,18.15,61.60,9,2.56,220.80,0.01,ok
2025-12-22T12:05:05.332Z,ESP32_ENERGY_MONITOR_001,17.90,61.40,6,2.08,216.18,0.01,ok
2025-12-22T12:10:05.332Z,ESP32_ENERGY_MONITOR_001,18.10,64.33,5,1.97,215.84,0.01,ok
2025-12-22T12:15:05.332Z,ESP32_ENERGY_MONITOR_001,19.15,65.41,9,2.30,218.78,0.01,ok
2025-12-22T12:20:05.332Z,ESP32_ENERGY_MONITOR_001,17.54,65.13,6,2.31,217.28,0.01,ok
2025-12-22T12:25:05.332Z,ESP32_ENERGY_MONITOR_001,19.37,65.69,7,2.48,217.63,0.01,ok
2025-12-22T12:30:05.332Z,ESP32_ENERGY_MONITOR_001,19.07,63.94,4,2.09,216.70,0.01,ok
2025-12-22T12:35:05.332Z,ESP32_ENERGY_MONITOR_001,19.33,64.50,2,1.93,217.75,0.01,ok
2025-12-22T12:40:05.332Z,ESP32_ENERGY_MONITOR_001,18.60,61.81,8,2.55,224.69,0.01,ok
2025-12-22T12:45:05.332Z,ESP32_ENERGY_MONITOR_001,17.80,64.97,7,2.36,215.33,0.01,ok
2025-12-22T12:50:05.332Z,ESP32_ENERGY_MONITOR_001,18.01,61.40,2,1.85,220.45,0.01,ok
2025-12-22T12:55:05.332Z,ESP32_ENERGY_MONITOR_001,17.53,63.33,5,2.26,218.51,0.01,ok
2025-12-22T13:00:05.332Z,ESP32_ENERGY_MONITOR_001,17.26,66.96,9,2.52,217.83,0.01,ok
2025-12-22T13:05:05.332Z,ESP32_ENERGY_MONITOR_001,16.49,69.73,7,2.50,215.31,0.01,ok
2025-12-22T13:10:05.332Z,ESP32_ENERGY_MONITOR_001,16.01,68.90,1,1.82,222.49,0.01,ok
2025-12-22T13:15:05.332Z,ESP32_ENERGY_MONITOR_001,17.92,66.63,3,2.16,221.66,0.01,ok
2025-12-22T13:20:05.332Z,ESP32_ENERGY_MONITOR_001,16.18,66.04,9,2.25,215.59,0.01,ok
2025-12-22T13:25:05.332Z,ESP32_ENERGY_MONITOR_001,16.03,69.10,2,2.06,222.34,0.01,ok
2025-12-22T13:30:05.332Z,ESP32_ENERGY_MONITOR_001,16.50,67.57,9,2.34,224.90,0.01,ok
2025-12-22T13:35:05.332Z,ESP32_ENERGY_MONITOR_001,16.22,69.70,7,2.13,216.95,0.01,ok
2025-12-22T13:40:05.332Z,ESP32_ENERGY_MONITOR_001,16.07,66.41,9,2.25,220.23,0.01,ok
2025-12-22T13:45:05.332Z,ESP32_ENERGY_MONITOR_001,17.24,66.54,7,2.36,217.26,0.01,ok
2025-12-22T13:50:05.332Z,ESP32_ENERGY_MONITOR_001,16.63,69.55,4,2.22,217.93,0.01,ok
2025-12-22T13:55:05.332Z,ESP32_ENERGY_MONITOR_001,16.69,68.94,0,2.08,224.55,0.01,ok
2025-12-22T14:00:05.332Z,ESP32_ENERGY_MONITOR_001,15.40,68.76,5,2.34,216.24,0.01,ok
2025-12-22T14:05:05.332Z,ESP32_ENERGY_MONITOR_001,16.11,69.23,9,2.28,222.06,0.01,ok
2025-12-22T14:10:05.332Z,ESP32_ENERGY_MONITOR_001,15.31,72.49,2,2.31,215.65,0.01,ok
2025-12-22T14:15:05.332Z,ESP32_ENERGY_MONITOR_001,14.93,71.73,5,2.02,222.79,0.01,ok
2025-12-22T14:20:05.332Z,ESP32_ENERGY_MONITOR_001,15.38,68.96,1,1.97,218.17,0.01,ok
2025-12-22T14:25:05.332Z,ESP32_ENERGY_MONITOR_001,15.37,70.34,4,2.09,215.32,0.01,ok
2025-12-22T14:30:05.332Z,ESP32_ENERGY_MONITOR_001,15.38,71.96,4,2.32,218.49,0.01,ok
2025-12-22T14:35:05.332Z,ESP32_ENERGY_MONITOR_001,16.69,70.94,4,2.31,221.92,0.01,ok
2025-12-22T14:40:05.332Z,ESP32_ENERGY_MONITOR_001,15.85,72.67,3,2.11,222.70,0.01,ok
2025-12-22T14:45:05.332Z,ESP32_ENERGY_MONITOR_001,16.68,69.84,9,2.59,222.18,0.01,ok
2025-12-22T14:50:05.332Z,ESP32_ENERGY_MONITOR_001,14.90,70.93,5,2.24,218.49,0.01,ok
2025-12-22T14:55:05.332Z,ESP32_ENERGY_MONITOR_001,16.07,70.13,8,2.55,220.02,0.01,ok
2025-12-22T15:00:05.332Z,ESP32_ENERGY_MONITOR_001,15.02,75.14,2,1.93,218.07,0.01,ok
2025-12-22T15:05:05.332Z,ESP32_ENERGY_MONITOR_001,15.68,75.21,4,2.12,218.98,0.01,ok
2025-12-22T15:10:05.332Z,ESP32_ENERGY_MONITOR_001,14.89,70.60,4,2.38,216.44,0.01,ok
2025-12-22T15:15:05.332Z,ESP32_ENERGY_MONITOR_001,15.46,71.13,3,2.15,215.21,0.01,ok
2025-12-22T15:20:05.332Z,ESP32_ENERGY_MONITOR_001,15.69,72.53,2,2.05,223.37,0.01,ok
2025-12-22T15:25:05.332Z,ESP32_ENERGY_MONITOR_001,15.21,71.78,4,2.06,215.49,0.01,ok
2025-12-22T15:30:05.332Z,ESP32_ENERGY_MONITOR_001,14.32,72.66,5,2.23,218.83,0.01,ok
2025-12-22T15:35:05.332Z,ESP32_ENERGY_MONITOR_001,15.50,72.92,5,2.41,216.54,0.01,ok
2025-12-22T15:40:05.332Z,ESP32_ENERGY_MONITOR_001,14.82,70.98,8,2.08,220.13,0.01,ok
2025-12-22T15:45:05.332Z,ESP32_ENERGY_MONITOR_001,15.73,71.03,7,2.32,219.40,0.01,ok
2025-12-22T15:50:05.332Z,ESP32_ENERGY_MONITOR_001,13.84,74.18,3,1.98,219.87,0.01,ok
2025-12-22T15:55:05.332Z,ESP32_ENERGY_MONITOR_001,13.87,72.17,2,2.11,220.56,0.01,ok
2025-12-22T16:00:05.332Z,ESP32_ENERGY_MONITOR_001,15.03,73.87,9,2.60,221.38,0.01,ok
2025-12-22T16:05:05.332Z,ESP32_ENERGY_MONITOR_001,15.15,76.02,7,2.15,218.27,0.01,ok
2025-12-22T16:10:05.332Z,ESP32_ENERGY_MONITOR_001,13.86,75.25,8,2.23,221.84,0.01,ok
2025-12-22T16:15:05.332Z,ESP32_ENERGY_MONITOR_001,14.88,72.67,6,2.16,215.50,0.01,ok
2025-12-22T16:20:05.332Z,ESP32_ENERGY_MONITOR_001,14.60,72.10,1,1.89,223.68,0.01,ok
2025-12-22T16:25:05.332Z,ESP32_ENERGY_MONITOR_001,14.17,75.68,2,1.89,217.89,0.01,ok
2025-12-22T16:30:05.332Z,ESP32_ENERGY_MONITOR_001,14.15,75.18,6,2.37,216.30,0.01,ok
2025-12-22T16:35:05.332Z,ESP32_ENERGY_MONITOR_001,13.85,72.49,8,2.50,222.78,0.01,ok
2025-12-22T16:40:05.332Z,ESP32_ENERGY_MONITOR_001,14.84,75.18,7,2.35,218.74,0.01,ok
2025-12-22T16:45:05.332Z,ESP32_ENERGY_MONITOR_001,13.48,76.20,2,2.10,223.97,0.01,ok
2025-12-22T16:50:05.332Z,ESP32_ENERGY_MONITOR_001,13.83,72.60,0,2.20,218.53,0.01,ok
2025-12-22T16:55:05.332Z,ESP32_ENERGY_MONITOR_001,13.90,74.03,7,2.34,216.31,0.01,ok
2025-12-22T17:00:05.332Z,ESP32_ENERGY_MONITOR_001,13.39,72.65,3,2.16,216.15,0.01,ok
2025-12-22T17:05:05.332Z,ESP32_ENERGY_MONITOR_001,13.71,73.98,1,2.11,217.72,0.01,ok
2025-12-22T17:10:05.332Z,ESP32_ENERGY_MONITOR_001,13.11,74.47,5,2.39,219.66,0.01,ok
2025-12-22T17:15:05.332Z,ESP32_ENERGY_MONITOR_001,14.27,76.33,3,2.03,219.73,0.01,ok
2025-12-22T17:20:05.332Z,ESP32_ENERGY_MONITOR_001,13.21,76.37,0,2.07,218.27,0.01,ok
2025-12-22T17:25:05.332Z,ESP32_ENERGY_MONITOR_001,14.00,76.85,7,2.27,216.81,0.01,ok
2025-12-22T17:30:05.332Z,ESP32_ENERGY_MONITOR_001,14.08,75.51,8,2.41,215.40,0.01,ok
2025-12-22T17:35:05.332Z,ESP32_ENERGY_MONITOR_001,13.53,76.53,8,2.08,215.94,0.01,ok
2025-12-22T17:40:05.332Z,ESP32_ENERGY_MONITOR_001,13.90,76.87,5,2.05,216.74,0.01,ok
2025-12-22T17:45:05.332Z,ESP32_ENERGY_MONITOR_001,13.51,75.45,9,2.54,220.66,0.01,ok
2025-12-22T17:50:05.332Z,ESP32_ENERGY_MONITOR_001,14.35,77.26,9,2.35,221.25,0.01,ok
2025-12-22T17:55:05.332Z,ESP32_ENERGY_MONITOR_001,13.96,76.47,7,2.26,221.46,0.01,ok
2025-12-22T18:00:05.332Z,ESP32_ENERGY_MONITOR_001,13.27,72.12,9,2.30,222.72,0.01,ok
2025-12-22T18:05:05.332Z,ESP32_ENERGY_MONITOR_001,14.15,73.55,8,2.30,215.27,0.01,ok
2025-12-22T18:10:05.332Z,ESP32_ENERGY_MONITOR_001,14.94,75.87,6,2.35,218.27,0.01,ok
2025-12-22T18:15:05.332Z,ESP32_ENERGY_MONITOR_001,13.70,73.54,0,2.03,220.51,0.01,ok
2025-12-22T18:20:05.332Z,ESP32_ENERGY_MONITOR_001,15.14,73.25,3,2.26,219.86,0.01,ok
2025-12-22T18:25:05.332Z,ESP32_ENERGY_MONITOR_001,14.08,74.49,9,2.31,221.70,0.01,ok
2025-12-22T18:30:05.332Z,ESP32_ENERGY_MONITOR_001,15.10,72.21,1,2.03,220.99,0.01,ok
2025-12-22T18:35:05.332Z,ESP32_ENERGY_MONITOR_001,14.73,73.30,7,2.33,218.11,0.01,ok
2025-12-22T18:40:05.332Z,ESP32_ENERGY_MONITOR_001,13.83,75.99,1,1.81,224.45,0.01,ok
2025-12-22T18:45:05.332Z,ESP32_ENERGY_MONITOR_001,13.27,76.98,3,2.18,224.43,0.01,ok
2025-12-22T18:50:05.332Z,ESP32_ENERGY_MONITOR_001,14.35,76.79,2,2.29,222.21,0.01,ok
2025-12-22T18:55:05.332Z,ESP32_ENERGY_MONITOR_001,14.01,75.44,1,2.04,219.80,0.01,ok
2025-12-22T19:00:05.332Z,ESP32_ENERGY_MONITOR_001,14.03,73.68,4,2.02,220.16,0.01,ok
2025-12-22T19:05:05.332Z,ESP32_ENERGY_MONITOR_001,14.59,73.04,9,2.56,224.48,0.01,ok
2025-12-22T19:10:05.332Z,ESP32_ENERGY_MONITOR_001,14.33,72.32,0,2.14,222.94,0.01,ok
2025-12-22T19:15:05.332Z,ESP32_ENERGY_MONITOR_001,15.40,75.26,2,1.87,222.78,0.01,ok
2025-12-22T19:20:05.332Z,ESP32_ENERGY_MONITOR_001,14.91,70.99,5,1.97,215.85,0.01,ok
2025-12-22T19:25:05.332Z,ESP32_ENERGY_MONITOR_001,14.39,71.97,8,2.53,221.89,0.01,ok
2025-12-22T19:30:05.332Z,ESP32_ENERGY_MONITOR_001,15.64,72.16,8,2.11,219.70,0.01,ok
2025-12-22T19:35:05.332Z,ESP32_ENERGY_MONITOR_001,14.55,71.11,3,2.37,221.84,0.01,ok
2025-12-22T19:40:05.332Z,ESP32_ENERGY_MONITOR_001,14.44,73.29,2,2.16,224.58,0.01,ok
2025-12-22T19:45:05.332Z,ESP32_ENERGY_MONITOR_001,14.03,74.17,2,1.99,222.81,0.01,ok
2025-12-22T19:50:05.332Z,ESP32_ENERGY_MONITOR_001,14.91,70.61,4,1.93,217.47,0.01,ok
2025-12-22T19:55:05.332Z,ESP32_ENERGY_MONITOR_001,14.77,70.62,7,2.45,223.79,0.01,ok
2025-12-22T20:00:05.332Z,ESP32_ENERGY_MONITOR_001,15.43,72.29,2,2.29,221.71,0.01,ok
2025-12-22T20:05:05.332Z,ESP32_ENERGY_MONITOR_001,16.21,69.13,0,2.19,224.02,0.01,ok
2025-12-22T20:10:05.332Z,ESP32_ENERGY_MONITOR_001,15.01,69.81,8,2.46,223.68,0.01,ok
2025-12-22T20:15:05.332Z,ESP32_ENERGY_MONITOR_001,15.80,69.15,6,2.44,219.62,0.01,ok
2025-12-22T20:20:05.332Z,ESP32_ENERGY_MONITOR_001,16.63,70.30,2,2.02,222.98,0.01,ok
2025-12-22T20:25:05.332Z,ESP32_ENERGY_MONITOR_001,15.20,68.29,9,2.33,220.97,0.01,ok
2025-12-22T20:30:05.332Z,ESP32_ENERGY_MONITOR_001,16.39,69.81,3,2.29,219.54,0.01,ok
2025-12-22T20:35:05.332Z,ESP32_ENERGY_MONITOR_001,14.84,71.49,9,2.57,223.38,0.01,ok
2025-12-22T20:40:05.332Z,ESP32_ENERGY_MONITOR_001,16.40,69.77,6,2.47,220.42,0.01,ok
2025-12-22T20:45:05.332Z,ESP32_ENERGY_MONITOR_001,14.88,69.64,8,2.17,216.74,0.01,ok
2025-12-22T20:50:05.332Z,ESP32_ENERGY_MONITOR_001,15.73,72.57,2,2.05,224.70,0.01,ok
2025-12-22T20:55:05.332Z,ESP32_ENERGY_MONITOR_001,16.02,70.28,8,2.40,221.12,0.01,ok
2025-12-22T21:00:05.332Z,ESP32_ENERGY_MONITOR_001,17.64,66.44,2,2.04,221.44,0.01,ok
2025-12-22T21:05:05.332Z,ESP32_ENERGY_MONITOR_001,16.24,69.67,3,2.14,222.16,0.01,ok
2025-12-22T21:10:05.332Z,ESP32_ENERGY_MONITOR_001,17.32,68.34,0,1.95,222.96,0.01,ok
2025-12-22T21:15:05.332Z,ESP32_ENERGY_MONITOR_001,17.53,65.92,5,2.35,222.84,0.01,ok
2025-12-22T21:20:05.332Z,ESP32_ENERGY_MONITOR_001,17.57,67.83,7,2.18,218.87,0.01,ok
2025-12-22T21:25:05.332Z,ESP32_ENERGY_MONITOR_001,17.30,65.83,4,2.21,223.76,0.01,ok
2025-12-22T21:30:05.332Z,ESP32_ENERGY_MONITOR_001,17.00,69.69,8,2.09,218.62,0.01,ok
2025-12-22T21:35:05.332Z,ESP32_ENERGY_MONITOR_001,16.12,67.80,1,2.25,218.66,0.01,ok
2025-12-22T21:40:05.332Z,ESP32_ENERGY_MONITOR_001,17.13,67.31,6,2.28,223.61,0.01,ok
2025-12-22T21:45:05.332Z,ESP32_ENERGY_MONITOR_001,17.10,67.48,3,2.08,220.23,0.01,ok
2025-12-22T21:50:05.332Z,ESP32_ENERGY_MONITOR_001,17.45,68.36,6,2.48,217.63,0.01,ok
2025-12-22T21:55:05.332Z,ESP32_ENERGY_MONITOR_001,16.70,68.26,5,2.29,222.77,0.01,ok
2025-12-22T22:00:05.332Z,ESP32_ENERGY_MONITOR_001,17.49,63.21,2,2.11,221.16,0.01,ok
2025-12-22T22:05:05.332Z,ESP32_ENERGY_MONITOR_001,18.13,64.77,2,1.90,221.55,0.01,ok
2025-12-22T22:10:05.332Z,ESP32_ENERGY_MONITOR_001,18.24,66.37,1,2.17,216.23,0.01,ok
2025-12-22T22:15:05.332Z,ESP32_ENERGY_MONITOR_001,18.48,62.38,8,2.52,219.49,0.01,ok
2025-12-22T22:20:05.332Z,ESP32_ENERGY_MONITOR_001,18.12,61.80,1,1.86,222.30,0.01,ok
2025-12-22T22:25:05.332Z,ESP32_ENERGY_MONITOR_001,17.84,62.50,0,2.10,220.86,0.01,ok
2025-12-22T22:30:05.332Z,ESP32_ENERGY_MONITOR_001,18.79,66.19,7,2.12,218.52,0.01,ok
2025-12-22T22:35:05.332Z,ESP32_ENERGY_MONITOR_001,18.33,61.75,7,2.45,224.13,0.01,ok
2025-12-22T22:40:05.332Z,ESP32_ENERGY_MONITOR_001,18.38,64.01,2,2.27,224.98,0.01,ok
2025-12-22T22:45:05.332Z,ESP32_ENERGY_MONITOR_001,17.66,66.00,2,2.08,215.62,0.01,ok
2025-12-22T22:50:05.332Z,ESP32_ENERGY_MONITOR_001,18.39,62.48,6,2.00,215.94,0.01,ok
2025-12-22T22:55:05.332Z,ESP32_ENERGY_MONITOR_001,17.52,62.46,7,2.49,216.34,0.01,ok
2025-12-22T23:00:05.332Z,ESP32_ENERGY_MONITOR_001,19.56,58.67,1,2.28,216.50,0.01,ok
2025-12-22T23:05:05.332Z,ESP32_ENERGY_MONITOR_001,20.84,61.35,2,2.12,215.11,0.01,ok
2025-12-22T23:10:05.332Z,ESP32_ENERGY_MONITOR_001,19.50,58.57,6,2.14,218.90,0.01,ok
2025-12-22T23:15:05.332Z,ESP32_ENERGY_MONITOR_001,20.48,60.64,1,2.08,224.34,0.01,ok
2025-12-22T23:20:05.332Z,ESP32_ENERGY_MONITOR_001,20.58,58.73,2,2.02,223.06,0.01,ok
2025-12-22T23:25:05.332Z,ESP32_ENERGY_MONITOR_001,19.09,60.99,7,2.35,223.88,0.01,ok
2025-12-22T23:30:05.332Z,ESP32_ENERGY_MONITOR_001,20.94,62.43,2,1.92,219.19,0.01,ok
2025-12-22T23:35:05.332Z,ESP32_ENERGY_MONITOR_001,20.52,59.97,1,1.87,216.87,0.01,ok
2025-12-22T23:40:05.332Z,ESP32_ENERGY_MONITOR_001,20.92,61.91,4,2.35,215.79,0.01,ok
2025-12-22T23:45:05.332Z,ESP32_ENERGY_MONITOR_001,20.33,60.92,9,2.18,224.39,0.01,ok
2025-12-22T23:50:05.332Z,ESP32_ENERGY_MONITOR_001,19.28,57.63,2,1.92,219.88,0.01,ok
2025-12-22T23:55:05.332Z,ESP32_ENERGY_MONITOR_001,20.07,58.77,1,1.97,217.97,0.01,ok
2025-12-23T00:00:05.332Z,ESP32_ENERGY_MONITOR_001,20.80,56.79,7,2.07,221.48,0.01,ok
2025-12-23T00:05:05.332Z,ESP32_ENERGY_MONITOR_001,21.45,57.82,1,2.26,223.13,0.01,ok
2025-12-23T00:10:05.332Z,ESP32_ENERGY_MONITOR_001,21.09,54.60,5,2.00,216.26,0.01,ok
2025-12-23T00:15:05.332Z,ESP32_ENERGY_MONITOR_001,21.22,55.87,3,2.07,223.90,0.01,ok
2025-12-23T00:20:05.332Z,ESP32_ENERGY_MONITOR_001,20.98,57.55,7,2.15,223.85,0.01,ok
2025-12-23T00:25:05.332Z,ESP32_ENERGY_MONITOR_001,20.56,56.81,9,2.16,215.27,0.01,ok
2025-12-23T00:30:05.332Z,ESP32_ENERGY_MONITOR_001,21.03,55.21,5,2.11,217.21,0.01,ok
2025-12-23T00:35:05.332Z,ESP32_ENERGY_MONITOR_001,21.12,54.27,4,2.37,222.67,0.01,ok
2025-12-23T00:40:05.332Z,ESP32_ENERGY_MONITOR_001,21.31,56.25,1,2.24,219.00,0.01,ok
2025-12-23T00:45:05.332Z,ESP32_ENERGY_MONITOR_001,21.07,56.57,5,2.17,215.73,0.01,ok
2025-12-23T00:50:05.332Z,ESP32_ENERGY_MONITOR_001,20.83,58.07,1,2.23,215.67,0.01,ok
2025-12-23T00:55:05.332Z,ESP32_ENERGY_MONITOR_001,21.30,56.85,1,1.96,219.47,0.01,ok
2025-12-23T01:00:05.332Z,ESP32_ENERGY_MONITOR_001,23.33,50.04,23,3.12,217.77,0.01,ok
2025-12-23T01:05:05.332Z,ESP32_ENERGY_MONITOR_001,23.78,54.54,18,2.63,215.78,0.01,ok
2025-12-23T01:10:05.332Z,ESP32_ENERGY_MONITOR_001,23.52,52.64,15,2.79,223.29,0.01,ok
2025-12-23T01:15:05.332Z,ESP32_ENERGY_MONITOR_001,23.60,51.79,17,2.67,221.87,0.01,ok
2025-12-23T01:20:05.332Z,ESP32_ENERGY_MONITOR_001,22.93,54.79,15,2.44,217.70,0.01,ok
2025-12-23T01:25:05.332Z,ESP32_ENERGY_MONITOR_001,23.23,52.24,20,2.88,216.00,0.01,ok
2025-12-23T01:30:05.332Z,ESP32_ENERGY_MONITOR_001,22.48,54.82,22,2.65,222.21,0.01,ok
2025-12-23T01:35:05.332Z,ESP32_ENERGY_MONITOR_001,22.50,50.72,17,2.80,218.01,0.01,ok
2025-12-23T01:40:05.332Z,ESP32_ENERGY_MONITOR_001,23.00,52.58,18,2.55,220.54,0.01,ok
2025-12-23T01:45:05.332Z,ESP32_ENERGY_MONITOR_001,22.38,53.13,20,2.89,219.72,0.01,ok
2025-12-23T01:50:05.332Z,ESP32_ENERGY_MONITOR_001,23.34,51.52,17,2.58,221.01,0.01,ok
2025-12-23T01:55:05.332Z,ESP32_ENERGY_MONITOR_001,23.65,53.81,21,2.88,220.15,0.01,ok
2025-12-23T02:00:05.332Z,ESP32_ENERGY_MONITOR_001,24.46,47.59,23,3.07,219.47,0.01,ok
2025-12-23T02:05:05.332Z,ESP32_ENERGY_MONITOR_001,23.45,50.33,25,2.94,217.54,0.01,ok
2025-12-23T02:10:05.332Z,ESP32_ENERGY_MONITOR_001,24.94,50.52,27,3.61,218.47,0.02,ok
2025-12-23T02:15:05.332Z,ESP32_ENERGY_MONITOR_001,24.90,49.10,25,3.11,215.33,0.01,ok
2025-12-23T02:20:05.332Z,ESP32_ENERGY_MONITOR_001,24.08,49.99,28,3.32,220.48,0.02,ok
2025-12-23T02:25:05.332Z,ESP32_ENERGY_MONITOR_001,25.21,48.24,20,2.97,224.00,0.01,ok
2025-12-23T02:30:05.332Z,ESP32_ENERGY_MONITOR_001,24.32,48.06,21,2.88,221.22,0.01,ok
2025-12-23T02:35:05.332Z,ESP32_ENERGY_MONITOR_001,24.37,49.92,24,3.24,220.97,0.01,ok
2025-12-23T02:40:05.332Z,ESP32_ENERGY_MONITOR_001,23.94,48.50,27,2.98,224.56,0.01,ok
2025-12-23T02:45:05.332Z,ESP32_ENERGY_MONITOR_001,23.92,48.40,29,3.37,222.62,0.02,ok
2025-12-23T02:50:05.332Z,ESP32_ENERGY_MONITOR_001,24.59,47.72,24,3.15,219.78,0.01,ok
2025-12-23T02:55:05.332Z,ESP32_ENERGY_MONITOR_001,24.49,50.44,25,3.20,217.24,0.01,ok
2025-12-23T03:00:05.332Z,ESP32_ENERGY_MONITOR_001,24.49,47.72,26,3.33,223.47,0.02,ok
2025-12-23T03:05:05.332Z,ESP32_ENERGY_MONITOR_001,25.42,46.07,24,3.20,224.62,0.01,ok
2025-12-23T03:10:05.332Z,ESP32_ENERGY_MONITOR_001,25.04,47.52,31,3.56,221.57,0.02,ok
2025-12-23T03:15:05.332Z,ESP32_ENERGY_MONITOR_001,24.49,44.68,33,3.69,220.21,0.02,ok
2025-12-23T03:20:05.332Z,ESP32_ENERGY_MONITOR_001,26.10,47.02,24,3.51,224.92,0.02,ok
2025-12-23T03:25:05.332Z,ESP32_ENERGY_MONITOR_001,25.71,49.18,31,3.74,221.20,0.02,ok
2025-12-23T03:30:05.332Z,ESP32_ENERGY_MONITOR_001,25.28,48.69,28,3.72,221.13,0.02,ok
2025-12-23T03:35:05.332Z,ESP32_ENERGY_MONITOR_001,25.60,48.36,27,3.69,216.29,0.02,ok
2025-12-23T03:40:05.332Z,ESP32_ENERGY_MONITOR_001,25.94,47.46,27,3.46,222.74,0.02,ok
2025-12-23T03:45:05.332Z,ESP32_ENERGY_MONITOR_001,24.79,45.66,29,3.37,219.76,0.02,ok
2025-12-23T03:50:05.332Z,ESP32_ENERGY_MONITOR_001,25.40,46.52,31,3.74,219.54,0.02,ok
2025-12-23T03:55:05.332Z,ESP32_ENERGY_MONITOR_001,25.49,46.18,28,3.56,217.58,0.02,ok
2025-12-23T04:00:05.332Z,ESP32_ENERGY_MONITOR_001,26.26,43.91,28,3.80,223.79,0.02,ok
2025-12-23T04:05:05.332Z,ESP32_ENERGY_MONITOR_001,25.53,47.16,34,4.02,218.67,0.02,ok
2025-12-23T04:10:05.332Z,ESP32_ENERGY_MONITOR_001,26.47,44.77,29,4.15,219.13,0.02,ok
2025-12-23T04:15:05.332Z,ESP32_ENERGY_MONITOR_001,26.39,44.66,34,4.23,222.08,0.02,ok
2025-12-23T04:20:05.332Z,ESP32_ENERGY_MONITOR_001,26.14,43.35,36,4.19,220.93,0.02,ok
2025-12-23T04:25:05.332Z,ESP32_ENERGY_MONITOR_001,25.21,47.48,31,3.60,216.85,0.02,ok
2025-12-23T04:30:05.332Z,ESP32_ENERGY_MONITOR_001,26.50,45.70,31,4.11,219.72,0.02,ok
2025-12-23T04:35:05.332Z,ESP32_ENERGY_MONITOR_001,25.72,47.20,33,3.97,224.89,0.02,ok
2025-12-23T04:40:05.332Z,ESP32_ENERGY_MONITOR_001,26.15,46.04,33,4.01,218.12,0.02,ok
2025-12-23T04:45:05.332Z,ESP32_ENERGY_MONITOR_001,25.15,47.70,29,3.33,215.49,0.02,ok
2025-12-23T04:50:05.332Z,ESP32_ENERGY_MONITOR_001,26.01,43.63,27,3.66,222.27,0.02,ok
2025-12-23T04:55:05.332Z,ESP32_ENERGY_MONITOR_001,25.19,47.52,27,3.46,219.89,0.02,ok
2025-12-23T05:00:05.332Z,ESP32_ENERGY_MONITOR_001,25.26,45.10,37,4.03,217.79,0.02,ok
2025-12-23T05:05:05.332Z,ESP32_ENERGY_MONITOR_001,25.98,43.50,30,3.97,220.57,0.02,ok
2025-12-23T05:10:05.332Z,ESP32_ENERGY_MONITOR_001,25.51,45.53,30,3.58,223.41,0.02,ok
2025-12-23T05:15:05.332Z,ESP32_ENERGY_MONITOR_001,26.11,42.62,38,4.28,216.21,0.02,ok
2025-12-23T05:20:05.332Z,ESP32_ENERGY_MONITOR_001,25.79,47.41,34,4.13,222.59,0.02,ok
2025-12-23T05:25:05.332Z,ESP32_ENERGY_MONITOR_001,25.42,44.12,33,3.71,221.34,0.02,ok
2025-12-23T05:30:05.332Z,ESP32_ENERGY_MONITOR_001,26.17,43.70,38,3.97,222.98,0.02,ok
2025-12-23T05:35:05.332Z,ESP32_ENERGY_MONITOR_001,25.97,45.43,35,3.91,223.23,0.02,ok
2025-12-23T05:40:05.332Z,ESP32_ENERGY_MONITOR_001,25.16,45.82,34,3.73,222.82,0.02,ok
2025-12-23T05:45:05.332Z,ESP32_ENERGY_MONITOR_001,25.10,44.14,29,3.53,216.65,0.02,ok
2025-12-23T05:50:05.332Z,ESP32_ENERGY_MONITOR_001,26.10,43.91,30,3.98,222.10,0.02,ok
2025-12-23T05:55:05.332Z,ESP32_ENERGY_MONITOR_001,25.87,44.64,32,4.05,224.70,0.02,ok
2025-12-23T06:00:05.332Z,ESP32_ENERGY_MONITOR_001,26.56,46.04,38,4.42,222.04,0.02,ok
2025-12-23T06:05:05.332Z,ESP32_ENERGY_MONITOR_001,25.34,44.99,35,3.63,217.46,0.02,ok
2025-12-23T06:10:05.332Z,ESP32_ENERGY_MONITOR_001,26.48,46.77,32,3.84,215.34,0.02,ok
2025-12-23T06:15:05.332Z,ESP32_ENERGY_MONITOR_001,26.65,45.05,30,3.79,221.49,0.02,ok
2025-12-23T06:20:05.332Z,ESP32_ENERGY_MONITOR_001,25.17,45.37,30,3.42,220.80,0.02,ok
2025-12-23T06:25:05.332Z,ESP32_ENERGY_MONITOR_001,25.92,44.22,32,3.94,218.14,0.02,ok
2025-12-23T06:30:05.332Z,ESP32_ENERGY_MONITOR_001,25.98,44.90,35,3.88,218.12,0.02,ok
2025-12-23T06:35:05.332Z,ESP32_ENERGY_MONITOR_001,26.47,45.30,34,3.99,221.90,0.02,ok
2025-12-23T06:40:05.332Z,ESP32_ENERGY_MONITOR_001,25.87,45.07,32,4.09,223.76,0.02,ok
2025-12-23T06:45:05.332Z,ESP32_ENERGY_MONITOR_001,25.42,46.73,35,3.76,223.07,0.02,ok
2025-12-23T06:50:05.332Z,ESP32_ENERGY_MONITOR_001,24.92,46.31,34,3.87,224.96,0.02,ok
2025-12-23T06:55:05.332Z,ESP32_ENERGY_MONITOR_001,26.33,46.90,29,3.62,223.71,0.02,ok
2025-12-23T07:00:05.332Z,ESP32_ENERGY_MONITOR_001,26.00,46.10,35,4.15,217.25,0.02,ok
2025-12-23T07:05:05.332Z,ESP32_ENERGY_MONITOR_001,25.61,46.46,31,3.58,215.13,0.02,ok
2025-12-23T07:10:05.332Z,ESP32_ENERGY_MONITOR_001,24.70,49.45,32,3.74,216.33,0.02,ok
2025-12-23T07:15:05.332Z,ESP32_ENERGY_MONITOR_001,25.63,46.63,35,3.94,218.11,0.02,ok
2025-12-23T07:20:05.332Z,ESP32_ENERGY_MONITOR_001,25.87,48.73,33,3.87,224.40,0.02,ok
2025-12-23T07:25:05.332Z,ESP32_ENERGY_MONITOR_001,25.18,45.19,33,3.88,220.63,0.02,ok
2025-12-23T07:30:05.332Z,ESP32_ENERGY_MONITOR_001,24.41,49.03,32,3.16,219.64,0.01,ok
2025-12-23T07:35:05.332Z,ESP32_ENERGY_MONITOR_001,25.33,44.93,31,3.50,216.55,0.02,ok
2025-12-23T07:40:05.332Z,ESP32_ENERGY_MONITOR_001,25.55,49.41,33,3.66,217.21,0.02,ok
2025-12-23T07:45:05.332Z,ESP32_ENERGY_MONITOR_001,25.09,46.04,35,3.87,215.44,0.02,ok
2025-12-23T07:50:05.332Z,ESP32_ENERGY_MONITOR_001,25.64,48.33,29,3.47,216.67,0.02,ok
2025-12-23T07:55:05.332Z,ESP32_ENERGY_MONITOR_001,25.01,47.71,36,3.55,222.36,0.02,ok
2025-12-23T08:00:05.332Z,ESP32_ENERGY_MONITOR_001,24.71,48.87,29,3.59,216.53,0.02,ok
2025-12-23T08:05:05.332Z,ESP32_ENERGY_MONITOR_001,23.93,47.59,24,2.87,222.38,0.01,ok
2025-12-23T08:10:05.332Z,ESP32_ENERGY_MONITOR_001,24.97,48.75,28,3.58,215.61,0.02,ok
2025-12-23T08:15:05.332Z,ESP32_ENERGY_MONITOR_001,24.89,50.54,28,3.24,223.95,0.01,ok
2025-12-23T08:20:05.332Z,ESP32_ENERGY_MONITOR_001,24.40,51.74,24,3.16,215.08,0.01,ok
2025-12-23T08:25:05.332Z,ESP32_ENERGY_MONITOR_001,23.51,47.47,33,3.52,219.54,0.02,ok
2025-12-23T08:30:05.332Z,ESP32_ENERGY_MONITOR_001,23.39,49.85,31,3.15,222.28,0.01,ok
2025-12-23T08:35:05.332Z,ESP32_ENERGY_MONITOR_001,25.24,47.78,26,3.55,218.63,0.02,ok
2025-12-23T08:40:05.332Z,ESP32_ENERGY_MONITOR_001,24.59,50.07,27,3.12,224.05,0.01,ok
2025-12-23T08:45:05.332Z,ESP32_ENERGY_MONITOR_001,23.80,47.39,27,3.29,218.70,0.01,ok
2025-12-23T08:50:05.332Z,ESP32_ENERGY_MONITOR_001,24.02,49.41,32,3.18,219.57,0.01,ok
2025-12-23T08:55:05.332Z,ESP32_ENERGY_MONITOR_001,23.27,50.99,29,3.12,219.84,0.01,ok
2025-12-23T09:00:05.332Z,ESP32_ENERGY_MONITOR_001,22.98,53.14,29,3.38,224.01,0.02,ok
2025-12-23T09:05:05.332Z,ESP32_ENERGY_MONITOR_001,22.39,53.74,23,3.01,222.31,0.01,ok
2025-12-23T09:10:05.332Z,ESP32_ENERGY_MONITOR_001,22.82,51.12,24,3.09,215.22,0.01,ok
2025-12-23T09:15:05.332Z,ESP32_ENERGY_MONITOR_001,23.33,54.86,23,2.74,223.92,0.01,ok
2025-12-23T09:20:05.332Z,ESP32_ENERGY_MONITOR_001,23.97,54.41,29,3.36,224.74,0.02,ok
2025-12-23T09:25:05.332Z,ESP32_ENERGY_MONITOR_001,23.31,53.59,28,3.06,224.22,0.01,ok
2025-12-23T09:30:05.332Z,ESP32_ENERGY_MONITOR_001,22.34,50.15,24,2.96,219.28,0.01,ok
2025-12-23T09:35:05.332Z,ESP32_ENERGY_MONITOR_001,22.05,53.65,21,2.78,216.17,0.01,ok
2025-12-23T09:40:05.332Z,ESP32_ENERGY_MONITOR_001,22.36,52.59,22,2.75,224.96,0.01,ok
2025-12-23T09:45:05.332Z,ESP32_ENERGY_MONITOR_001,22.00,54.68,22,2.88,222.45,0.01,ok
2025-12-23T09:50:05.332Z,ESP32_ENERGY_MONITOR_001,22.03,54.42,25,2.85,216.82,0.01,ok
2025-12-23T09:55:05.332Z,ESP32_ENERGY_MONITOR_001,22.70,54.52,26,3.05,220.09,0.01,ok
2025-12-23T10:00:05.332Z,ESP32_ENERGY_MONITOR_001,20.97,55.68,16,2.49,216.44,0.01,ok
2025-12-23T10:05:05.332Z,ESP32_ENERGY_MONITOR_001,22.07,55.44,16,2.39,219.13,0.01,ok
2025-12-23T10:10:05.332Z,ESP32_ENERGY_MONITOR_001,21.67,58.01,17,2.60,215.73,0.01,ok
2025-12-23T10:15:05.332Z,ESP32_ENERGY_MONITOR_001,20.65,54.21,15,2.80,217.08,0.01,ok
2025-12-23T10:20:05.332Z,ESP32_ENERGY_MONITOR_001,21.12,56.35,19,2.81,215.20,0.01,ok
2025-12-23T10:25:05.332Z,ESP32_ENERGY_MONITOR_001,22.35,57.63,16,2.57,221.02,0.01,ok
2025-12-23T10:30:05.332Z,ESP32_ENERGY_MONITOR_001,22.41,55.28,20,2.95,215.80,0.01,ok
2025-12-23T10:35:05.332Z,ESP32_ENERGY_MONITOR_001,20.75,55.15,24,2.91,218.45,0.01,ok
2025-12-23T10:40:05.332Z,ESP32_ENERGY_MONITOR_001,22.23,57.57,23,2.89,223.80,0.01,ok
2025-12-23T10:45:05.332Z,ESP32_ENERGY_MONITOR_001,21.03,56.94,21,3.06,219.59,0.01,ok
2025-12-23T10:50:05.332Z,ESP32_ENERGY_MONITOR_001,21.79,58.56,15,2.67,216.06,0.01,ok
2025-12-23T10:55:05.332Z,ESP32_ENERGY_MONITOR_001,21.61,56.47,21,2.72,219.54,0.01,ok
2025-12-23T11:00:05.332Z,ESP32_ENERGY_MONITOR_001,19.39,58.72,3,2.35,224.59,0.01,ok
2025-12-23T11:05:05.332Z,ESP32_ENERGY_MONITOR_001,20.26,58.55,7,2.21,219.02,0.01,ok
2025-12-23T11:10:05.332Z,ESP32_ENERGY_MONITOR_001,20.72,60.65,4,2.36,224.30,0.01,ok
2025-12-23T11:15:05.332Z,ESP32_ENERGY_MONITOR_001,19.97,61.89,8,2.35,222.10,0.01,ok
2025-12-23T11:20:05.332Z,ESP32_ENERGY_MONITOR_001,19.57,60.87,2,2.32,215.21,0.01,ok
2025-12-23T11:25:05.332Z,ESP32_ENERGY_MONITOR_001,19.04,58.62,9,2.15,221.17,0.01,ok
2025-12-23T11:30:05.332Z,ESP32_ENERGY_MONITOR_001,20.34,60.01,5,2.06,218.58,0.01,ok
2025-12-23T11:35:05.332Z,ESP32_ENERGY_MONITOR_001,19.24,60.02,2,2.22,217.86,0.01,ok
2025-12-23T11:40:05.332Z,ESP32_ENERGY_MONITOR_001,20.17,59.20,7,2.41,218.57,0.01,ok
2025-12-23T11:45:05.332Z,ESP32_ENERGY_MONITOR_001,20.50,62.12,9,2.57,220.11,0.01,ok
2025-12-23T11:50:05.332Z,ESP32_ENERGY_MONITOR_001,19.23,61.19,6,2.22,215.05,0.01,ok
2025-12-23T11:55:05.332Z,ESP32_ENERGY_MONITOR_001,20.57,59.96,6,2.13,215.51,0.01,ok
2025-12-23T12:00:05.332Z,ESP32_ENERGY_MONITOR_001,17.92,66.02,5,2.05,217.66,0.01,ok
2025-12-23T12:05:05.332Z,ESP32_ENERGY_MONITOR_001,18.86,63.52,0,1.97,217.24,0.01,ok
2025-12-23T12:10:05.332Z,ESP32_ENERGY_MONITOR_001,19.18,63.26,6,2.31,224.61,0.01,ok
2025-12-23T12:15:05.332Z,ESP32_ENERGY_MONITOR_001,18.96,61.71,3,1.87,221.01,0.01,ok
2025-12-23T12:20:05.332Z,ESP32_ENERGY_MONITOR_001,17.94,65.97,7,2.37,221.81,0.01,ok
2025-12-23T12:25:05.332Z,ESP32_ENERGY_MONITOR_001,17.67,63.99,9,2.20,221.68,0.01,ok
2025-12-23T12:30:05.332Z,ESP32_ENERGY_MONITOR_001,18.40,65.50,0,2.04,223.21,0.01,ok
2025-12-23T12:35:05.332Z,ESP32_ENERGY_MONITOR_001,18.66,63.79,4,1.94,223.01,0.01,ok
2025-12-23T12:40:05.332Z,ESP32_ENERGY_MONITOR_001,17.45,65.27,5,2.23,221.64,0.01,ok
2025-12-23T12:45:05.332Z,ESP32_ENERGY_MONITOR_001,19.18,62.15,4,1.92,223.07,0.01,ok
2025-12-23T12:50:05.332Z,ESP32_ENERGY_MONITOR_001,17.78,61.60,8,2.38,218.62,0.01,ok
2025-12-23T12:55:05.332Z,ESP32_ENERGY_MONITOR_001,18.98,64.71,3,2.01,222.78,0.01,ok
2025-12-23T13:00:05.332Z,ESP32_ENERGY_MONITOR_001,16.23,65.68,7,2.23,218.93,0.01,ok
2025-12-23T13:05:05.332Z,ESP32_ENERGY_MONITOR_001,16.65,69.86,4,2.29,221.08,0.01,ok
2025-12-23T13:10:05.332Z,ESP32_ENERGY_MONITOR_001,17.19,66.22,6,2.35,218.89,0.01,ok
2025-12-23T13:15:05.332Z,ESP32_ENERGY_MONITOR_001,16.88,67.62,8,2.15,218.49,0.01,ok
2025-12-23T13:20:05.332Z,ESP32_ENERGY_MONITOR_001,17.71,67.72,0,1.78,222.81,0.01,ok
2025-12-23T13:25:05.332Z,ESP32_ENERGY_MONITOR_001,17.42,66.98,4,2.32,224.08,0.01,ok
2025-12-23T13:30:05.332Z,ESP32_ENERGY_MONITOR_001,17.17,68.31,9,2.27,216.44,0.01,ok
2025-12-23T13:35:05.332Z,ESP32_ENERGY_MONITOR_001,16.91,65.11,3,1.91,222.71,0.01,ok
2025-12-23T13:40:05.332Z,ESP32_ENERGY_MONITOR_001,16.94,67.12,5,2.13,216.53,0.01,ok
2025-12-23T13:45:05.332Z,ESP32_ENERGY_MONITOR_001,16.26,69.21,9,2.50,215.45,0.01,ok
2025-12-23T13:50:05.332Z,ESP32_ENERGY_MONITOR_001,16.82,67.32,4,2.15,218.99,0.01,ok
2025-12-23T13:55:05.332Z,ESP32_ENERGY_MONITOR_001,16.30,66.26,5,2.29,215.17,0.01,ok
2025-12-23T14:00:05.332Z,ESP32_ENERGY_MONITOR_001,16.14,68.80,3,2.16,215.15,0.01,ok
2025-12-23T14:05:05.332Z,ESP32_ENERGY_MONITOR_001,15.32,68.39,7,2.11,218.17,0.01,ok
2025-12-23T14:10:05.332Z,ESP32_ENERGY_MONITOR_001,14.85,72.76,9,2.26,223.20,0.01,ok
2025-12-23T14:15:05.332Z,ESP32_ENERGY_MONITOR_001,15.00,72.73,7,2.09,221.94,0.01,ok
2025-12-23T14:20:05.332Z,ESP32_ENERGY_MONITOR_001,16.43,70.67,1,2.29,222.91,0.01,ok
2025-12-23T14:25:05.332Z,ESP32_ENERGY_MONITOR_001,16.26,69.79,6,2.41,219.35,0.01,ok
2025-12-23T14:30:05.332Z,ESP32_ENERGY_MONITOR_001,15.87,68.79,8,2.43,219.07,0.01,ok
2025-12-23T14:35:05.332Z,ESP32_ENERGY_MONITOR_001,16.00,70.53,0,1.84,223.64,0.01,ok
2025-12-23T14:40:05.332Z,ESP32_ENERGY_MONITOR_001,14.79,69.86,9,2.35,223.44,0.01,ok
2025-12-23T14:45:05.332Z,ESP32_ENERGY_MONITOR_001,16.65,68.21,9,2.15,222.68,0.01,ok
2025-12-23T14:50:05.332Z,ESP32_ENERGY_MONITOR_001,15.39,68.39,1,1.80,222.25,0.01,ok
2025-12-23T14:55:05.332Z,ESP32_ENERGY_MONITOR_001,15.48,73.10,0,2.06,217.74,0.01,ok
2025-12-23T15:00:05.332Z,ESP32_ENERGY_MONITOR_001,15.76,75.05,0,2.19,216.49,0.01,ok
2025-12-23T15:05:05.332Z,ESP32_ENERGY_MONITOR_001,15.63,71.36,0,2.12,220.64,0.01,ok
2025-12-23T15:10:05.332Z,ESP32_ENERGY_MONITOR_001,14.47,73.67,2,2.07,220.54,0.01,ok
2025-12-23T15:15:05.332Z,ESP32_ENERGY_MONITOR_001,14.80,75.30,6,2.05,221.75,0.01,ok
2025-12-23T15:20:05.332Z,ESP32_ENERGY_MONITOR_001,15.32,73.74,1,2.28,224.35,0.01,ok
2025-12-23T15:25:05.332Z,ESP32_ENERGY_MONITOR_001,15.14,73.75,4,1.91,224.56,0.01,ok
2025-12-23T15:30:05.332Z,ESP32_ENERGY_MONITOR_001,14.09,70.74,0,1.80,223.80,0.01,ok
2025-12-23T15:35:05.332Z,ESP32_ENERGY_MONITOR_001,15.76,70.65,2,1.87,223.76,0.01,ok
2025-12-23T15:40:05.332Z,ESP32_ENERGY_MONITOR_001,14.33,74.00,0,1.75,220.82,0.01,ok
2025-12-23T15:45:05.332Z,ESP32_ENERGY_MONITOR_001,15.16,74.15,5,2.18,223.53,0.01,ok
2025-12-23T15:50:05.332Z,ESP32_ENERGY_MONITOR_001,14.90,72.82,7,2.30,217.64,0.01,ok
2025-12-23T15:55:05.332Z,ESP32_ENERGY_MONITOR_001,13.88,71.96,1,2.16,216.36,0.01,ok
2025-12-23T16:00:05.332Z,ESP32_ENERGY_MONITOR_001,14.30,76.22,5,2.32,220.80,0.01,ok
2025-12-23T16:05:05.332Z,ESP32_ENERGY_MONITOR_001,13.56,76.49,2,1.94,222.43,0.01,ok
2025-12-23T16:10:05.332Z,ESP32_ENERGY_MONITOR_001,14.54,76.43,3,1.90,223.29,0.01,ok
2025-12-23T16:15:05.332Z,ESP32_ENERGY_MONITOR_001,13.25,76.02,5,2.24,217.57,0.01,ok
2025-12-23T16:20:05.332Z,ESP32_ENERGY_MONITOR_001,14.87,75.41,2,2.04,221.17,0.01,ok
2025-12-23T16:25:05.332Z,ESP32_ENERGY_MONITOR_001,14.42,76.36,9,2.46,222.59,0.01,ok
2025-12-23T16:30:05.332Z,ESP32_ENERGY_MONITOR_001,13.82,75.91,0,1.85,222.15,0.01,ok
2025-12-23T16:35:05.332Z,ESP32_ENERGY_MONITOR_001,13.85,72.46,0,1.91,218.09,0.01,ok
2025-12-23T16:40:05.332Z,ESP32_ENERGY_MONITOR_001,14.59,74.20,6,2.05,216.21,0.01,ok
2025-12-23T16:45:05.332Z,ESP32_ENERGY_MONITOR_001,14.75,73.40,1,1.80,224.70,0.01,ok
2025-12-23T16:50:05.332Z,ESP32_ENERGY_MONITOR_001,15.11,76.08,0,2.18,216.59,0.01,ok
2025-12-23T16:55:05.332Z,ESP32_ENERGY_MONITOR_001,14.19,76.34,2,1.94,223.08,0.01,ok
2025-12-23T17:00:05.332Z,ESP32_ENERGY_MONITOR_001,13.84,75.76,6,2.12,223.85,0.01,ok
2025-12-23T17:05:05.332Z,ESP32_ENERGY_MONITOR_001,13.95,76.95,0,2.07,222.86,0.01,ok
2025-12-23T17:10:05.332Z,ESP32_ENERGY_MONITOR_001,13.23,72.90,9,2.36,223.82,0.01,ok
2025-12-23T17:15:05.332Z,ESP32_ENERGY_MONITOR_001,14.95,75.55,0,1.97,215.98,0.01,ok
2025-12-23T17:20:05.332Z,ESP32_ENERGY_MONITOR_001,13.66,75.28,3,2.01,222.09,0.01,ok
2025-12-23T17:25:05.332Z,ESP32_ENERGY_MONITOR_001,13.63,73.79,8,2.56,222.03,0.01,ok
2025-12-23T17:30:05.332Z,ESP32_ENERGY_MONITOR_001,13.44,73.83,4,2.22,217.88,0.01,ok
2025-12-23T17:35:05.332Z,ESP32_ENERGY_MONITOR_001,14.79,74.97,5,2.04,217.07,0.01,ok
2025-12-23T17:40:05.332Z,ESP32_ENERGY_MONITOR_001,13.62,77.02,9,2.41,218.05,0.01,ok
2025-12-23T17:45:05.332Z,ESP32_ENERGY_MONITOR_001,13.62,75.17,0,2.01,221.28,0.01,ok
2025-12-23T17:50:05.332Z,ESP32_ENERGY_MONITOR_001,14.43,74.27,4,2.07,218.92,0.01,ok
2025-12-23T17:55:05.332Z,ESP32_ENERGY_MONITOR_001,13.56,73.07,8,2.07,223.08,0.01,ok
2025-12-23T18:00:05.332Z,ESP32_ENERGY_MONITOR_001,14.75,74.16,8,2.42,215.63,0.01,ok
2025-12-23T18:05:05.332Z,ESP32_ENERGY_MONITOR_001,14.89,74.26,3,1.89,220.73,0.01,ok
2025-12-23T18:10:05.332Z,ESP32_ENERGY_MONITOR_001,14.09,72.41,8,2.18,220.36,0.01,ok
2025-12-23T18:15:05.332Z,ESP32_ENERGY_MONITOR_001,14.85,73.02,1,2.12,215.72,0.01,ok
2025-12-23T18:20:05.332Z,ESP32_ENERGY_MONITOR_001,14.14,75.03,9,2.28,219.78,0.01,ok
2025-12-23T18:25:05.332Z,ESP32_ENERGY_MONITOR_001,13.54,73.34,2,1.84,218.94,0.01,ok
2025-12-23T18:30:05.332Z,ESP32_ENERGY_MONITOR_001,13.84,74.77,7,2.44,222.95,0.01,ok
2025-12-23T18:35:05.332Z,ESP32_ENERGY_MONITOR_001,14.18,74.85,8,2.36,218.71,0.01,ok
2025-12-23T18:40:05.332Z,ESP32_ENERGY_MONITOR_001,13.53,74.32,2,2.00,215.27,0.01,ok
2025-12-23T18:45:05.332Z,ESP32_ENERGY_MONITOR_001,14.67,72.41,0,1.81,221.14,0.01,ok
2025-12-23T18:50:05.332Z,ESP32_ENERGY_MONITOR_001,13.67,72.06,3,2.31,218.80,0.01,ok
2025-12-23T18:55:05.332Z,ESP32_ENERGY_MONITOR_001,13.86,75.02,5,2.22,218.40,0.01,ok
2025-12-23T19:00:05.332Z,ESP32_ENERGY_MONITOR_001,14.67,75.00,8,2.41,218.63,0.01,ok
2025-12-23T19:05:05.332Z,ESP32_ENERGY_MONITOR_001,14.36,73.91,0,1.78,216.14,0.01,ok
2025-12-23T19:10:05.332Z,ESP32_ENERGY_MONITOR_001,13.94,71.08,4,1.95,224.18,0.01,ok
2025-12-23T19:15:05.332Z,ESP32_ENERGY_MONITOR_001,14.84,73.55,8,2.48,224.27,0.01,ok
2025-12-23T19:20:05.332Z,ESP32_ENERGY_MONITOR_001,15.59,72.79,1,2.21,224.18,0.01,ok
2025-12-23T19:25:05.332Z,ESP32_ENERGY_MONITOR_001,15.72,74.30,5,2.06,224.88,0.01,ok
2025-12-23T19:30:05.332Z,ESP32_ENERGY_MONITOR_001,14.78,71.68,0,2.00,220.18,0.01,ok
2025-12-23T19:35:05.332Z,ESP32_ENERGY_MONITOR_001,14.33,71.41,0,1.81,217.00,0.01,ok
2025-12-23T19:40:05.332Z,ESP32_ENERGY_MONITOR_001,15.10,72.83,4,2.35,216.09,0.01,ok
2025-12-23T19:45:05.332Z,ESP32_ENERGY_MONITOR_001,13.95,71.20,0,2.07,224.01,0.01,ok
2025-12-23T19:50:05.332Z,ESP32_ENERGY_MONITOR_001,15.09,71.98,1,2.20,220.59,0.01,ok
2025-12-23T19:55:05.332Z,ESP32_ENERGY_MONITOR_001,15.73,71.16,0,2.07,223.67,0.01,ok
2025-12-23T20:00:05.332Z,ESP32_ENERGY_MONITOR_001,16.71,72.31,1,2.11,224.54,0.01,ok
2025-12-23T20:05:05.332Z,ESP32_ENERGY_MONITOR_001,15.86,68.47,8,2.12,217.17,0.01,ok
2025-12-23T20:10:05.332Z,ESP32_ENERGY_MONITOR_001,15.03,69.86,8,2.18,222.79,0.01,ok
2025-12-23T20:15:05.332Z,ESP32_ENERGY_MONITOR_001,16.00,70.53,6,2.45,218.19,0.01,ok
2025-12-23T20:20:05.332Z,ESP32_ENERGY_MONITOR_001,14.89,72.10,7,2.28,215.22,0.01,ok
2025-12-23T20:25:05.332Z,ESP32_ENERGY_MONITOR_001,15.72,72.68,2,1.99,222.28,0.01,ok
2025-12-23T20:30:05.332Z,ESP32_ENERGY_MONITOR_001,16.00,70.39,3,2.12,219.49,0.01,ok
2025-12-23T20:35:05.332Z,ESP32_ENERGY_MONITOR_001,16.44,69.79,2,1.92,219.58,0.01,ok
2025-12-23T20:40:05.332Z,ESP32_ENERGY_MONITOR_001,16.15,68.80,7,2.11,222.50,0.01,ok
2025-12-23T20:45:05.332Z,ESP32_ENERGY_MONITOR_001,16.57,72.28,6,2.37,223.77,0.01,ok
2025-12-23T20:50:05.332Z,ESP32_ENERGY_MONITOR_001,15.66,73.06,8,2.53,216.98,0.01,ok
2025-12-23T20:55:05.332Z,ESP32_ENERGY_MONITOR_001,16.44,71.80,0,1.99,215.65,0.01,ok
2025-12-23T21:00:05.332Z,ESP32_ENERGY_MONITOR_001,17.37,67.69,2,2.02,216.10,0.01,ok
2025-12-23T21:05:05.332Z,ESP32_ENERGY_MONITOR_001,16.34,69.41,5,2.01,215.66,0.01,ok
2025-12-23T21:10:05.332Z,ESP32_ENERGY_MONITOR_001,17.60,68.47,4,2.12,225.00,0.01,ok
2025-12-23T21:15:05.332Z,ESP32_ENERGY_MONITOR_001,17.02,68.77,4,1.93,224.29,0.01,ok
2025-12-23T21:20:05.332Z,ESP32_ENERGY_MONITOR_001,17.31,65.29,6,2.03,223.84,0.01,ok
2025-12-23T21:25:05.332Z,ESP32_ENERGY_MONITOR_001,16.89,68.51,6,2.34,220.68,0.01,ok
2025-12-23T21:30:05.332Z,ESP32_ENERGY_MONITOR_001,17.71,67.97,1,2.07,221.83,0.01,ok
2025-12-23T21:35:05.332Z,ESP32_ENERGY_MONITOR_001,17.81,69.30,3,1.94,220.98,0.01,ok
2025-12-23T21:40:05.332Z,ESP32_ENERGY_MONITOR_001,17.62,68.79,4,2.07,218.42,0.01,ok
2025-12-23T21:45:05.332Z,ESP32_ENERGY_MONITOR_001,17.87,65.17,0,2.09,219.11,0.01,ok
2025-12-23T21:50:05.332Z,ESP32_ENERGY_MONITOR_001,16.73,67.52,7,2.10,221.15,0.01,ok
2025-12-23T21:55:05.332Z,ESP32_ENERGY_MONITOR_001,16.52,69.84,7,2.32,219.82,0.01,ok
2025-12-23T22:00:05.332Z,ESP32_ENERGY_MONITOR_001,17.68,65.04,1,1.83,220.44,0.01,ok
2025-12-23T22:05:05.332Z,ESP32_ENERGY_MONITOR_001,19.01,65.48,7,2.48,215.54,0.01,ok
2025-12-23T22:10:05.332Z,ESP32_ENERGY_MONITOR_001,19.37,62.92,1,1.98,220.73,0.01,ok
2025-12-23T22:15:05.332Z,ESP32_ENERGY_MONITOR_001,17.93,65.96,8,2.55,219.26,0.01,ok
2025-12-23T22:20:05.332Z,ESP32_ENERGY_MONITOR_001,18.47,61.85,0,1.98,223.37,0.01,ok
2025-12-23T22:25:05.332Z,ESP32_ENERGY_MONITOR_001,17.65,64.01,5,2.13,215.91,0.01,ok
2025-12-23T22:30:05.332Z,ESP32_ENERGY_MONITOR_001,17.75,64.68,6,2.01,219.04,0.01,ok
2025-12-23T22:35:05.332Z,ESP32_ENERGY_MONITOR_001,17.84,65.35,5,2.29,215.69,0.01,ok
2025-12-23T22:40:05.332Z,ESP32_ENERGY_MONITOR_001,18.41,62.84,1,2.27,223.13,0.01,ok
2025-12-23T22:45:05.332Z,ESP32_ENERGY_MONITOR_001,17.58,61.87,3,1.88,215.14,0.01,ok
2025-12-23T22:50:05.332Z,ESP32_ENERGY_MONITOR_001,18.07,63.17,7,2.37,215.15,0.01,ok
2025-12-23T22:55:05.332Z,ESP32_ENERGY_MONITOR_001,18.20,61.61,7,2.09,216.22,0.01,ok
2025-12-23T23:00:05.332Z,ESP32_ENERGY_MONITOR_001,19.87,60.56,6,2.10,218.39,0.01,ok
2025-12-23T23:05:05.332Z,ESP32_ENERGY_MONITOR_001,20.28,59.46,5,1.97,222.55,0.01,ok
2025-12-23T23:10:05.332Z,ESP32_ENERGY_MONITOR_001,20.33,57.84,1,1.89,224.92,0.01,ok
2025-12-23T23:15:05.332Z,ESP32_ENERGY_MONITOR_001,20.68,60.67,0,2.06,216.61,0.01,ok
2025-12-23T23:20:05.332Z,ESP32_ENERGY_MONITOR_001,19.06,59.68,9,2.27,222.70,0.01,ok
2025-12-23T23:25:05.332Z,ESP32_ENERGY_MONITOR_001,20.51,58.93,8,2.29,223.53,0.01,ok
2025-12-23T23:30:05.332Z,ESP32_ENERGY_MONITOR_001,20.25,62.16,7,2.20,223.55,0.01,ok
2025-12-23T23:35:05.332Z,ESP32_ENERGY_MONITOR_001,20.15,60.78,6,2.42,215.10,0.01,ok
2025-12-23T23:40:05.332Z,ESP32_ENERGY_MONITOR_001,20.63,58.10,9,2.40,216.77,0.01,ok
2025-12-23T23:45:05.332Z,ESP32_ENERGY_MONITOR_001,20.11,61.46,3,2.12,221.50,0.01,ok
2025-12-23T23:50:05.332Z,ESP32_ENERGY_MONITOR_001,20.56,58.25,5,2.10,221.69,0.01,ok
2025-12-23T23:55:05.332Z,ESP32_ENERGY_MONITOR_001,19.19,60.35,7,2.41,219.79,0.01,ok
2025-12-24T00:00:05.332Z,ESP32_ENERGY_MONITOR_001,21.05,54.12,3,2.06,217.05,0.01,ok
2025-12-24T00:05:05.332Z,ESP32_ENERGY_MONITOR_001,21.78,55.01,9,2.59,217.03,0.01,ok
2025-12-24T00:10:05.332Z,ESP32_ENERGY_MONITOR_001,21.27,57.29,8,2.21,220.16,0.01,ok
2025-12-24T00:15:05.332Z,ESP32_ENERGY_MONITOR_001,22.35,57.09,8,2.16,223.16,0.01,ok
2025-12-24T00:20:05.332Z,ESP32_ENERGY_MONITOR_001,22.47,57.01,4,1.97,218.28,0.01,ok
2025-12-24T00:25:05.332Z,ESP32_ENERGY_MONITOR_001,21.37,54.11,5,2.03,218.46,0.01,ok
2025-12-24T00:30:05.332Z,ESP32_ENERGY_MONITOR_001,21.84,57.57,7,2.03,216.92,0.01,ok
2025-12-24T00:35:05.332Z,ESP32_ENERGY_MONITOR_001,22.33,57.53,6,2.30,217.46,0.01,ok
2025-12-24T00:40:05.332Z,ESP32_ENERGY_MONITOR_001,21.82,54.74,9,2.60,219.12,0.01,ok
2025-12-24T00:45:05.332Z,ESP32_ENERGY_MONITOR_001,20.92,55.70,0,1.82,215.83,0.01,ok
2025-12-24T00:50:05.332Z,ESP32_ENERGY_MONITOR_001,22.27,57.25,5,2.12,216.49,0.01,ok
2025-12-24T00:55:05.332Z,ESP32_ENERGY_MONITOR_001,20.71,54.96,7,2.27,222.31,0.01,ok
2025-12-24T01:00:05.332Z,ESP32_ENERGY_MONITOR_001,23.25,54.60,19,2.91,221.73,0.01,ok
2025-12-24T01:05:05.332Z,ESP32_ENERGY_MONITOR_001,23.24,53.55,24,3.15,215.07,0.01,ok
2025-12-24T01:10:05.332Z,ESP32_ENERGY_MONITOR_001,22.56,54.52,19,2.65,219.12,0.01,ok
2025-12-24T01:15:05.332Z,ESP32_ENERGY_MONITOR_001,22.47,51.13,22,3.08,223.01,0.01,ok
2025-12-24T01:20:05.332Z,ESP32_ENERGY_MONITOR_001,22.02,50.16,18,2.52,221.37,0.01,ok
2025-12-24T01:25:05.332Z,ESP32_ENERGY_MONITOR_001,23.42,52.70,15,2.51,219.91,0.01,ok
2025-12-24T01:30:05.332Z,ESP32_ENERGY_MONITOR_001,23.58,54.27,16,2.73,223.61,0.01,ok
2025-12-24T01:35:05.332Z,ESP32_ENERGY_MONITOR_001,22.84,50.78,17,2.85,218.43,0.01,ok
2025-12-24T01:40:05.332Z,ESP32_ENERGY_MONITOR_001,23.02,50.01,20,2.90,217.71,0.01,ok
2025-12-24T01:45:05.332Z,ESP32_ENERGY_MONITOR_001,22.12,53.00,21,3.06,217.88,0.01,ok
2025-12-24T01:50:05.332Z,ESP32_ENERGY_MONITOR_001,22.06,52.23,21,3.04,218.97,0.01,ok
2025-12-24T01:55:05.332Z,ESP32_ENERGY_MONITOR_001,22.51,54.27,23,2.88,218.71,0.01,ok
2025-12-24T02:00:05.332Z,ESP32_ENERGY_MONITOR_001,25.09,51.02,21,3.29,215.73,0.01,ok
2025-12-24T02:05:05.332Z,ESP32_ENERGY_MONITOR_001,24.60,47.15,22,2.90,220.45,0.01,ok
2025-12-24T02:10:05.332Z,ESP32_ENERGY_MONITOR_001,24.06,47.84,24,2.86,215.77,0.01,ok
2025-12-24T02:15:05.332Z,ESP32_ENERGY_MONITOR_001,24.85,50.93,25,3.44,220.62,0.02,ok
2025-12-24T02:20:05.332Z,ESP32_ENERGY_MONITOR_001,23.69,48.07,21,2.77,217.56,0.01,ok
2025-12-24T02:25:05.332Z,ESP32_ENERGY_MONITOR_001,24.63,49.95,21,3.04,215.06,0.01,ok
2025-12-24T02:30:05.332Z,ESP32_ENERGY_MONITOR_001,24.60,49.53,22,3.28,217.25,0.01,ok
2025-12-24T02:35:05.332Z,ESP32_ENERGY_MONITOR_001,24.80,47.25,21,3.14,218.77,0.01,ok
2025-12-24T02:40:05.332Z,ESP32_ENERGY_MONITOR_001,24.53,47.50,24,2.99,217.79,0.01,ok
2025-12-24T02:45:05.332Z,ESP32_ENERGY_MONITOR_001,24.47,48.04,21,2.98,219.63,0.01,ok
2025-12-24T02:50:05.332Z,ESP32_ENERGY_MONITOR_001,23.49,47.66,24,3.04,224.79,0.01,ok
2025-12-24T02:55:05.332Z,ESP32_ENERGY_MONITOR_001,25.03,51.22,28,3.29,221.97,0.01,ok
2025-12-24T03:00:05.332Z,ESP32_ENERGY_MONITOR_001,24.73,47.69,31,3.62,218.27,0.02,ok
2025-12-24T03:05:05.332Z,ESP32_ENERGY_MONITOR_001,25.29,44.74,31,3.47,222.41,0.02,ok
2025-12-24T03:10:05.332Z,ESP32_ENERGY_MONITOR_001,25.89,48.42,24,3.44,220.74,0.02,ok
2025-12-24T03:15:05.332Z,ESP32_ENERGY_MONITOR_001,24.87,46.32,32,3.31,223.67,0.02,ok
2025-12-24T03:20:05.332Z,ESP32_ENERGY_MONITOR_001,25.52,49.39,24,3.47,221.66,0.02,ok
2025-12-24T03:25:05.332Z,ESP32_ENERGY_MONITOR_001,25.53,49.44,30,3.46,218.74,0.02,ok
2025-12-24T03:30:05.332Z,ESP32_ENERGY_MONITOR_001,25.32,46.80,32,3.62,223.69,0.02,ok
2025-12-24T03:35:05.332Z,ESP32_ENERGY_MONITOR_001,25.49,48.05,29,3.55,219.32,0.02,ok
2025-12-24T03:40:05.332Z,ESP32_ENERGY_MONITOR_001,24.44,47.82,33,3.22,218.84,0.01,ok
2025-12-24T03:45:05.332Z,ESP32_ENERGY_MONITOR_001,24.44,47.63,27,3.33,224.51,0.02,ok
2025-12-24T03:50:05.332Z,ESP32_ENERGY_MONITOR_001,24.27,48.02,32,3.43,217.09,0.02,ok
2025-12-24T03:55:05.332Z,ESP32_ENERGY_MONITOR_001,24.28,45.91,32,3.36,217.65,0.02,ok
2025-12-24T04:00:05.332Z,ESP32_ENERGY_MONITOR_001,26.36,45.03,35,4.24,216.62,0.02,ok
2025-12-24T04:05:05.332Z,ESP32_ENERGY_MONITOR_001,26.23,47.99,33,4.23,223.11,0.02,ok
2025-12-24T04:10:05.332Z,ESP32_ENERGY_MONITOR_001,26.64,47.18,34,3.98,224.38,0.02,ok
2025-12-24T04:15:05.332Z,ESP32_ENERGY_MONITOR_001,25.64,43.36,31,3.54,221.18,0.02,ok
2025-12-24T04:20:05.332Z,ESP32_ENERGY_MONITOR_001,25.28,43.46,27,3.30,218.26,0.01,ok
2025-12-24T04:25:05.332Z,ESP32_ENERGY_MONITOR_001,25.05,47.82,33,3.52,223.73,0.02,ok
2025-12-24T04:30:05.332Z,ESP32_ENERGY_MONITOR_001,25.70,44.23,32,3.89,223.06,0.02,ok
2025-12-24T04:35:05.332Z,ESP32_ENERGY_MONITOR_001,25.76,47.24,27,3.63,220.55,0.02,ok
2025-12-24T04:40:05.332Z,ESP32_ENERGY_MONITOR_001,25.28,47.55,34,3.71,216.02,0.02,ok
2025-12-24T04:45:05.332Z,ESP32_ENERGY_MONITOR_001,26.27,45.69,31,3.70,223.02,0.02,ok
2025-12-24T04:50:05.332Z,ESP32_ENERGY_MONITOR_001,26.50,44.75,30,3.83,215.43,0.02,ok
2025-12-24T04:55:05.332Z,ESP32_ENERGY_MONITOR_001,25.50,46.15,35,3.70,217.94,0.02,ok
2025-12-24T05:00:05.332Z,ESP32_ENERGY_MONITOR_001,25.28,45.27,34,3.85,219.86,0.02,ok
2025-12-24T05:05:05.332Z,ESP32_ENERGY_MONITOR_001,25.49,46.13,35,3.61,219.08,0.02,ok
2025-12-24T05:10:05.332Z,ESP32_ENERGY_MONITOR_001,26.17,46.86,29,3.95,217.25,0.02,ok
2025-12-24T05:15:05.332Z,ESP32_ENERGY_MONITOR_001,26.77,44.36,33,3.96,217.80,0.02,ok
2025-12-24T05:20:05.332Z,ESP32_ENERGY_MONITOR_001,25.15,43.76,33,3.65,216.93,0.02,ok
2025-12-24T05:25:05.332Z,ESP32_ENERGY_MONITOR_001,25.48,44.36,29,3.80,220.72,0.02,ok
2025-12-24T05:30:05.332Z,ESP32_ENERGY_MONITOR_001,25.24,42.75,30,3.61,220.03,0.02,ok
2025-12-24T05:35:05.332Z,ESP32_ENERGY_MONITOR_001,26.87,47.10,36,4.33,217.20,0.02,ok
2025-12-24T05:40:05.332Z,ESP32_ENERGY_MONITOR_001,26.37,43.72,29,3.94,222.32,0.02,ok
2025-12-24T05:45:05.332Z,ESP32_ENERGY_MONITOR_001,26.71,44.82,37,4.24,223.41,0.02,ok
2025-12-24T05:50:05.332Z,ESP32_ENERGY_MONITOR_001,26.78,44.73,38,4.25,223.15,0.02,ok
2025-12-24T05:55:05.332Z,ESP32_ENERGY_MONITOR_001,25.22,46.91,31,3.70,216.47,0.02,ok
2025-12-24T06:00:05.332Z,ESP32_ENERGY_MONITOR_001,26.71,47.59,30,4.09,219.36,0.02,ok
2025-12-24T06:05:05.332Z,ESP32_ENERGY_MONITOR_001,25.97,43.86,33,3.71,220.34,0.02,ok
2025-12-24T06:10:05.332Z,ESP32_ENERGY_MONITOR_001,24.86,43.10,38,3.56,221.76,0.02,ok
2025-12-24T06:15:05.332Z,ESP32_ENERGY_MONITOR_001,26.54,46.40,37,4.05,222.83,0.02,ok
2025-12-24T06:20:05.332Z,ESP32_ENERGY_MONITOR_001,26.24,43.37,30,3.83,218.58,0.02,ok
2025-12-24T06:25:05.332Z,ESP32_ENERGY_MONITOR_001,26.13,43.73,36,4.16,220.91,0.02,ok
2025-12-24T06:30:05.332Z,ESP32_ENERGY_MONITOR_001,26.44,47.89,29,3.68,224.28,0.02,ok
2025-12-24T06:35:05.332Z,ESP32_ENERGY_MONITOR_001,24.85,43.81,34,3.39,222.20,0.02,ok
2025-12-24T06:40:05.332Z,ESP32_ENERGY_MONITOR_001,24.81,44.79,29,3.51,217.10,0.02,ok
2025-12-24T06:45:05.332Z,ESP32_ENERGY_MONITOR_001,26.76,43.58,31,4.01,217.89,0.02,ok
2025-12-24T06:50:05.332Z,ESP32_ENERGY_MONITOR_001,25.69,46.84,31,3.93,219.58,0.02,ok
2025-12-24T06:55:05.332Z,ESP32_ENERGY_MONITOR_001,25.07,46.53,34,3.91,220.43,0.02,ok
2025-12-24T07:00:05.332Z,ESP32_ENERGY_MONITOR_001,24.75,48.63,35,3.45,220.97,0.02,ok
2025-12-24T07:05:05.332Z,ESP32_ENERGY_MONITOR_001,25.90,47.21,28,3.65,221.83,0.02,ok
2025-12-24T07:10:05.332Z,ESP32_ENERGY_MONITOR_001,25.12,49.19,35,3.86,222.42,0.02,ok
2025-12-24T07:15:05.332Z,ESP32_ENERGY_MONITOR_001,24.91,48.00,30,3.31,220.33,0.02,ok
2025-12-24T07:20:05.332Z,ESP32_ENERGY_MONITOR_001,25.26,47.03,30,3.73,220.03,0.02,ok
2025-12-24T07:25:05.332Z,ESP32_ENERGY_MONITOR_001,25.97,45.11,27,3.70,219.70,0.02,ok
2025-12-24T07:30:05.332Z,ESP32_ENERGY_MONITOR_001,25.76,46.11,32,3.98,216.31,0.02,ok
2025-12-24T07:35:05.332Z,ESP32_ENERGY_MONITOR_001,24.95,45.18,36,3.60,220.42,0.02,ok
2025-12-24T07:40:05.332Z,ESP32_ENERGY_MONITOR_001,25.41,47.79,28,3.76,223.03,0.02,ok
2025-12-24T07:45:05.332Z,ESP32_ENERGY_MONITOR_001,25.29,47.05,30,3.49,216.62,0.02,ok
2025-12-24T07:50:05.332Z,ESP32_ENERGY_MONITOR_001,24.42,45.62,35,3.70,224.93,0.02,ok
2025-12-24T07:55:05.332Z,ESP32_ENERGY_MONITOR_001,24.70,47.14,36,3.62,223.38,0.02,ok
2025-12-24T08:00:05.332Z,ESP32_ENERGY_MONITOR_001,24.71,47.16,27,3.38,219.24,0.02,ok
2025-12-24T08:05:05.332Z,ESP32_ENERGY_MONITOR_001,23.91,49.05,26,3.23,221.95,0.01,ok
2025-12-24T08:10:05.332Z,ESP32_ENERGY_MONITOR_001,24.28,49.30,28,3.24,218.30,0.01,ok
2025-12-24T08:15:05.332Z,ESP32_ENERGY_MONITOR_001,23.53,47.88,30,3.42,219.41,0.02,ok
2025-12-24T08:20:05.332Z,ESP32_ENERGY_MONITOR_001,24.54,50.03,27,3.08,222.73,0.01,ok
2025-12-24T08:25:05.332Z,ESP32_ENERGY_MONITOR_001,25.11,50.72,24,3.13,224.52,0.01,ok
2025-12-24T08:30:05.332Z,ESP32_ENERGY_MONITOR_001,23.96,47.85,27,2.99,217.11,0.01,ok
2025-12-24T08:35:05.332Z,ESP32_ENERGY_MONITOR_001,25.13,47.08,28,3.35,220.71,0.02,ok
2025-12-24T08:40:05.332Z,ESP32_ENERGY_MONITOR_001,24.77,50.78,31,3.51,216.09,0.02,ok
2025-12-24T08:45:05.332Z,ESP32_ENERGY_MONITOR_001,23.38,47.60,30,3.15,216.45,0.01,ok
2025-12-24T08:50:05.332Z,ESP32_ENERGY_MONITOR_001,24.64,50.41,30,3.26,221.30,0.01,ok
2025-12-24T08:55:05.332Z,ESP32_ENERGY_MONITOR_001,24.16,51.36,31,3.09,221.37,0.01,ok
2025-12-24T09:00:05.332Z,ESP32_ENERGY_MONITOR_001,23.90,50.42,26,2.80,223.84,0.01,ok
2025-12-24T09:05:05.332Z,ESP32_ENERGY_MONITOR_001,23.02,50.17,25,2.76,223.94,0.01,ok
2025-12-24T09:10:05.332Z,ESP32_ENERGY_MONITOR_001,23.38,51.32,29,3.17,216.03,0.01,ok
2025-12-24T09:15:05.332Z,ESP32_ENERGY_MONITOR_001,23.87,52.88,28,3.20,218.18,0.01,ok
2025-12-24T09:20:05.332Z,ESP32_ENERGY_MONITOR_001,22.69,54.78,26,3.09,224.56,0.01,ok
2025-12-24T09:25:05.332Z,ESP32_ENERGY_MONITOR_001,23.87,50.93,25,3.08,218.12,0.01,ok
2025-12-24T09:30:05.332Z,ESP32_ENERGY_MONITOR_001,23.47,52.64,27,3.31,221.32,0.02,ok
2025-12-24T09:35:05.332Z,ESP32_ENERGY_MONITOR_001,22.68,51.18,25,3.22,219.65,0.01,ok
2025-12-24T09:40:05.332Z,ESP32_ENERGY_MONITOR_001,23.04,54.81,22,3.09,221.14,0.01,ok
2025-12-24T09:45:05.332Z,ESP32_ENERGY_MONITOR_001,22.45,51.35,22,2.94,219.29,0.01,ok
2025-12-24T09:50:05.332Z,ESP32_ENERGY_MONITOR_001,23.23,54.97,20,3.04,216.75,0.01,ok
2025-12-24T09:55:05.332Z,ESP32_ENERGY_MONITOR_001,23.60,54.74,25,2.80,220.93,0.01,ok
2025-12-24T10:00:05.332Z,ESP32_ENERGY_MONITOR_001,21.01,58.56,17,2.84,224.70,0.01,ok
2025-12-24T10:05:05.332Z,ESP32_ENERGY_MONITOR_001,20.65,56.96,18,2.96,216.94,0.01,ok
2025-12-24T10:10:05.332Z,ESP32_ENERGY_MONITOR_001,21.02,55.67,21,2.59,223.71,0.01,ok
2025-12-24T10:15:05.332Z,ESP32_ENERGY_MONITOR_001,21.14,57.98,17,2.43,217.10,0.01,ok
2025-12-24T10:20:05.332Z,ESP32_ENERGY_MONITOR_001,21.97,58.60,16,2.63,223.52,0.01,ok
2025-12-24T10:25:05.332Z,ESP32_ENERGY_MONITOR_001,21.58,54.43,22,3.08,217.99,0.01,ok
2025-12-24T10:30:05.332Z,ESP32_ENERGY_MONITOR_001,22.05,56.61,21,2.61,218.38,0.01,ok
2025-12-24T10:35:05.332Z,ESP32_ENERGY_MONITOR_001,21.29,54.51,15,2.41,223.25,0.01,ok
2025-12-24T10:40:05.332Z,ESP32_ENERGY_MONITOR_001,21.97,56.40,23,3.10,223.85,0.01,ok
2025-12-24T10:45:05.332Z,ESP32_ENERGY_MONITOR_001,21.03,58.19,19,2.55,223.42,0.01,ok
2025-12-24T10:50:05.332Z,ESP32_ENERGY_MONITOR_001,21.35,54.90,19,2.86,216.85,0.01,ok
2025-12-24T10:55:05.332Z,ESP32_ENERGY_MONITOR_001,20.88,55.35,18,2.96,215.23,0.01,ok
2025-12-24T11:00:05.332Z,ESP32_ENERGY_MONITOR_001,19.29,59.64,0,2.06,215.74,0.01,ok
2025-12-24T11:05:05.332Z,ESP32_ENERGY_MONITOR_001,20.25,62.37,1,2.26,223.95,0.01,ok
2025-12-24T11:10:05.332Z,ESP32_ENERGY_MONITOR_001,20.07,60.65,5,1.97,219.06,0.01,ok
2025-12-24T11:15:05.332Z,ESP32_ENERGY_MONITOR_001,20.56,59.95,5,2.30,222.60,0.01,ok
2025-12-24T11:20:05.332Z,ESP32_ENERGY_MONITOR_001,20.59,60.88,9,2.58,218.58,0.01,ok
2025-12-24T11:25:05.332Z,ESP32_ENERGY_MONITOR_001,19.45,61.11,4,2.02,222.38,0.01,ok
2025-12-24T11:30:05.332Z,ESP32_ENERGY_MONITOR_001,20.57,59.31,7,2.30,220.44,0.01,ok
2025-12-24T11:35:05.332Z,ESP32_ENERGY_MONITOR_001,19.33,58.93,8,2.36,220.80,0.01,ok
2025-12-24T11:40:05.332Z,ESP32_ENERGY_MONITOR_001,20.56,61.39,4,2.31,220.87,0.01,ok
2025-12-24T11:45:05.332Z,ESP32_ENERGY_MONITOR_001,20.72,57.89,2,2.18,215.56,0.01,ok
2025-12-24T11:50:05.332Z,ESP32_ENERGY_MONITOR_001,20.71,59.71,1,2.27,219.45,0.01,ok
2025-12-24T11:55:05.332Z,ESP32_ENERGY_MONITOR_001,19.23,61.74,6,2.26,219.54,0.01,ok
2025-12-24T12:00:05.332Z,ESP32_ENERGY_MONITOR_001,19.00,62.49,4,2.22,222.34,0.01,ok
2025-12-24T12:05:05.332Z,ESP32_ENERGY_MONITOR_001,17.77,65.50,4,1.93,219.47,0.01,ok
2025-12-24T12:10:05.332Z,ESP32_ENERGY_MONITOR_001,18.19,64.41,4,2.25,217.82,0.01,ok
2025-12-24T12:15:05.332Z,ESP32_ENERGY_MONITOR_001,17.56,63.30,9,2.54,219.83,0.01,ok
2025-12-24T12:20:05.332Z,ESP32_ENERGY_MONITOR_001,17.80,62.89,3,2.18,221.48,0.01,ok
2025-12-24T12:25:05.332Z,ESP32_ENERGY_MONITOR_001,17.58,64.19,0,1.88,219.22,0.01,ok
2025-12-24T12:30:05.332Z,ESP32_ENERGY_MONITOR_001,17.46,62.43,5,1.98,224.23,0.01,ok
2025-12-24T12:35:05.332Z,ESP32_ENERGY_MONITOR_001,18.19,63.49,7,2.21,215.78,0.01,ok
2025-12-24T12:40:05.332Z,ESP32_ENERGY_MONITOR_001,19.34,62.47,8,2.55,217.80,0.01,ok
2025-12-24T12:45:05.332Z,ESP32_ENERGY_MONITOR_001,18.27,62.30,9,2.49,215.14,0.01,ok
2025-12-24T12:50:05.332Z,ESP32_ENERGY_MONITOR_001,19.28,61.61,1,2.28,217.67,0.01,ok
2025-12-24T12:55:05.332Z,ESP32_ENERGY_MONITOR_001,18.72,64.80,0,1.98,221.56,0.01,ok
2025-12-24T13:00:05.332Z,ESP32_ENERGY_MONITOR_001,16.70,67.68,0,1.95,223.93,0.01,ok
2025-12-24T13:05:05.332Z,ESP32_ENERGY_MONITOR_001,16.71,65.04,7,2.25,216.91,0.01,ok
2025-12-24T13:10:05.332Z,ESP32_ENERGY_MONITOR_001,16.64,67.39,1,2.00,217.63,0.01,ok
2025-12-24T13:15:05.332Z,ESP32_ENERGY_MONITOR_001,16.61,67.67,6,2.03,224.17,0.01,ok
2025-12-24T13:20:05.332Z,ESP32_ENERGY_MONITOR_001,17.04,68.81,7,2.06,217.87,0.01,ok
2025-12-24T13:25:05.332Z,ESP32_ENERGY_MONITOR_001,16.28,65.06,7,2.24,220.90,0.01,ok
2025-12-24T13:30:05.332Z,ESP32_ENERGY_MONITOR_001,16.43,68.11,8,2.08,217.63,0.01,ok
2025-12-24T13:35:05.332Z,ESP32_ENERGY_MONITOR_001,16.03,65.39,0,1.88,218.53,0.01,ok
2025-12-24T13:40:05.332Z,ESP32_ENERGY_MONITOR_001,16.32,68.91,5,2.04,215.35,0.01,ok
2025-12-24T13:45:05.332Z,ESP32_ENERGY_MONITOR_001,16.01,66.47,4,2.04,218.76,0.01,ok
2025-12-24T13:50:05.332Z,ESP32_ENERGY_MONITOR_001,16.70,67.01,7,2.16,221.59,0.01,ok
2025-12-24T13:55:05.332Z,ESP32_ENERGY_MONITOR_001,16.56,69.13,1,2.13,220.23,0.01,ok
2025-12-24T14:00:05.332Z,ESP32_ENERGY_MONITOR_001,16.44,69.77,6,2.05,222.02,0.01,ok
2025-12-24T14:05:05.332Z,ESP32_ENERGY_MONITOR_001,16.62,70.03,2,2.02,216.11,0.01,ok
2025-12-24T14:10:05.332Z,ESP32_ENERGY_MONITOR_001,15.33,73.04,4,1.97,217.21,0.01,ok
2025-12-24T14:15:05.332Z,ESP32_ENERGY_MONITOR_001,15.30,72.45,9,2.55,224.59,0.01,ok
2025-12-24T14:20:05.332Z,ESP32_ENERGY_MONITOR_001,15.52,68.62,3,2.01,220.31,0.01,ok
2025-12-24T14:25:05.332Z,ESP32_ENERGY_MONITOR_001,16.26,70.56,6,2.01,218.41,0.01,ok
2025-12-24T14:30:05.332Z,ESP32_ENERGY_MONITOR_001,15.98,72.82,0,2.19,217.46,0.01,ok
2025-12-24T14:35:05.332Z,ESP32_ENERGY_MONITOR_001,15.59,72.18,1,2.16,217.00,0.01,ok
2025-12-24T14:40:05.332Z,ESP32_ENERGY_MONITOR_001,15.55,70.80,1,1.79,219.12,0.01,ok
2025-12-24T14:45:05.332Z,ESP32_ENERGY_MONITOR_001,16.53,68.22,2,1.88,216.14,0.01,ok
2025-12-24T14:50:05.332Z,ESP32_ENERGY_MONITOR_001,15.93,72.49,5,2.34,223.50,0.01,ok
2025-12-24T14:55:05.332Z,ESP32_ENERGY_MONITOR_001,16.65,70.53,7,2.20,221.77,0.01,ok
2025-12-24T15:00:05.332Z,ESP32_ENERGY_MONITOR_001,14.18,73.00,0,1.89,222.66,0.01,ok
2025-12-24T15:05:05.332Z,ESP32_ENERGY_MONITOR_001,14.17,75.48,3,1.89,221.60,0.01,ok
2025-12-24T15:10:05.332Z,ESP32_ENERGY_MONITOR_001,14.04,73.03,8,2.31,223.72,0.01,ok
2025-12-24T15:15:05.332Z,ESP32_ENERGY_MONITOR_001,15.14,71.30,5,2.06,215.47,0.01,ok
2025-12-24T15:20:05.332Z,ESP32_ENERGY_MONITOR_001,15.67,73.37,1,1.97,221.07,0.01,ok
2025-12-24T15:25:05.332Z,ESP32_ENERGY_MONITOR_001,14.26,73.29,2,1.86,220.13,0.01,ok
2025-12-24T15:30:05.332Z,ESP32_ENERGY_MONITOR_001,13.85,72.69,2,1.97,219.00,0.01,ok
2025-12-24T15:35:05.332Z,ESP32_ENERGY_MONITOR_001,13.94,72.75,3,2.29,220.73,0.01,ok
2025-12-24T15:40:05.332Z,ESP32_ENERGY_MONITOR_001,15.11,74.25,1,2.26,217.29,0.01,ok
2025-12-24T15:45:05.332Z,ESP32_ENERGY_MONITOR_001,14.95,72.00,4,1.97,215.67,0.01,ok
2025-12-24T15:50:05.332Z,ESP32_ENERGY_MONITOR_001,14.27,72.55,7,2.52,222.46,0.01,ok
2025-12-24T15:55:05.332Z,ESP32_ENERGY_MONITOR_001,15.68,70.95,1,2.06,224.58,0.01,ok
2025-12-24T16:00:05.332Z,ESP32_ENERGY_MONITOR_001,13.60,73.89,1,2.13,223.81,0.01,ok
2025-12-24T16:05:05.332Z,ESP32_ENERGY_MONITOR_001,14.13,72.45,4,1.98,217.45,0.01,ok
2025-12-24T16:10:05.332Z,ESP32_ENERGY_MONITOR_001,13.59,73.61,0,2.10,223.83,0.01,ok
2025-12-24T16:15:05.332Z,ESP32_ENERGY_MONITOR_001,14.93,72.95,5,2.04,215.36,0.01,ok
2025-12-24T16:20:05.332Z,ESP32_ENERGY_MONITOR_001,13.76,75.39,1,2.22,218.95,0.01,ok
2025-12-24T16:25:05.332Z,ESP32_ENERGY_MONITOR_001,14.15,75.10,2,2.06,221.11,0.01,ok
2025-12-24T16:30:05.332Z,ESP32_ENERGY_MONITOR_001,14.26,72.99,5,2.19,221.72,0.01,ok
2025-12-24T16:35:05.332Z,ESP32_ENERGY_MONITOR_001,14.53,72.69,9,2.32,216.21,0.01,ok
2025-12-24T16:40:05.332Z,ESP32_ENERGY_MONITOR_001,13.68,73.05,9,2.31,224.68,0.01,ok
2025-12-24T16:45:05.332Z,ESP32_ENERGY_MONITOR_001,14.59,72.49,4,2.29,219.75,0.01,ok
2025-12-24T16:50:05.332Z,ESP32_ENERGY_MONITOR_001,14.83,73.51,9,2.40,218.61,0.01,ok
2025-12-24T16:55:05.332Z,ESP32_ENERGY_MONITOR_001,13.37,74.01,7,2.35,221.50,0.01,ok
2025-12-24T17:00:05.332Z,ESP32_ENERGY_MONITOR_001,14.71,75.50,3,1.91,220.03,0.01,ok
2025-12-24T17:05:05.332Z,ESP32_ENERGY_MONITOR_001,13.39,72.95,2,2.29,224.93,0.01,ok
2025-12-24T17:10:05.332Z,ESP32_ENERGY_MONITOR_001,13.89,74.33,5,2.37,221.35,0.01,ok
2025-12-24T17:15:05.332Z,ESP32_ENERGY_MONITOR_001,13.47,76.34,5,2.44,220.23,0.01,ok
2025-12-24T17:20:05.332Z,ESP32_ENERGY_MONITOR_001,13.98,77.29,6,2.27,221.29,0.01,ok
2025-12-24T17:25:05.332Z,ESP32_ENERGY_MONITOR_001,13.68,76.58,8,2.44,223.53,0.01,ok
2025-12-24T17:30:05.332Z,ESP32_ENERGY_MONITOR_001,14.71,76.48,6,2.37,222.61,0.01,ok
2025-12-24T17:35:05.332Z,ESP32_ENERGY_MONITOR_001,13.38,73.56,1,2.14,222.07,0.01,ok
2025-12-24T17:40:05.332Z,ESP32_ENERGY_MONITOR_001,14.19,73.69,4,2.01,215.52,0.01,ok
2025-12-24T17:45:05.332Z,ESP32_ENERGY_MONITOR_001,13.17,73.63,5,2.01,215.00,0.01,ok
2025-12-24T17:50:05.332Z,ESP32_ENERGY_MONITOR_001,13.64,72.61,1,1.95,219.69,0.01,ok
2025-12-24T17:55:05.332Z,ESP32_ENERGY_MONITOR_001,13.90,75.57,2,2.21,222.10,0.01,ok
2025-12-24T18:00:05.332Z,ESP32_ENERGY_MONITOR_001,13.45,74.46,1,2.20,216.26,0.01,ok
2025-12-24T18:05:05.332Z,ESP32_ENERGY_MONITOR_001,13.49,74.49,3,2.29,222.65,0.01,ok
2025-12-24T18:10:05.332Z,ESP32_ENERGY_MONITOR_001,14.33,76.09,6,2.44,220.01,0.01,ok
2025-12-24T18:15:05.332Z,ESP32_ENERGY_MONITOR_001,13.86,75.60,8,2.32,218.29,0.01,ok
2025-12-24T18:20:05.332Z,ESP32_ENERGY_MONITOR_001,14.27,76.81,6,2.36,215.89,0.01,ok
2025-12-24T18:25:05.332Z,ESP32_ENERGY_MONITOR_001,13.50,73.77,4,2.13,223.71,0.01,ok
2025-12-24T18:30:05.332Z,ESP32_ENERGY_MONITOR_001,13.40,76.14,2,2.05,217.02,0.01,ok
2025-12-24T18:35:05.332Z,ESP32_ENERGY_MONITOR_001,13.37,76.04,7,2.09,223.80,0.01,ok
2025-12-24T18:40:05.332Z,ESP32_ENERGY_MONITOR_001,13.81,72.46,9,2.29,220.07,0.01,ok
2025-12-24T18:45:05.332Z,ESP32_ENERGY_MONITOR_001,13.70,74.67,0,2.12,215.18,0.01,ok
2025-12-24T18:50:05.332Z,ESP32_ENERGY_MONITOR_001,15.03,72.66,0,1.96,215.21,0.01,ok
2025-12-24T18:55:05.332Z,ESP32_ENERGY_MONITOR_001,14.10,76.86,0,1.86,215.20,0.01,ok
2025-12-24T19:00:05.332Z,ESP32_ENERGY_MONITOR_001,15.69,73.74,9,2.23,218.86,0.01,ok
2025-12-24T19:05:05.332Z,ESP32_ENERGY_MONITOR_001,14.17,70.74,6,2.35,215.42,0.01,ok
2025-12-24T19:10:05.332Z,ESP32_ENERGY_MONITOR_001,15.23,71.89,8,2.11,223.63,0.01,ok
2025-12-24T19:15:05.332Z,ESP32_ENERGY_MONITOR_001,15.65,73.04,6,2.18,223.87,0.01,ok
2025-12-24T19:20:05.332Z,ESP32_ENERGY_MONITOR_001,14.95,72.65,8,2.44,223.48,0.01,ok
2025-12-24T19:25:05.332Z,ESP32_ENERGY_MONITOR_001,14.57,74.86,0,1.90,218.55,0.01,ok
2025-12-24T19:30:05.332Z,ESP32_ENERGY_MONITOR_001,14.59,72.17,8,2.49,220.23,0.01,ok
2025-12-24T19:35:05.332Z,ESP32_ENERGY_MONITOR_001,15.12,70.62,2,2.30,218.56,0.01,ok
2025-12-24T19:40:05.332Z,ESP32_ENERGY_MONITOR_001,15.67,74.59,3,2.07,216.84,0.01,ok
2025-12-24T19:45:05.332Z,ESP32_ENERGY_MONITOR_001,15.39,71.41,5,2.06,219.00,0.01,ok
2025-12-24T19:50:05.332Z,ESP32_ENERGY_MONITOR_001,14.18,71.75,3,1.99,219.77,0.01,ok
2025-12-24T19:55:05.332Z,ESP32_ENERGY_MONITOR_001,14.42,75.22,0,1.86,220.46,0.01,ok
2025-12-24T20:00:05.332Z,ESP32_ENERGY_MONITOR_001,15.60,69.33,0,2.07,222.98,0.01,ok
2025-12-24T20:05:05.332Z,ESP32_ENERGY_MONITOR_001,15.81,71.27,8,2.16,224.87,0.01,ok
2025-12-24T20:10:05.332Z,ESP32_ENERGY_MONITOR_001,15.46,69.46,8,2.19,217.22,0.01,ok
2025-12-24T20:15:05.332Z,ESP32_ENERGY_MONITOR_001,16.37,71.97,1,2.18,220.07,0.01,ok
2025-12-24T20:20:05.332Z,ESP32_ENERGY_MONITOR_001,14.96,70.65,5,1.95,216.69,0.01,ok
2025-12-24T20:25:05.332Z,ESP32_ENERGY_MONITOR_001,14.89,69.74,9,2.23,220.02,0.01,ok
2025-12-24T20:30:05.332Z,ESP32_ENERGY_MONITOR_001,15.08,68.18,0,2.12,220.18,0.01,ok
2025-12-24T20:35:05.332Z,ESP32_ENERGY_MONITOR_001,14.87,70.02,8,2.42,219.59,0.01,ok
2025-12-24T20:40:05.332Z,ESP32_ENERGY_MONITOR_001,15.51,71.81,2,2.15,220.23,0.01,ok
2025-12-24T20:45:05.332Z,ESP32_ENERGY_MONITOR_001,14.76,73.07,1,2.01,223.74,0.01,ok
2025-12-24T20:50:05.332Z,ESP32_ENERGY_MONITOR_001,14.90,71.42,3,1.99,220.39,0.01,ok
2025-12-24T20:55:05.332Z,ESP32_ENERGY_MONITOR_001,14.84,69.75,5,2.22,218.11,0.01,ok
2025-12-24T21:00:05.332Z,ESP32_ENERGY_MONITOR_001,17.96,69.76,4,1.98,218.14,0.01,ok
2025-12-24T21:05:05.332Z,ESP32_ENERGY_MONITOR_001,16.05,69.97,2,1.87,217.56,0.01,ok
2025-12-24T21:10:05.332Z,ESP32_ENERGY_MONITOR_001,17.48,67.96,4,2.23,222.36,0.01,ok
2025-12-24T21:15:05.332Z,ESP32_ENERGY_MONITOR_001,16.71,66.55,8,2.48,217.10,0.01,ok
2025-12-24T21:20:05.332Z,ESP32_ENERGY_MONITOR_001,17.94,67.24,3,1.95,220.24,0.01,ok
2025-12-24T21:25:05.332Z,ESP32_ENERGY_MONITOR_001,17.42,65.26,5,1.96,220.23,0.01,ok
2025-12-24T21:30:05.332Z,ESP32_ENERGY_MONITOR_001,17.31,66.55,5,2.20,222.46,0.01,ok
2025-12-24T21:35:05.332Z,ESP32_ENERGY_MONITOR_001,16.96,66.84,5,2.38,221.94,0.01,ok
2025-12-24T21:40:05.332Z,ESP32_ENERGY_MONITOR_001,17.69,68.50,2,2.32,217.53,0.01,ok
2025-12-24T21:45:05.332Z,ESP32_ENERGY_MONITOR_001,16.59,65.81,8,2.23,224.72,0.01,ok
2025-12-24T21:50:05.332Z,ESP32_ENERGY_MONITOR_001,17.87,68.68,8,2.14,219.95,0.01,ok
2025-12-24T21:55:05.332Z,ESP32_ENERGY_MONITOR_001,17.40,69.34,7,2.25,216.24,0.01,ok
2025-12-24T22:00:05.332Z,ESP32_ENERGY_MONITOR_001,18.58,65.61,1,2.21,220.45,0.01,ok
2025-12-24T22:05:05.332Z,ESP32_ENERGY_MONITOR_001,18.58,62.05,9,2.58,215.56,0.01,ok
2025-12-24T22:10:05.332Z,ESP32_ENERGY_MONITOR_001,18.43,63.34,0,2.07,219.04,0.01,ok
2025-12-24T22:15:05.332Z,ESP32_ENERGY_MONITOR_001,19.40,62.06,4,2.02,222.93,0.01,ok
2025-12-24T22:20:05.332Z,ESP32_ENERGY_MONITOR_001,18.59,62.24,2,2.07,216.83,0.01,ok
2025-12-24T22:25:05.332Z,ESP32_ENERGY_MONITOR_001,18.98,62.90,8,2.23,220.28,0.01,ok
2025-12-24T22:30:05.332Z,ESP32_ENERGY_MONITOR_001,17.67,61.99,7,2.05,219.72,0.01,ok
2025-12-24T22:35:05.332Z,ESP32_ENERGY_MONITOR_001,17.48,63.98,5,2.31,224.73,0.01,ok
2025-12-24T22:40:05.332Z,ESP32_ENERGY_MONITOR_001,18.87,65.93,5,2.32,215.49,0.01,ok
2025-12-24T22:45:05.332Z,ESP32_ENERGY_MONITOR_001,18.79,65.80,5,2.13,219.27,0.01,ok
2025-12-24T22:50:05.332Z,ESP32_ENERGY_MONITOR_001,19.10,61.69,4,2.01,221.46,0.01,ok
2025-12-24T22:55:05.332Z,ESP32_ENERGY_MONITOR_001,17.60,64.38,8,2.31,218.07,0.01,ok
2025-12-24T23:00:05.332Z,ESP32_ENERGY_MONITOR_001,20.79,58.48,9,2.30,220.40,0.01,ok
2025-12-24T23:05:05.332Z,ESP32_ENERGY_MONITOR_001,19.61,58.52,0,1.89,224.64,0.01,ok
2025-12-24T23:10:05.332Z,ESP32_ENERGY_MONITOR_001,20.69,59.66,6,2.21,216.07,0.01,ok
2025-12-24T23:15:05.332Z,ESP32_ENERGY_MONITOR_001,20.67,61.04,2,1.98,219.48,0.01,ok
2025-12-24T23:20:05.332Z,ESP32_ENERGY_MONITOR_001,20.64,58.73,2,2.17,219.40,0.01,ok
2025-12-24T23:25:05.332Z,ESP32_ENERGY_MONITOR_001,19.62,60.58,3,2.17,217.61,0.01,ok
2025-12-24T23:30:05.332Z,ESP32_ENERGY_MONITOR_001,20.49,58.36,1,2.08,216.20,0.01,ok
2025-12-24T23:35:05.332Z,ESP32_ENERGY_MONITOR_001,20.32,61.83,8,2.53,221.08,0.01,ok
2025-12-24T23:40:05.332Z,ESP32_ENERGY_MONITOR_001,19.99,59.50,0,1.85,224.29,0.01,ok
2025-12-24T23:45:05.332Z,ESP32_ENERGY_MONITOR_001,20.18,57.57,0,1.75,224.60,0.01,ok
2025-12-24T23:50:05.332Z,ESP32_ENERGY_MONITOR_001,20.33,59.82,8,2.16,219.69,0.01,ok
2025-12-24T23:55:05.332Z,ESP32_ENERGY_MONITOR_001,19.92,60.42,0,2.04,215.16,0.01,ok
2025-12-25T00:00:05.332Z,ESP32_ENERGY_MONITOR_001,20.57,56.21,2,1.99,221.34,0.01,ok
2025-12-25T00:05:05.332Z,ESP32_ENERGY_MONITOR_001,21.48,58.57,3,2.12,216.06,0.01,ok
2025-12-25T00:10:05.332Z,ESP32_ENERGY_MONITOR_001,20.89,55.29,3,2.02,224.84,0.01,ok
2025-12-25T00:15:05.332Z,ESP32_ENERGY_MONITOR_001,21.78,56.82,3,2.22,219.81,0.01,ok
2025-12-25T00:20:05.332Z,ESP32_ENERGY_MONITOR_001,20.60,57.99,1,2.29,216.37,0.01,ok
2025-12-25T00:25:05.332Z,ESP32_ENERGY_MONITOR_001,21.67,55.06,7,2.35,220.83,0.01,ok
2025-12-25T00:30:05.332Z,ESP32_ENERGY_MONITOR_001,21.10,57.93,8,2.39,217.90,0.01,ok
2025-12-25T00:35:05.332Z,ESP32_ENERGY_MONITOR_001,21.98,54.64,0,1.84,221.62,0.01,ok
2025-12-25T00:40:05.332Z,ESP32_ENERGY_MONITOR_001,20.79,56.17,0,1.82,218.01,0.01,ok
2025-12-25T00:45:05.332Z,ESP32_ENERGY_MONITOR_001,21.41,53.97,3,2.36,217.53,0.01,ok
2025-12-25T00:50:05.332Z,ESP32_ENERGY_MONITOR_001,21.44,53.87,9,2.58,220.52,0.01,ok
2025-12-25T00:55:05.332Z,ESP32_ENERGY_MONITOR_001,21.73,55.81,4,2.13,216.25,0.01,ok
2025-12-25T01:00:05.332Z,ESP32_ENERGY_MONITOR_001,22.74,53.29,24,3.14,220.90,0.01,ok
2025-12-25T01:05:05.332Z,ESP32_ENERGY_MONITOR_001,23.60,53.50,19,2.63,223.85,0.01,ok
2025-12-25T01:10:05.332Z,ESP32_ENERGY_MONITOR_001,22.30,53.28,21,2.79,219.95,0.01,ok
2025-12-25T01:15:05.332Z,ESP32_ENERGY_MONITOR_001,23.83,52.44,24,2.92,215.06,0.01,ok
2025-12-25T01:20:05.332Z,ESP32_ENERGY_MONITOR_001,22.09,52.79,18,2.59,219.72,0.01,ok
2025-12-25T01:25:05.332Z,ESP32_ENERGY_MONITOR_001,23.72,54.36,20,2.86,218.70,0.01,ok
2025-12-25T01:30:05.332Z,ESP32_ENERGY_MONITOR_001,23.22,53.24,16,2.69,218.05,0.01,ok
2025-12-25T01:35:05.332Z,ESP32_ENERGY_MONITOR_001,23.69,54.23,20,2.84,224.82,0.01,ok
2025-12-25T01:40:05.332Z,ESP32_ENERGY_MONITOR_001,22.55,50.71,21,3.04,223.17,0.01,ok
2025-12-25T01:45:05.332Z,ESP32_ENERGY_MONITOR_001,22.66,54.25,23,3.09,218.44,0.01,ok
2025-12-25T01:50:05.332Z,ESP32_ENERGY_MONITOR_001,22.91,53.81,21,2.97,218.13,0.01,ok
2025-12-25T01:55:05.332Z,ESP32_ENERGY_MONITOR_001,22.73,50.88,15,2.37,219.92,0.01,ok
2025-12-25T02:00:05.332Z,ESP32_ENERGY_MONITOR_001,24.45,50.57,20,2.85,222.35,0.01,ok
2025-12-25T02:05:05.332Z,ESP32_ENERGY_MONITOR_001,25.06,49.43,24,3.47,220.23,0.02,ok
2025-12-25T02:10:05.332Z,ESP32_ENERGY_MONITOR_001,23.84,51.00,23,3.10,215.50,0.01,ok
2025-12-25T02:15:05.332Z,ESP32_ENERGY_MONITOR_001,24.27,51.10,24,2.81,221.92,0.01,ok
2025-12-25T02:20:05.332Z,ESP32_ENERGY_MONITOR_001,24.44,49.86,28,3.30,223.49,0.02,ok
2025-12-25T02:25:05.332Z,ESP32_ENERGY_MONITOR_001,23.91,50.41,26,3.12,224.29,0.01,ok
2025-12-25T02:30:05.332Z,ESP32_ENERGY_MONITOR_001,25.08,47.89,22,3.38,218.01,0.02,ok
2025-12-25T02:35:05.332Z,ESP32_ENERGY_MONITOR_001,24.52,51.10,26,3.30,218.01,0.02,ok
2025-12-25T02:40:05.332Z,ESP32_ENERGY_MONITOR_001,25.07,51.53,25,3.57,218.30,0.02,ok
2025-12-25T02:45:05.332Z,ESP32_ENERGY_MONITOR_001,24.81,47.28,20,3.07,221.53,0.01,ok
2025-12-25T02:50:05.332Z,ESP32_ENERGY_MONITOR_001,24.96,50.96,24,3.24,222.33,0.01,ok
2025-12-25T02:55:05.332Z,ESP32_ENERGY_MONITOR_001,24.91,48.98,22,3.18,221.86,0.01,ok
2025-12-25T03:00:05.332Z,ESP32_ENERGY_MONITOR_001,24.66,47.31,33,3.45,215.32,0.02,ok
2025-12-25T03:05:05.332Z,ESP32_ENERGY_MONITOR_001,24.91,44.73,29,3.59,222.40,0.02,ok
2025-12-25T03:10:05.332Z,ESP32_ENERGY_MONITOR_001,26.01,45.57,31,3.71,216.08,0.02,ok
2025-12-25T03:15:05.332Z,ESP32_ENERGY_MONITOR_001,24.53,45.45,29,3.24,215.57,0.01,ok
2025-12-25T03:20:05.332Z,ESP32_ENERGY_MONITOR_001,25.94,48.01,24,3.59,224.41,0.02,ok
2025-12-25T03:25:05.332Z,ESP32_ENERGY_MONITOR_001,24.93,47.23,25,3.51,223.09,0.02,ok
2025-12-25T03:30:05.332Z,ESP32_ENERGY_MONITOR_001,24.66,45.06,26,3.10,217.19,0.01,ok
2025-12-25T03:35:05.332Z,ESP32_ENERGY_MONITOR_001,26.14,47.98,29,3.70,224.54,0.02,ok
2025-12-25T03:40:05.332Z,ESP32_ENERGY_MONITOR_001,25.72,47.71,24,3.24,222.08,0.01,ok
2025-12-25T03:45:05.332Z,ESP32_ENERGY_MONITOR_001,24.78,48.01,30,3.62,221.95,0.02,ok
2025-12-25T03:50:05.332Z,ESP32_ENERGY_MONITOR_001,26.00,48.27,30,3.89,217.51,0.02,ok
2025-12-25T03:55:05.332Z,ESP32_ENERGY_MONITOR_001,24.71,45.81,33,3.66,222.94,0.02,ok
2025-12-25T04:00:05.332Z,ESP32_ENERGY_MONITOR_001,24.83,47.37,30,3.42,222.16,0.02,ok
2025-12-25T04:05:05.332Z,ESP32_ENERGY_MONITOR_001,26.17,47.41,30,3.61,216.09,0.02,ok
2025-12-25T04:10:05.332Z,ESP32_ENERGY_MONITOR_001,26.54,47.12,28,3.77,224.76,0.02,ok
2025-12-25T04:15:05.332Z,ESP32_ENERGY_MONITOR_001,24.85,45.96,32,3.41,224.07,0.02,ok
2025-12-25T04:20:05.332Z,ESP32_ENERGY_MONITOR_001,25.85,44.16,33,3.75,223.79,0.02,ok
2025-12-25T04:25:05.332Z,ESP32_ENERGY_MONITOR_001,25.98,46.12,32,3.88,216.54,0.02,ok
2025-12-25T04:30:05.332Z,ESP32_ENERGY_MONITOR_001,24.96,43.42,31,3.73,221.82,0.02,ok
2025-12-25T04:35:05.332Z,ESP32_ENERGY_MONITOR_001,25.83,47.50,29,3.57,222.89,0.02,ok
2025-12-25T04:40:05.332Z,ESP32_ENERGY_MONITOR_001,25.54,47.45,32,3.87,221.13,0.02,ok
2025-12-25T04:45:05.332Z,ESP32_ENERGY_MONITOR_001,25.66,43.12,30,3.67,220.99,0.02,ok
2025-12-25T04:50:05.332Z,ESP32_ENERGY_MONITOR_001,24.94,47.18,34,3.86,224.86,0.02,ok
2025-12-25T04:55:05.332Z,ESP32_ENERGY_MONITOR_001,26.50,44.50,29,3.98,222.46,0.02,ok
2025-12-25T05:00:05.332Z,ESP32_ENERGY_MONITOR_001,26.22,45.11,30,3.91,215.74,0.02,ok
2025-12-25T05:05:05.332Z,ESP32_ENERGY_MONITOR_001,25.49,45.06,33,3.95,222.86,0.02,ok
2025-12-25T05:10:05.332Z,ESP32_ENERGY_MONITOR_001,25.12,45.94,31,3.49,221.15,0.02,ok
2025-12-25T05:15:05.332Z,ESP32_ENERGY_MONITOR_001,25.14,46.53,29,3.26,216.39,0.01,ok
2025-12-25T05:20:05.332Z,ESP32_ENERGY_MONITOR_001,26.52,46.07,29,4.10,224.97,0.02,ok
2025-12-25T05:25:05.332Z,ESP32_ENERGY_MONITOR_001,26.38,44.03,38,4.10,221.63,0.02,ok
2025-12-25T05:30:05.332Z,ESP32_ENERGY_MONITOR_001,25.12,47.38,36,3.86,215.02,0.02,ok
2025-12-25T05:35:05.332Z,ESP32_ENERGY_MONITOR_001,26.09,45.42,36,4.21,216.50,0.02,ok
2025-12-25T05:40:05.332Z,ESP32_ENERGY_MONITOR_001,25.90,46.02,33,3.77,223.34,0.02,ok
2025-12-25T05:45:05.332Z,ESP32_ENERGY_MONITOR_001,25.12,44.65,35,3.90,215.82,0.02,ok
2025-12-25T05:50:05.332Z,ESP32_ENERGY_MONITOR_001,25.58,44.49,30,3.63,218.63,0.02,ok
2025-12-25T05:55:05.332Z,ESP32_ENERGY_MONITOR_001,26.63,47.38,30,4.22,218.82,0.02,ok
2025-12-25T06:00:05.332Z,ESP32_ENERGY_MONITOR_001,26.67,47.18,38,4.15,221.60,0.02,ok
2025-12-25T06:05:05.332Z,ESP32_ENERGY_MONITOR_001,25.29,43.19,34,3.69,222.03,0.02,ok
2025-12-25T06:10:05.332Z,ESP32_ENERGY_MONITOR_001,26.79,45.58,32,4.28,220.99,0.02,ok
2025-12-25T06:15:05.332Z,ESP32_ENERGY_MONITOR_001,24.84,43.98,30,3.47,221.09,0.02,ok
2025-12-25T06:20:05.332Z,ESP32_ENERGY_MONITOR_001,26.66,46.42,33,4.12,224.92,0.02,ok
2025-12-25T06:25:05.332Z,ESP32_ENERGY_MONITOR_001,25.36,45.99,33,3.92,218.41,0.02,ok
2025-12-25T06:30:05.332Z,ESP32_ENERGY_MONITOR_001,25.19,43.46,32,3.58,215.36,0.02,ok
2025-12-25T06:35:05.332Z,ESP32_ENERGY_MONITOR_001,26.28,45.38,34,4.27,216.71,0.02,ok
2025-12-25T06:40:05.332Z,ESP32_ENERGY_MONITOR_001,26.48,43.75,30,3.89,222.69,0.02,ok
2025-12-25T06:45:05.332Z,ESP32_ENERGY_MONITOR_001,25.66,43.63,30,3.82,219.18,0.02,ok
2025-12-25T06:50:05.332Z,ESP32_ENERGY_MONITOR_001,25.11,45.59,31,3.80,223.56,0.02,ok
2025-12-25T06:55:05.332Z,ESP32_ENERGY_MONITOR_001,26.51,45.39,32,3.90,216.35,0.02,ok
2025-12-25T07:00:05.332Z,ESP32_ENERGY_MONITOR_001,24.30,45.20,36,3.69,222.99,0.02,ok
2025-12-25T07:05:05.332Z,ESP32_ENERGY_MONITOR_001,24.77,45.40,34,3.59,217.21,0.02,ok
2025-12-25T07:10:05.332Z,ESP32_ENERGY_MONITOR_001,24.88,48.47,35,3.72,221.14,0.02,ok
2025-12-25T07:15:05.332Z,ESP32_ENERGY_MONITOR_001,24.93,49.38,36,3.71,223.48,0.02,ok
2025-12-25T07:20:05.332Z,ESP32_ENERGY_MONITOR_001,25.75,47.56,29,3.51,219.02,0.02,ok
2025-12-25T07:25:05.332Z,ESP32_ENERGY_MONITOR_001,24.49,49.18,34,3.57,221.09,0.02,ok
2025-12-25T07:30:05.332Z,ESP32_ENERGY_MONITOR_001,24.97,44.87,27,3.24,224.80,0.01,ok
2025-12-25T07:35:05.332Z,ESP32_ENERGY_MONITOR_001,25.80,48.05,33,3.89,215.43,0.02,ok
2025-12-25T07:40:05.332Z,ESP32_ENERGY_MONITOR_001,24.91,44.77,31,3.62,217.62,0.02,ok
2025-12-25T07:45:05.332Z,ESP32_ENERGY_MONITOR_001,25.19,48.70,29,3.58,216.30,0.02,ok
2025-12-25T07:50:05.332Z,ESP32_ENERGY_MONITOR_001,25.52,48.89,27,3.44,218.96,0.02,ok
2025-12-25T07:55:05.332Z,ESP32_ENERGY_MONITOR_001,25.09,48.49,29,3.31,221.79,0.02,ok
2025-12-25T08:00:05.332Z,ESP32_ENERGY_MONITOR_001,23.65,49.17,26,3.15,219.53,0.01,ok
2025-12-25T08:05:05.332Z,ESP32_ENERGY_MONITOR_001,24.77,48.00,29,3.53,224.32,0.02,ok
2025-12-25T08:10:05.332Z,ESP32_ENERGY_MONITOR_001,23.31,50.46,27,3.04,215.59,0.01,ok
2025-12-25T08:15:05.332Z,ESP32_ENERGY_MONITOR_001,24.79,49.85,27,3.45,220.75,0.02,ok
2025-12-25T08:20:05.332Z,ESP32_ENERGY_MONITOR_001,25.19,48.55,32,3.86,223.89,0.02,ok
2025-12-25T08:25:05.332Z,ESP32_ENERGY_MONITOR_001,24.36,49.90,31,3.11,222.40,0.01,ok
2025-12-25T08:30:05.332Z,ESP32_ENERGY_MONITOR_001,23.84,50.32,29,3.33,219.04,0.02,ok
2025-12-25T08:35:05.332Z,ESP32_ENERGY_MONITOR_001,24.66,51.50,28,3.39,222.42,0.02,ok
2025-12-25T08:40:05.332Z,ESP32_ENERGY_MONITOR_001,24.80,47.30,29,3.62,218.90,0.02,ok
2025-12-25T08:45:05.332Z,ESP32_ENERGY_MONITOR_001,23.39,47.41,25,3.03,221.30,0.01,ok
2025-12-25T08:50:05.332Z,ESP32_ENERGY_MONITOR_001,25.24,51.67,27,3.35,219.10,0.02,ok
2025-12-25T08:55:05.332Z,ESP32_ENERGY_MONITOR_001,24.61,49.04,24,3.24,222.73,0.01,ok
2025-12-25T09:00:05.332Z,ESP32_ENERGY_MONITOR_001,22.83,54.48,24,3.11,217.48,0.01,ok
2025-12-25T09:05:05.332Z,ESP32_ENERGY_MONITOR_001,22.69,52.64,25,3.17,217.04,0.01,ok
2025-12-25T09:10:05.332Z,ESP32_ENERGY_MONITOR_001,23.46,51.45,22,2.90,217.41,0.01,ok
2025-12-25T09:15:05.332Z,ESP32_ENERGY_MONITOR_001,22.94,53.63,23,2.67,221.06,0.01,ok
2025-12-25T09:20:05.332Z,ESP32_ENERGY_MONITOR_001,23.56,52.68,24,2.87,219.50,0.01,ok
2025-12-25T09:25:05.332Z,ESP32_ENERGY_MONITOR_001,23.67,52.26,26,2.97,223.25,0.01,ok
2025-12-25T09:30:05.332Z,ESP32_ENERGY_MONITOR_001,23.78,51.46,25,3.04,217.74,0.01,ok
2025-12-25T09:35:05.332Z,ESP32_ENERGY_MONITOR_001,23.65,51.67,28,3.31,220.16,0.02,ok
2025-12-25T09:40:05.332Z,ESP32_ENERGY_MONITOR_001,23.44,54.63,26,3.04,221.86,0.01,ok
2025-12-25T09:45:05.332Z,ESP32_ENERGY_MONITOR_001,22.58,50.12,25,2.93,215.23,0.01,ok
2025-12-25T09:50:05.332Z,ESP32_ENERGY_MONITOR_001,23.52,50.08,22,3.07,220.07,0.01,ok
2025-12-25T09:55:05.332Z,ESP32_ENERGY_MONITOR_001,22.89,51.66,27,3.18,221.34,0.01,ok
2025-12-25T10:00:05.332Z,ESP32_ENERGY_MONITOR_001,22.41,55.80,21,2.66,219.71,0.01,ok
2025-12-25T10:05:05.332Z,ESP32_ENERGY_MONITOR_001,21.94,55.62,23,3.01,217.49,0.01,ok
2025-12-25T10:10:05.332Z,ESP32_ENERGY_MONITOR_001,20.89,55.57,22,2.77,223.50,0.01,ok
2025-12-25T10:15:05.332Z,ESP32_ENERGY_MONITOR_001,20.58,53.82,22,3.03,220.72,0.01,ok
2025-12-25T10:20:05.332Z,ESP32_ENERGY_MONITOR_001,21.01,53.97,20,2.84,220.61,0.01,ok
2025-12-25T10:25:05.332Z,ESP32_ENERGY_MONITOR_001,21.99,54.58,17,2.87,223.85,0.01,ok
2025-12-25T10:30:05.332Z,ESP32_ENERGY_MONITOR_001,21.93,55.23,20,2.70,224.31,0.01,ok
2025-12-25T10:35:05.332Z,ESP32_ENERGY_MONITOR_001,21.01,56.12,21,2.85,222.93,0.01,ok
2025-12-25T10:40:05.332Z,ESP32_ENERGY_MONITOR_001,21.56,58.20,23,3.07,221.05,0.01,ok
2025-12-25T10:45:05.332Z,ESP32_ENERGY_MONITOR_001,22.33,54.28,15,2.73,221.18,0.01,ok
2025-12-25T10:50:05.332Z,ESP32_ENERGY_MONITOR_001,21.26,57.79,15,2.57,220.91,0.01,ok
2025-12-25T10:55:05.332Z,ESP32_ENERGY_MONITOR_001,22.17,56.27,20,2.89,221.99,0.01,ok
2025-12-25T11:00:05.332Z,ESP32_ENERGY_MONITOR_001,20.04,61.69,3,1.96,216.89,0.01,ok
2025-12-25T11:05:05.332Z,ESP32_ENERGY_MONITOR_001,20.85,58.73,4,1.96,222.15,0.01,ok
2025-12-25T11:10:05.332Z,ESP32_ENERGY_MONITOR_001,19.43,61.86,1,1.92,218.12,0.01,ok
2025-12-25T11:15:05.332Z,ESP32_ENERGY_MONITOR_001,19.30,59.29,9,2.29,224.02,0.01,ok
2025-12-25T11:20:05.332Z,ESP32_ENERGY_MONITOR_001,19.40,61.25,4,2.07,216.53,0.01,ok
2025-12-25T11:25:05.332Z,ESP32_ENERGY_MONITOR_001,20.83,59.93,6,2.15,221.42,0.01,ok
2025-12-25T11:30:05.332Z,ESP32_ENERGY_MONITOR_001,19.18,59.24,8,2.34,215.83,0.01,ok
2025-12-25T11:35:05.332Z,ESP32_ENERGY_MONITOR_001,19.20,57.90,8,2.20,219.32,0.01,ok
2025-12-25T11:40:05.332Z,ESP32_ENERGY_MONITOR_001,19.40,60.83,1,1.81,222.63,0.01,ok
2025-12-25T11:45:05.332Z,ESP32_ENERGY_MONITOR_001,20.44,58.08,9,2.22,216.29,0.01,ok
2025-12-25T11:50:05.332Z,ESP32_ENERGY_MONITOR_001,20.94,57.87,3,2.20,223.17,0.01,ok
2025-12-25T11:55:05.332Z,ESP32_ENERGY_MONITOR_001,19.02,57.71,4,1.95,218.25,0.01,ok
2025-12-25T12:00:05.332Z,ESP32_ENERGY_MONITOR_001,18.87,65.03,7,2.04,216.74,0.01,ok
2025-12-25T12:05:05.332Z,ESP32_ENERGY_MONITOR_001,18.67,66.20,2,1.90,222.44,0.01,ok
2025-12-25T12:10:05.332Z,ESP32_ENERGY_MONITOR_001,18.98,63.14,4,2.30,220.74,0.01,ok
2025-12-25T12:15:05.332Z,ESP32_ENERGY_MONITOR_001,18.53,64.21,9,2.25,218.61,0.01,ok
2025-12-25T12:20:05.332Z,ESP32_ENERGY_MONITOR_001,18.65,61.47,8,2.50,215.24,0.01,ok
2025-12-25T12:25:05.332Z,ESP32_ENERGY_MONITOR_001,19.30,63.79,3,2.05,221.66,0.01,ok
2025-12-25T12:30:05.332Z,ESP32_ENERGY_MONITOR_001,18.54,64.97,9,2.29,216.37,0.01,ok
2025-12-25T12:35:05.332Z,ESP32_ENERGY_MONITOR_001,18.62,63.65,3,2.36,222.28,0.01,ok
2025-12-25T12:40:05.332Z,ESP32_ENERGY_MONITOR_001,17.97,62.71,8,2.22,217.99,0.01,ok
2025-12-25T12:45:05.332Z,ESP32_ENERGY_MONITOR_001,18.80,61.60,9,2.19,224.12,0.01,ok
2025-12-25T12:50:05.332Z,ESP32_ENERGY_MONITOR_001,17.78,63.72,9,2.45,219.95,0.01,ok
2025-12-25T12:55:05.332Z,ESP32_ENERGY_MONITOR_001,18.54,65.69,5,2.39,221.80,0.01,ok
2025-12-25T13:00:05.332Z,ESP32_ENERGY_MONITOR_001,17.31,68.28,9,2.21,220.45,0.01,ok
2025-12-25T13:05:05.332Z,ESP32_ENERGY_MONITOR_001,17.33,66.20,1,2.25,220.17,0.01,ok
2025-12-25T13:10:05.332Z,ESP32_ENERGY_MONITOR_001,16.86,66.41,9,2.21,215.01,0.01,ok
2025-12-25T13:15:05.332Z,ESP32_ENERGY_MONITOR_001,16.10,69.18,3,1.95,216.05,0.01,ok
2025-12-25T13:20:05.332Z,ESP32_ENERGY_MONITOR_001,17.74,65.92,3,2.36,224.82,0.01,ok
2025-12-25T13:25:05.332Z,ESP32_ENERGY_MONITOR_001,16.55,66.98,1,2.11,219.43,0.01,ok
2025-12-25T13:30:05.332Z,ESP32_ENERGY_MONITOR_001,16.64,65.29,5,2.23,219.14,0.01,ok
2025-12-25T13:35:05.332Z,ESP32_ENERGY_MONITOR_001,17.75,69.30,2,2.29,219.57,0.01,ok
2025-12-25T13:40:05.332Z,ESP32_ENERGY_MONITOR_001,17.81,69.51,9,2.56,221.85,0.01,ok
2025-12-25T13:45:05.332Z,ESP32_ENERGY_MONITOR_001,16.71,65.00,9,2.48,215.68,0.01,ok
2025-12-25T13:50:05.332Z,ESP32_ENERGY_MONITOR_001,17.83,69.09,2,1.96,218.80,0.01,ok
2025-12-25T13:55:05.332Z,ESP32_ENERGY_MONITOR_001,17.72,68.52,6,2.37,223.75,0.01,ok
2025-12-25T14:00:05.332Z,ESP32_ENERGY_MONITOR_001,15.18,71.43,6,2.38,224.44,0.01,ok
2025-12-25T14:05:05.332Z,ESP32_ENERGY_MONITOR_001,15.36,68.24,8,2.13,221.10,0.01,ok
2025-12-25T14:10:05.332Z,ESP32_ENERGY_MONITOR_001,16.40,70.71,0,1.99,224.61,0.01,ok
2025-12-25T14:15:05.332Z,ESP32_ENERGY_MONITOR_001,15.10,70.10,8,2.07,215.36,0.01,ok
2025-12-25T14:20:05.332Z,ESP32_ENERGY_MONITOR_001,15.26,69.86,8,2.39,223.94,0.01,ok
2025-12-25T14:25:05.332Z,ESP32_ENERGY_MONITOR_001,16.51,69.98,1,2.17,217.40,0.01,ok
2025-12-25T14:30:05.332Z,ESP32_ENERGY_MONITOR_001,16.45,69.49,7,2.35,215.17,0.01,ok
2025-12-25T14:35:05.332Z,ESP32_ENERGY_MONITOR_001,16.09,72.44,6,2.34,216.34,0.01,ok
2025-12-25T14:40:05.332Z,ESP32_ENERGY_MONITOR_001,15.10,69.28,3,2.25,224.47,0.01,ok
2025-12-25T14:45:05.332Z,ESP32_ENERGY_MONITOR_001,16.18,72.26,7,2.43,215.45,0.01,ok
2025-12-25T14:50:05.332Z,ESP32_ENERGY_MONITOR_001,16.40,70.53,9,2.45,221.92,0.01,ok
2025-12-25T14:55:05.332Z,ESP32_ENERGY_MONITOR_001,14.94,68.35,8,2.15,224.31,0.01,ok
2025-12-25T15:00:05.332Z,ESP32_ENERGY_MONITOR_001,14.73,74.23,9,2.35,222.12,0.01,ok
2025-12-25T15:05:05.332Z,ESP32_ENERGY_MONITOR_001,15.24,73.09,2,1.88,219.94,0.01,ok
2025-12-25T15:10:05.332Z,ESP32_ENERGY_MONITOR_001,14.32,71.60,7,2.27,219.36,0.01,ok
2025-12-25T15:15:05.332Z,ESP32_ENERGY_MONITOR_001,15.31,72.53,2,1.89,223.19,0.01,ok
2025-12-25T15:20:05.332Z,ESP32_ENERGY_MONITOR_001,14.90,72.35,8,2.46,222.50,0.01,ok
2025-12-25T15:25:05.332Z,ESP32_ENERGY_MONITOR_001,15.31,70.78,8,2.48,222.08,0.01,ok
2025-12-25T15:30:05.332Z,ESP32_ENERGY_MONITOR_001,14.25,71.70,2,2.07,221.52,0.01,ok
2025-12-25T15:35:05.332Z,ESP32_ENERGY_MONITOR_001,14.77,75.06,1,2.26,217.21,0.01,ok
2025-12-25T15:40:05.332Z,ESP32_ENERGY_MONITOR_001,15.14,72.73,0,1.79,218.40,0.01,ok
2025-12-25T15:45:05.332Z,ESP32_ENERGY_MONITOR_001,14.66,73.03,1,1.98,220.60,0.01,ok
2025-12-25T15:50:05.332Z,ESP32_ENERGY_MONITOR_001,14.91,75.21,7,2.22,223.05,0.01,ok
2025-12-25T15:55:05.332Z,ESP32_ENERGY_MONITOR_001,15.27,73.63,5,2.28,219.42,0.01,ok
2025-12-25T16:00:05.332Z,ESP32_ENERGY_MONITOR_001,14.46,72.95,6,2.26,218.89,0.01,ok
2025-12-25T16:05:05.332Z,ESP32_ENERGY_MONITOR_001,14.20,74.92,4,2.21,217.07,0.01,ok
2025-12-25T16:10:05.332Z,ESP32_ENERGY_MONITOR_001,13.67,73.49,2,2.05,217.23,0.01,ok
2025-12-25T16:15:05.332Z,ESP32_ENERGY_MONITOR_001,13.24,75.02,9,2.30,220.05,0.01,ok
2025-12-25T16:20:05.332Z,ESP32_ENERGY_MONITOR_001,14.90,74.46,0,2.07,220.49,0.01,ok
2025-12-25T16:25:05.332Z,ESP32_ENERGY_MONITOR_001,13.59,73.44,8,2.51,217.34,0.01,ok
2025-12-25T16:30:05.332Z,ESP32_ENERGY_MONITOR_001,14.29,73.58,7,2.31,221.06,0.01,ok
2025-12-25T16:35:05.332Z,ESP32_ENERGY_MONITOR_001,13.23,72.49,9,2.59,224.52,0.01,ok
2025-12-25T16:40:05.332Z,ESP32_ENERGY_MONITOR_001,14.96,73.39,2,1.98,220.30,0.01,ok
2025-12-25T16:45:05.332Z,ESP32_ENERGY_MONITOR_001,14.02,74.02,0,2.25,220.22,0.01,ok
2025-12-25T16:50:05.332Z,ESP32_ENERGY_MONITOR_001,15.05,74.15,6,2.28,219.69,0.01,ok
2025-12-25T16:55:05.332Z,ESP32_ENERGY_MONITOR_001,14.69,75.07,2,1.89,219.12,0.01,ok
2025-12-25T17:00:05.332Z,ESP32_ENERGY_MONITOR_001,13.87,73.17,8,2.09,219.45,0.01,ok
2025-12-25T17:05:05.332Z,ESP32_ENERGY_MONITOR_001,14.77,75.47,1,2.21,220.66,0.01,ok
2025-12-25T17:10:05.332Z,ESP32_ENERGY_MONITOR_001,14.17,77.31,9,2.42,222.08,0.01,ok
2025-12-25T17:15:05.332Z,ESP32_ENERGY_MONITOR_001,14.19,75.06,4,2.33,215.94,0.01,ok
2025-12-25T17:20:05.332Z,ESP32_ENERGY_MONITOR_001,14.31,75.63,9,2.35,221.77,0.01,ok
2025-12-25T17:25:05.332Z,ESP32_ENERGY_MONITOR_001,14.25,74.68,0,1.78,222.88,0.01,ok
2025-12-25T17:30:05.332Z,ESP32_ENERGY_MONITOR_001,14.66,73.48,9,2.41,216.22,0.01,ok
2025-12-25T17:35:05.332Z,ESP32_ENERGY_MONITOR_001,13.19,74.72,9,2.30,220.69,0.01,ok
2025-12-25T17:40:05.332Z,ESP32_ENERGY_MONITOR_001,14.33,76.49,9,2.52,217.81,0.01,ok
2025-12-25T17:45:05.332Z,ESP32_ENERGY_MONITOR_001,14.42,74.03,8,2.19,221.08,0.01,ok
2025-12-25T17:50:05.332Z,ESP32_ENERGY_MONITOR_001,14.54,72.54,2,2.22,222.91,0.01,ok
2025-12-25T17:55:05.332Z,ESP32_ENERGY_MONITOR_001,14.83,73.11,8,2.32,219.32,0.01,ok
2025-12-25T18:00:05.332Z,ESP32_ENERGY_MONITOR_001,13.65,75.91,1,2.10,222.83,0.01,ok
2025-12-25T18:05:05.332Z,ESP32_ENERGY_MONITOR_001,13.86,76.45,0,1.97,219.33,0.01,ok
2025-12-25T18:10:05.332Z,ESP32_ENERGY_MONITOR_001,14.93,73.61,8,2.37,222.34,0.01,ok
2025-12-25T18:15:05.332Z,ESP32_ENERGY_MONITOR_001,13.31,72.60,8,2.35,220.08,0.01,ok
2025-12-25T18:20:05.332Z,ESP32_ENERGY_MONITOR_001,14.25,72.15,7,2.50,219.54,0.01,ok
2025-12-25T18:25:05.332Z,ESP32_ENERGY_MONITOR_001,14.98,73.42,8,2.18,224.37,0.01,ok
2025-12-25T18:30:05.332Z,ESP32_ENERGY_MONITOR_001,13.40,72.24,1,2.04,218.67,0.01,ok
2025-12-25T18:35:05.332Z,ESP32_ENERGY_MONITOR_001,14.45,75.14,3,2.05,219.99,0.01,ok
2025-12-25T18:40:05.332Z,ESP32_ENERGY_MONITOR_001,13.39,76.46,5,2.09,221.63,0.01,ok
2025-12-25T18:45:05.332Z,ESP32_ENERGY_MONITOR_001,14.75,73.67,8,2.56,224.25,0.01,ok
2025-12-25T18:50:05.332Z,ESP32_ENERGY_MONITOR_001,13.41,76.54,1,2.19,218.55,0.01,ok
2025-12-25T18:55:05.332Z,ESP32_ENERGY_MONITOR_001,14.47,73.33,1,2.06,221.27,0.01,ok
2025-12-25T19:00:05.332Z,ESP32_ENERGY_MONITOR_001,15.43,70.74,6,2.27,221.98,0.01,ok
2025-12-25T19:05:05.332Z,ESP32_ENERGY_MONITOR_001,14.88,72.51,5,2.17,219.17,0.01,ok
2025-12-25T19:10:05.332Z,ESP32_ENERGY_MONITOR_001,13.91,70.89,3,2.05,218.65,0.01,ok
2025-12-25T19:15:05.332Z,ESP32_ENERGY_MONITOR_001,14.70,74.98,1,2.14,221.82,0.01,ok
2025-12-25T19:20:05.332Z,ESP32_ENERGY_MONITOR_001,15.48,71.66,7,2.09,215.40,0.01,ok
2025-12-25T19:25:05.332Z,ESP32_ENERGY_MONITOR_001,13.96,71.74,8,2.19,219.60,0.01,ok
2025-12-25T19:30:05.332Z,ESP32_ENERGY_MONITOR_001,14.35,75.40,9,2.15,221.29,0.01,ok
2025-12-25T19:35:05.332Z,ESP32_ENERGY_MONITOR_001,15.80,74.17,9,2.30,221.70,0.01,ok
2025-12-25T19:40:05.332Z,ESP32_ENERGY_MONITOR_001,14.35,70.80,8,2.45,222.15,0.01,ok
2025-12-25T19:45:05.332Z,ESP32_ENERGY_MONITOR_001,14.85,72.99,4,1.98,222.82,0.01,ok
2025-12-25T19:50:05.332Z,ESP32_ENERGY_MONITOR_001,15.42,73.24,3,2.08,217.44,0.01,ok
2025-12-25T19:55:05.332Z,ESP32_ENERGY_MONITOR_001,14.77,74.92,5,2.09,215.97,0.01,ok
2025-12-25T20:00:05.332Z,ESP32_ENERGY_MONITOR_001,14.89,72.08,5,2.33,218.89,0.01,ok
2025-12-25T20:05:05.332Z,ESP32_ENERGY_MONITOR_001,16.47,72.07,4,2.22,218.48,0.01,ok
2025-12-25T20:10:05.332Z,ESP32_ENERGY_MONITOR_001,14.77,71.90,1,1.98,224.43,0.01,ok
2025-12-25T20:15:05.332Z,ESP32_ENERGY_MONITOR_001,16.14,69.65,1,1.94,219.34,0.01,ok
2025-12-25T20:20:05.332Z,ESP32_ENERGY_MONITOR_001,16.15,68.88,9,2.24,217.09,0.01,ok
2025-12-25T20:25:05.332Z,ESP32_ENERGY_MONITOR_001,16.22,69.57,5,2.33,217.80,0.01,ok
2025-12-25T20:30:05.332Z,ESP32_ENERGY_MONITOR_001,15.26,68.22,3,2.07,216.95,0.01,ok
2025-12-25T20:35:05.332Z,ESP32_ENERGY_MONITOR_001,16.28,69.80,0,2.20,222.99,0.01,ok
2025-12-25T20:40:05.332Z,ESP32_ENERGY_MONITOR_001,15.39,71.19,4,2.07,215.66,0.01,ok
2025-12-25T20:45:05.332Z,ESP32_ENERGY_MONITOR_001,16.09,72.98,8,2.52,219.33,0.01,ok
2025-12-25T20:50:05.332Z,ESP32_ENERGY_MONITOR_001,15.30,72.12,7,2.19,215.25,0.01,ok
2025-12-25T20:55:05.332Z,ESP32_ENERGY_MONITOR_001,14.84,72.78,6,2.02,221.00,0.01,ok
2025-12-25T21:00:05.332Z,ESP32_ENERGY_MONITOR_001,17.43,65.24,4,2.03,217.03,0.01,ok
2025-12-25T21:05:05.332Z,ESP32_ENERGY_MONITOR_001,16.71,68.61,2,1.88,222.72,0.01,ok
2025-12-25T21:10:05.332Z,ESP32_ENERGY_MONITOR_001,18.00,66.78,0,1.90,221.76,0.01,ok
2025-12-25T21:15:05.332Z,ESP32_ENERGY_MONITOR_001,17.01,67.33,2,2.32,221.88,0.01,ok
2025-12-25T21:20:05.332Z,ESP32_ENERGY_MONITOR_001,16.82,69.82,0,1.87,222.78,0.01,ok
2025-12-25T21:25:05.332Z,ESP32_ENERGY_MONITOR_001,17.33,67.17,0,1.95,222.59,0.01,ok
2025-12-25T21:30:05.332Z,ESP32_ENERGY_MONITOR_001,17.06,67.77,8,2.33,222.30,0.01,ok
2025-12-25T21:35:05.332Z,ESP32_ENERGY_MONITOR_001,16.05,67.41,7,2.48,224.54,0.01,ok
2025-12-25T21:40:05.332Z,ESP32_ENERGY_MONITOR_001,17.36,68.09,6,2.12,216.66,0.01,ok
2025-12-25T21:45:05.332Z,ESP32_ENERGY_MONITOR_001,16.89,67.53,4,2.28,218.08,0.01,ok
2025-12-25T21:50:05.332Z,ESP32_ENERGY_MONITOR_001,16.09,65.50,5,2.10,218.34,0.01,ok
2025-12-25T21:55:05.332Z,ESP32_ENERGY_MONITOR_001,16.14,68.25,7,2.11,215.11,0.01,ok
2025-12-25T22:00:05.332Z,ESP32_ENERGY_MONITOR_001,18.78,63.87,0,2.15,219.59,0.01,ok
2025-12-25T22:05:05.332Z,ESP32_ENERGY_MONITOR_001,18.82,63.69,4,1.92,223.09,0.01,ok
2025-12-25T22:10:05.332Z,ESP32_ENERGY_MONITOR_001,18.13,65.55,7,2.30,219.57,0.01,ok
2025-12-25T22:15:05.332Z,ESP32_ENERGY_MONITOR_001,17.81,64.48,5,2.17,217.19,0.01,ok
2025-12-25T22:20:05.332Z,ESP32_ENERGY_MONITOR_001,19.42,65.89,3,2.00,215.76,0.01,ok
2025-12-25T22:25:05.332Z,ESP32_ENERGY_MONITOR_001,18.32,65.11,7,2.18,224.40,0.01,ok
2025-12-25T22:30:05.332Z,ESP32_ENERGY_MONITOR_001,19.44,62.69,4,1.96,216.94,0.01,ok
2025-12-25T22:35:05.332Z,ESP32_ENERGY_MONITOR_001,18.30,61.48,7,2.15,216.59,0.01,ok
2025-12-25T22:40:05.332Z,ESP32_ENERGY_MONITOR_001,18.45,62.93,6,2.26,224.52,0.01,ok
2025-12-25T22:45:05.332Z,ESP32_ENERGY_MONITOR_001,19.29,63.64,8,2.50,223.83,0.01,ok
2025-12-25T22:50:05.332Z,ESP32_ENERGY_MONITOR_001,18.54,64.55,8,2.42,224.67,0.01,ok
2025-12-25T22:55:05.332Z,ESP32_ENERGY_MONITOR_001,19.08,62.53,4,2.03,219.39,0.01,ok
2025-12-25T23:00:05.332Z,ESP32_ENERGY_MONITOR_001,19.01,59.57,5,2.05,219.65,0.01,ok
2025-12-25T23:05:05.332Z,ESP32_ENERGY_MONITOR_001,20.78,59.77,7,2.12,217.38,0.01,ok
2025-12-25T23:10:05.332Z,ESP32_ENERGY_MONITOR_001,20.06,59.82,5,2.17,219.70,0.01,ok
2025-12-25T23:15:05.332Z,ESP32_ENERGY_MONITOR_001,20.38,58.76,0,1.76,217.70,0.01,ok
2025-12-25T23:20:05.332Z,ESP32_ENERGY_MONITOR_001,19.52,62.44,6,2.02,220.69,0.01,ok
2025-12-25T23:25:05.332Z,ESP32_ENERGY_MONITOR_001,20.79,58.82,8,2.49,217.85,0.01,ok
2025-12-25T23:30:05.332Z,ESP32_ENERGY_MONITOR_001,19.68,58.81,2,1.98,218.86,0.01,ok
2025-12-25T23:35:05.332Z,ESP32_ENERGY_MONITOR_001,19.91,62.22,4,2.09,223.82,0.01,ok
2025-12-25T23:40:05.332Z,ESP32_ENERGY_MONITOR_001,19.45,57.74,3,2.01,223.36,0.01,ok
2025-12-25T23:45:05.332Z,ESP32_ENERGY_MONITOR_001,19.71,58.44,7,2.53,218.66,0.01,ok
2025-12-25T23:50:05.332Z,ESP32_ENERGY_MONITOR_001,19.41,59.74,7,2.36,224.63,0.01,ok
2025-12-25T23:55:05.332Z,ESP32_ENERGY_MONITOR_001,19.73,61.34,8,2.15,216.33,0.01,ok
2025-12-26T00:00:05.332Z,ESP32_ENERGY_MONITOR_001,21.10,55.25,1,2.08,220.68,0.01,ok
2025-12-26T00:05:05.332Z,ESP32_ENERGY_MONITOR_001,22.54,57.45,0,1.95,218.89,0.01,ok
2025-12-26T00:10:05.332Z,ESP32_ENERGY_MONITOR_001,21.87,55.85,3,1.88,217.46,0.01,ok
2025-12-26T00:15:05.332Z,ESP32_ENERGY_MONITOR_001,21.64,55.20,4,2.26,216.36,0.01,ok
2025-12-26T00:20:05.332Z,ESP32_ENERGY_MONITOR_001,21.95,58.52,0,1.88,216.74,0.01,ok
2025-12-26T00:25:05.332Z,ESP32_ENERGY_MONITOR_001,21.93,57.39,1,2.06,222.31,0.01,ok
2025-12-26T00:30:05.332Z,ESP32_ENERGY_MONITOR_001,21.15,56.80,9,2.42,220.66,0.01,ok
2025-12-26T00:35:05.332Z,ESP32_ENERGY_MONITOR_001,22.18,58.19,3,2.11,220.38,0.01,ok
2025-12-26T00:40:05.332Z,ESP32_ENERGY_MONITOR_001,21.88,56.08,3,1.93,218.07,0.01,ok
2025-12-26T00:45:05.332Z,ESP32_ENERGY_MONITOR_001,21.97,55.57,3,2.21,218.32,0.01,ok
2025-12-26T00:50:05.332Z,ESP32_ENERGY_MONITOR_001,21.73,58.19,9,2.56,221.73,0.01,ok
2025-12-26T00:55:05.332Z,ESP32_ENERGY_MONITOR_001,22.04,55.45,4,2.00,224.70,0.01,ok
2025-12-26T01:00:05.332Z,ESP32_ENERGY_MONITOR_001,22.03,52.53,15,2.50,215.93,0.01,ok
2025-12-26T01:05:05.332Z,ESP32_ENERGY_MONITOR_001,22.59,54.08,16,2.72,223.27,0.01,ok
2025-12-26T01:10:05.332Z,ESP32_ENERGY_MONITOR_001,22.91,53.40,15,2.62,219.69,0.01,ok
2025-12-26T01:15:05.332Z,ESP32_ENERGY_MONITOR_001,22.01,50.17,21,3.09,224.33,0.01,ok
2025-12-26T01:20:05.332Z,ESP32_ENERGY_MONITOR_001,22.50,51.06,20,2.88,215.87,0.01,ok
2025-12-26T01:25:05.332Z,ESP32_ENERGY_MONITOR_001,22.03,51.81,17,2.71,215.05,0.01,ok
2025-12-26T01:30:05.332Z,ESP32_ENERGY_MONITOR_001,22.06,50.78,15,2.44,224.90,0.01,ok
2025-12-26T01:35:05.332Z,ESP32_ENERGY_MONITOR_001,22.86,53.93,22,2.80,215.02,0.01,ok
2025-12-26T01:40:05.332Z,ESP32_ENERGY_MONITOR_001,22.86,50.56,21,2.66,222.38,0.01,ok
2025-12-26T01:45:05.332Z,ESP32_ENERGY_MONITOR_001,22.39,52.28,23,2.92,217.35,0.01,ok
2025-12-26T01:50:05.332Z,ESP32_ENERGY_MONITOR_001,22.18,50.93,16,2.80,219.76,0.01,ok
2025-12-26T01:55:05.332Z,ESP32_ENERGY_MONITOR_001,23.51,53.56,15,2.61,223.18,0.01,ok
2025-12-26T02:00:05.332Z,ESP32_ENERGY_MONITOR_001,24.07,51.04,29,3.14,223.15,0.01,ok
2025-12-26T02:05:05.332Z,ESP32_ENERGY_MONITOR_001,23.62,49.02,27,3.02,216.31,0.01,ok
2025-12-26T02:10:05.332Z,ESP32_ENERGY_MONITOR_001,24.83,48.26,28,3.32,215.06,0.02,ok
2025-12-26T02:15:05.332Z,ESP32_ENERGY_MONITOR_001,24.46,47.87,28,3.47,219.42,0.02,ok
2025-12-26T02:20:05.332Z,ESP32_ENERGY_MONITOR_001,25.14,50.62,25,3.47,223.11,0.02,ok
2025-12-26T02:25:05.332Z,ESP32_ENERGY_MONITOR_001,23.70,50.95,26,3.04,215.96,0.01,ok
2025-12-26T02:30:05.332Z,ESP32_ENERGY_MONITOR_001,23.36,49.62,20,2.58,222.27,0.01,ok
2025-12-26T02:35:05.332Z,ESP32_ENERGY_MONITOR_001,24.22,48.90,24,3.10,215.73,0.01,ok
2025-12-26T02:40:05.332Z,ESP32_ENERGY_MONITOR_001,23.83,47.34,27,2.88,224.94,0.01,ok
2025-12-26T02:45:05.332Z,ESP32_ENERGY_MONITOR_001,24.97,50.65,21,3.37,218.71,0.02,ok
2025-12-26T02:50:05.332Z,ESP32_ENERGY_MONITOR_001,25.23,48.07,26,3.38,217.41,0.02,ok
2025-12-26T02:55:05.332Z,ESP32_ENERGY_MONITOR_001,25.19,51.13,27,3.66,223.38,0.02,ok
2025-12-26T03:00:05.332Z,ESP32_ENERGY_MONITOR_001,25.31,47.58,25,3.41,216.42,0.02,ok
2025-12-26T03:05:05.332Z,ESP32_ENERGY_MONITOR_001,24.79,47.74,27,3.35,216.36,0.02,ok
2025-12-26T03:10:05.332Z,ESP32_ENERGY_MONITOR_001,25.33,45.44,29,3.51,224.83,0.02,ok
2025-12-26T03:15:05.332Z,ESP32_ENERGY_MONITOR_001,25.62,45.62,29,3.88,216.65,0.02,ok
2025-12-26T03:20:05.332Z,ESP32_ENERGY_MONITOR_001,25.18,46.48,25,3.48,223.59,0.02,ok
2025-12-26T03:25:05.332Z,ESP32_ENERGY_MONITOR_001,25.40,46.47,28,3.72,217.47,0.02,ok
2025-12-26T03:30:05.332Z,ESP32_ENERGY_MONITOR_001,25.14,48.21,26,3.21,220.73,0.01,ok
2025-12-26T03:35:05.332Z,ESP32_ENERGY_MONITOR_001,25.59,44.98,25,3.63,223.83,0.02,ok
2025-12-26T03:40:05.332Z,ESP32_ENERGY_MONITOR_001,24.99,44.77,31,3.78,217.18,0.02,ok
2025-12-26T03:45:05.332Z,ESP32_ENERGY_MONITOR_001,24.57,47.16,25,3.20,216.51,0.01,ok
2025-12-26T03:50:05.332Z,ESP32_ENERGY_MONITOR_001,24.61,48.66,33,3.42,222.34,0.02,ok
2025-12-26T03:55:05.332Z,ESP32_ENERGY_MONITOR_001,26.14,45.07,32,3.92,223.64,0.02,ok
2025-12-26T04:00:05.332Z,ESP32_ENERGY_MONITOR_001,24.83,44.36,36,3.68,222.52,0.02,ok
2025-12-26T04:05:05.332Z,ESP32_ENERGY_MONITOR_001,25.18,43.33,35,3.74,221.37,0.02,ok
2025-12-26T04:10:05.332Z,ESP32_ENERGY_MONITOR_001,25.90,47.91,28,3.47,219.20,0.02,ok
2025-12-26T04:15:05.332Z,ESP32_ENERGY_MONITOR_001,25.97,46.88,34,3.83,222.72,0.02,ok
2025-12-26T04:20:05.332Z,ESP32_ENERGY_MONITOR_001,26.56,44.48,29,4.03,220.23,0.02,ok
2025-12-26T04:25:05.332Z,ESP32_ENERGY_MONITOR_001,26.72,43.62,34,4.33,220.12,0.02,ok
2025-12-26T04:30:05.332Z,ESP32_ENERGY_MONITOR_001,26.22,47.35,28,3.74,221.47,0.02,ok
2025-12-26T04:35:05.332Z,ESP32_ENERGY_MONITOR_001,24.90,43.76,27,3.43,222.34,0.02,ok
2025-12-26T04:40:05.332Z,ESP32_ENERGY_MONITOR_001,25.69,43.70,28,3.53,219.39,0.02,ok
2025-12-26T04:45:05.332Z,ESP32_ENERGY_MONITOR_001,26.06,43.09,31,3.75,216.60,0.02,ok
2025-12-26T04:50:05.332Z,ESP32_ENERGY_MONITOR_001,25.07,43.11,35,3.96,215.47,0.02,ok
2025-12-26T04:55:05.332Z,ESP32_ENERGY_MONITOR_001,25.38,46.47,30,3.63,219.36,0.02,ok
2025-12-26T05:00:05.332Z,ESP32_ENERGY_MONITOR_001,25.05,43.74,36,3.79,224.65,0.02,ok
2025-12-26T05:05:05.332Z,ESP32_ENERGY_MONITOR_001,25.32,45.88,29,3.76,224.10,0.02,ok
2025-12-26T05:10:05.332Z,ESP32_ENERGY_MONITOR_001,25.23,45.61,37,3.77,223.06,0.02,ok
2025-12-26T05:15:05.332Z,ESP32_ENERGY_MONITOR_001,26.67,42.67,36,4.15,216.01,0.02,ok
2025-12-26T05:20:05.332Z,ESP32_ENERGY_MONITOR_001,25.52,42.58,35,3.89,215.32,0.02,ok
2025-12-26T05:25:05.332Z,ESP32_ENERGY_MONITOR_001,26.06,46.04,32,3.95,220.44,0.02,ok
2025-12-26T05:30:05.332Z,ESP32_ENERGY_MONITOR_001,26.19,47.18,32,3.87,223.67,0.02,ok
2025-12-26T05:35:05.332Z,ESP32_ENERGY_MONITOR_001,26.13,46.07,31,4.06,224.48,0.02,ok
2025-12-26T05:40:05.332Z,ESP32_ENERGY_MONITOR_001,25.95,42.55,32,3.65,218.58,0.02,ok
2025-12-26T05:45:05.332Z,ESP32_ENERGY_MONITOR_001,26.68,43.42,34,4.30,219.76,0.02,ok
2025-12-26T05:50:05.332Z,ESP32_ENERGY_MONITOR_001,25.06,43.92,35,3.50,219.63,0.02,ok
2025-12-26T05:55:05.332Z,ESP32_ENERGY_MONITOR_001,26.98,44.18,29,4.01,224.00,0.02,ok
2025-12-26T06:00:05.332Z,ESP32_ENERGY_MONITOR_001,24.84,44.38,35,3.44,224.00,0.02,ok
2025-12-26T06:05:05.332Z,ESP32_ENERGY_MONITOR_001,25.82,43.66,35,3.70,218.99,0.02,ok
2025-12-26T06:10:05.332Z,ESP32_ENERGY_MONITOR_001,26.10,45.80,37,3.88,216.21,0.02,ok
2025-12-26T06:15:05.332Z,ESP32_ENERGY_MONITOR_001,26.79,47.08,33,4.08,216.85,0.02,ok
2025-12-26T06:20:05.332Z,ESP32_ENERGY_MONITOR_001,25.73,44.38,29,3.59,219.17,0.02,ok
2025-12-26T06:25:05.332Z,ESP32_ENERGY_MONITOR_001,24.83,47.33,38,3.91,216.44,0.02,ok
2025-12-26T06:30:05.332Z,ESP32_ENERGY_MONITOR_001,26.60,43.85,32,4.09,218.21,0.02,ok
2025-12-26T06:35:05.332Z,ESP32_ENERGY_MONITOR_001,25.27,43.97,29,3.31,218.00,0.02,ok
2025-12-26T06:40:05.332Z,ESP32_ENERGY_MONITOR_001,26.40,45.67,36,4.27,221.62,0.02,ok
2025-12-26T06:45:05.332Z,ESP32_ENERGY_MONITOR_001,26.42,47.95,38,4.41,217.06,0.02,ok
2025-12-26T06:50:05.332Z,ESP32_ENERGY_MONITOR_001,25.84,46.58,30,3.51,217.97,0.02,ok
2025-12-26T06:55:05.332Z,ESP32_ENERGY_MONITOR_001,25.65,45.28,34,3.83,215.07,0.02,ok
2025-12-26T07:00:05.332Z,ESP32_ENERGY_MONITOR_001,24.99,44.71,35,3.71,220.90,0.02,ok
2025-12-26T07:05:05.332Z,ESP32_ENERGY_MONITOR_001,26.10,46.52,32,3.79,216.40,0.02,ok
2025-12-26T07:10:05.332Z,ESP32_ENERGY_MONITOR_001,24.97,44.58,28,3.26,217.11,0.01,ok
2025-12-26T07:15:05.332Z,ESP32_ENERGY_MONITOR_001,25.45,45.16,32,3.65,217.10,0.02,ok
2025-12-26T07:20:05.332Z,ESP32_ENERGY_MONITOR_001,25.70,45.15,28,3.58,218.20,0.02,ok
2025-12-26T07:25:05.332Z,ESP32_ENERGY_MONITOR_001,25.90,47.04,32,3.80,218.55,0.02,ok
2025-12-26T07:30:05.332Z,ESP32_ENERGY_MONITOR_001,25.31,47.12,31,3.44,215.22,0.02,ok
2025-12-26T07:35:05.332Z,ESP32_ENERGY_MONITOR_001,26.17,48.11,36,4.03,223.83,0.02,ok
2025-12-26T07:40:05.332Z,ESP32_ENERGY_MONITOR_001,25.77,45.66,36,3.82,224.18,0.02,ok
2025-12-26T07:45:05.332Z,ESP32_ENERGY_MONITOR_001,25.94,46.42,31,3.96,218.89,0.02,ok
2025-12-26T07:50:05.332Z,ESP32_ENERGY_MONITOR_001,25.30,49.08,34,3.75,217.94,0.02,ok
2025-12-26T07:55:05.332Z,ESP32_ENERGY_MONITOR_001,24.87,48.32,35,3.69,221.46,0.02,ok
2025-12-26T08:00:05.332Z,ESP32_ENERGY_MONITOR_001,23.86,50.72,24,3.07,217.72,0.01,ok
2025-12-26T08:05:05.332Z,ESP32_ENERGY_MONITOR_001,25.18,47.36,33,3.57,222.65,0.02,ok
2025-12-26T08:10:05.332Z,ESP32_ENERGY_MONITOR_001,23.54,48.78,27,3.12,217.15,0.01,ok
2025-12-26T08:15:05.332Z,ESP32_ENERGY_MONITOR_001,23.48,49.24,33,3.29,223.96,0.01,ok
2025-12-26T08:20:05.332Z,ESP32_ENERGY_MONITOR_001,24.84,50.64,33,3.71,215.74,0.02,ok
2025-12-26T08:25:05.332Z,ESP32_ENERGY_MONITOR_001,25.04,47.70,29,3.50,221.20,0.02,ok
2025-12-26T08:30:05.332Z,ESP32_ENERGY_MONITOR_001,24.44,50.55,31,3.14,222.82,0.01,ok
2025-12-26T08:35:05.332Z,ESP32_ENERGY_MONITOR_001,24.21,50.46,25,2.83,223.72,0.01,ok
2025-12-26T08:40:05.332Z,ESP32_ENERGY_MONITOR_001,24.00,48.31,25,2.94,215.97,0.01,ok
2025-12-26T08:45:05.332Z,ESP32_ENERGY_MONITOR_001,24.74,49.99,29,3.19,224.62,0.01,ok
2025-12-26T08:50:05.332Z,ESP32_ENERGY_MONITOR_001,24.55,49.07,26,3.14,218.13,0.01,ok
2025-12-26T08:55:05.332Z,ESP32_ENERGY_MONITOR_001,23.81,51.65,26,3.17,215.77,0.01,ok
2025-12-26T09:00:05.332Z,ESP32_ENERGY_MONITOR_001,22.80,51.92,20,2.74,215.47,0.01,ok
2025-12-26T09:05:05.332Z,ESP32_ENERGY_MONITOR_001,23.22,52.71,28,2.91,223.87,0.01,ok
2025-12-26T09:10:05.332Z,ESP32_ENERGY_MONITOR_001,22.90,51.74,24,2.82,216.69,0.01,ok
2025-12-26T09:15:05.332Z,ESP32_ENERGY_MONITOR_001,22.48,54.88,20,3.04,223.03,0.01,ok
2025-12-26T09:20:05.332Z,ESP32_ENERGY_MONITOR_001,23.11,51.12,20,2.60,219.48,0.01,ok
2025-12-26T09:25:05.332Z,ESP32_ENERGY_MONITOR_001,22.14,50.87,20,2.88,220.37,0.01,ok
2025-12-26T09:30:05.332Z,ESP32_ENERGY_MONITOR_001,23.74,51.27,29,3.30,217.94,0.02,ok
2025-12-26T09:35:05.332Z,ESP32_ENERGY_MONITOR_001,23.64,51.52,26,2.82,221.98,0.01,ok
2025-12-26T09:40:05.332Z,ESP32_ENERGY_MONITOR_001,23.49,53.00,24,3.02,219.00,0.01,ok
2025-12-26T09:45:05.332Z,ESP32_ENERGY_MONITOR_001,22.23,53.02,29,3.03,215.92,0.01,ok
2025-12-26T09:50:05.332Z,ESP32_ENERGY_MONITOR_001,23.34,51.36,20,2.72,220.61,0.01,ok
2025-12-26T09:55:05.332Z,ESP32_ENERGY_MONITOR_001,23.10,53.00,20,2.88,219.70,0.01,ok
2025-12-26T10:00:05.332Z,ESP32_ENERGY_MONITOR_001,20.63,57.16,22,2.98,219.73,0.01,ok
2025-12-26T10:05:05.332Z,ESP32_ENERGY_MONITOR_001,21.64,55.73,21,2.65,224.27,0.01,ok
2025-12-26T10:10:05.332Z,ESP32_ENERGY_MONITOR_001,21.50,57.52,23,2.70,222.75,0.01,ok
2025-12-26T10:15:05.332Z,ESP32_ENERGY_MONITOR_001,20.74,58.61,21,2.68,220.83,0.01,ok
2025-12-26T10:20:05.332Z,ESP32_ENERGY_MONITOR_001,22.30,56.03,23,3.00,215.11,0.01,ok
2025-12-26T10:25:05.332Z,ESP32_ENERGY_MONITOR_001,22.10,55.33,15,2.49,221.67,0.01,ok
2025-12-26T10:30:05.332Z,ESP32_ENERGY_MONITOR_001,20.92,54.62,19,2.90,224.09,0.01,ok
2025-12-26T10:35:05.332Z,ESP32_ENERGY_MONITOR_001,21.52,56.14,20,2.82,222.73,0.01,ok
2025-12-26T10:40:05.332Z,ESP32_ENERGY_MONITOR_001,20.64,57.87,24,2.98,219.53,0.01,ok
2025-12-26T10:45:05.332Z,ESP32_ENERGY_MONITOR_001,21.29,58.35,23,2.68,219.95,0.01,ok
2025-12-26T10:50:05.332Z,ESP32_ENERGY_MONITOR_001,22.34,55.36,18,2.93,223.29,0.01,ok
2025-12-26T10:55:05.332Z,ESP32_ENERGY_MONITOR_001,20.86,57.45,23,2.99,216.88,0.01,ok
2025-12-26T11:00:05.332Z,ESP32_ENERGY_MONITOR_001,19.71,62.22,6,2.05,215.27,0.01,ok
2025-12-26T11:05:05.332Z,ESP32_ENERGY_MONITOR_001,20.78,58.21,1,1.87,219.09,0.01,ok
2025-12-26T11:10:05.332Z,ESP32_ENERGY_MONITOR_001,19.38,59.91,6,2.13,215.07,0.01,ok
2025-12-26T11:15:05.332Z,ESP32_ENERGY_MONITOR_001,20.36,57.91,8,2.37,215.71,0.01,ok
2025-12-26T11:20:05.332Z,ESP32_ENERGY_MONITOR_001,20.99,58.10,2,2.01,223.42,0.01,ok
2025-12-26T11:25:05.332Z,ESP32_ENERGY_MONITOR_001,20.60,60.57,4,2.07,224.55,0.01,ok
2025-12-26T11:30:05.332Z,ESP32_ENERGY_MONITOR_001,19.70,60.63,6,2.07,224.30,0.01,ok
2025-12-26T11:35:05.332Z,ESP32_ENERGY_MONITOR_001,19.72,57.86,7,2.16,215.61,0.01,ok
2025-12-26T11:40:05.332Z,ESP32_ENERGY_MONITOR_001,19.45,59.29,7,2.46,218.66,0.01,ok
2025-12-26T11:45:05.332Z,ESP32_ENERGY_MONITOR_001,19.31,59.75,2,2.24,219.64,0.01,ok
2025-12-26T11:50:05.332Z,ESP32_ENERGY_MONITOR_001,20.96,59.79,8,2.16,216.42,0.01,ok
2025-12-26T11:55:05.332Z,ESP32_ENERGY_MONITOR_001,19.17,58.06,5,1.97,215.28,0.01,ok
2025-12-26T12:00:05.332Z,ESP32_ENERGY_MONITOR_001,17.88,64.62,0,1.79,221.96,0.01,ok
2025-12-26T12:05:05.332Z,ESP32_ENERGY_MONITOR_001,18.44,64.42,2,2.05,217.14,0.01,ok
2025-12-26T12:10:05.332Z,ESP32_ENERGY_MONITOR_001,17.94,66.16,8,2.30,222.87,0.01,ok
2025-12-26T12:15:05.332Z,ESP32_ENERGY_MONITOR_001,17.67,65.21,8,2.27,219.86,0.01,ok
2025-12-26T12:20:05.332Z,ESP32_ENERGY_MONITOR_001,17.56,65.10,8,2.21,223.91,0.01,ok
2025-12-26T12:25:05.332Z,ESP32_ENERGY_MONITOR_001,17.85,65.64,3,1.98,217.22,0.01,ok
2025-12-26T12:30:05.332Z,ESP32_ENERGY_MONITOR_001,18.44,63.36,1,2.19,224.68,0.01,ok
2025-12-26T12:35:05.332Z,ESP32_ENERGY_MONITOR_001,18.08,65.19,7,2.50,217.02,0.01,ok
2025-12-26T12:40:05.332Z,ESP32_ENERGY_MONITOR_001,19.30,64.04,7,2.42,218.86,0.01,ok
2025-12-26T12:45:05.332Z,ESP32_ENERGY_MONITOR_001,17.92,63.43,1,2.15,217.29,0.01,ok
2025-12-26T12:50:05.332Z,ESP32_ENERGY_MONITOR_001,18.57,61.96,0,2.09,223.24,0.01,ok
2025-12-26T12:55:05.332Z,ESP32_ENERGY_MONITOR_001,19.29,61.78,8,2.32,219.18,0.01,ok
2025-12-26T13:00:05.332Z,ESP32_ENERGY_MONITOR_001,16.52,66.62,6,2.29,220.05,0.01,ok
2025-12-26T13:05:05.332Z,ESP32_ENERGY_MONITOR_001,17.73,65.05,0,2.04,217.58,0.01,ok
2025-12-26T13:10:05.332Z,ESP32_ENERGY_MONITOR_001,16.29,69.29,2,2.12,217.70,0.01,ok
2025-12-26T13:15:05.332Z,ESP32_ENERGY_MONITOR_001,17.50,65.44,2,2.24,216.48,0.01,ok
2025-12-26T13:20:05.332Z,ESP32_ENERGY_MONITOR_001,16.93,67.99,5,2.15,224.03,0.01,ok
2025-12-26T13:25:05.332Z,ESP32_ENERGY_MONITOR_001,17.18,67.17,1,2.18,217.69,0.01,ok
2025-12-26T13:30:05.332Z,ESP32_ENERGY_MONITOR_001,17.98,66.23,2,1.92,221.64,0.01,ok
2025-12-26T13:35:05.332Z,ESP32_ENERGY_MONITOR_001,16.02,65.16,1,1.98,223.22,0.01,ok
2025-12-26T13:40:05.332Z,ESP32_ENERGY_MONITOR_001,17.17,67.93,9,2.41,215.62,0.01,ok
2025-12-26T13:45:05.332Z,ESP32_ENERGY_MONITOR_001,16.32,66.64,0,1.91,221.48,0.01,ok
2025-12-26T13:50:05.332Z,ESP32_ENERGY_MONITOR_001,16.10,66.46,5,2.17,222.11,0.01,ok
2025-12-26T13:55:05.332Z,ESP32_ENERGY_MONITOR_001,16.25,67.54,5,2.18,215.26,0.01,ok
2025-12-26T14:00:05.332Z,ESP32_ENERGY_MONITOR_001,15.21,71.08,6,2.21,223.30,0.01,ok
2025-12-26T14:05:05.332Z,ESP32_ENERGY_MONITOR_001,15.37,69.23,4,2.36,215.93,0.01,ok
2025-12-26T14:10:05.332Z,ESP32_ENERGY_MONITOR_001,15.82,69.47,5,2.14,215.68,0.01,ok
2025-12-26T14:15:05.332Z,ESP32_ENERGY_MONITOR_001,16.27,70.76,5,2.40,218.27,0.01,ok
2025-12-26T14:20:05.332Z,ESP32_ENERGY_MONITOR_001,15.00,69.62,0,2.03,218.07,0.01,ok
2025-12-26T14:25:05.332Z,ESP32_ENERGY_MONITOR_001,15.62,71.40,1,1.96,224.42,0.01,ok
2025-12-26T14:30:05.332Z,ESP32_ENERGY_MONITOR_001,16.09,68.85,2,2.24,224.42,0.01,ok
2025-12-26T14:35:05.332Z,ESP32_ENERGY_MONITOR_001,16.08,71.70,1,2.06,222.70,0.01,ok
2025-12-26T14:40:05.332Z,ESP32_ENERGY_MONITOR_001,15.76,70.79,7,2.45,223.89,0.01,ok
2025-12-26T14:45:05.332Z,ESP32_ENERGY_MONITOR_001,16.15,72.22,8,2.47,221.78,0.01,ok
2025-12-26T14:50:05.332Z,ESP32_ENERGY_MONITOR_001,15.51,73.06,0,2.19,221.09,0.01,ok
2025-12-26T14:55:05.332Z,ESP32_ENERGY_MONITOR_001,15.56,70.39,9,2.53,221.19,0.01,ok
2025-12-26T15:00:05.332Z,ESP32_ENERGY_MONITOR_001,13.99,72.24,7,2.51,217.86,0.01,ok
2025-12-26T15:05:05.332Z,ESP32_ENERGY_MONITOR_001,14.69,71.48,7,2.35,217.96,0.01,ok
2025-12-26T15:10:05.332Z,ESP32_ENERGY_MONITOR_001,14.22,72.21,6,2.43,224.63,0.01,ok
2025-12-26T15:15:05.332Z,ESP32_ENERGY_MONITOR_001,15.04,72.31,4,2.22,218.12,0.01,ok
2025-12-26T15:20:05.332Z,ESP32_ENERGY_MONITOR_001,14.97,73.33,4,1.98,216.27,0.01,ok
2025-12-26T15:25:05.332Z,ESP32_ENERGY_MONITOR_001,15.15,72.69,8,2.29,222.01,0.01,ok
2025-12-26T15:30:05.332Z,ESP32_ENERGY_MONITOR_001,15.22,73.80,1,2.00,216.06,0.01,ok
2025-12-26T15:35:05.332Z,ESP32_ENERGY_MONITOR_001,13.99,71.74,3,2.34,224.19,0.01,ok
2025-12-26T15:40:05.332Z,ESP32_ENERGY_MONITOR_001,14.86,75.46,2,2.04,219.13,0.01,ok
2025-12-26T15:45:05.332Z,ESP32_ENERGY_MONITOR_001,14.18,72.02,6,2.49,219.43,0.01,ok
2025-12-26T15:50:05.332Z,ESP32_ENERGY_MONITOR_001,14.60,70.66,4,1.98,220.15,0.01,ok
2025-12-26T15:55:05.332Z,ESP32_ENERGY_MONITOR_001,15.27,74.65,1,2.06,222.81,0.01,ok
2025-12-26T16:00:05.332Z,ESP32_ENERGY_MONITOR_001,13.85,74.71,3,2.28,221.89,0.01,ok
2025-12-26T16:05:05.332Z,ESP32_ENERGY_MONITOR_001,15.17,75.45,4,1.95,221.60,0.01,ok
2025-12-26T16:10:05.332Z,ESP32_ENERGY_MONITOR_001,13.87,73.44,9,2.28,216.39,0.01,ok
2025-12-26T16:15:05.332Z,ESP32_ENERGY_MONITOR_001,13.91,75.53,5,2.18,220.59,0.01,ok
2025-12-26T16:20:05.332Z,ESP32_ENERGY_MONITOR_001,13.57,76.83,3,2.12,222.86,0.01,ok
2025-12-26T16:25:05.332Z,ESP32_ENERGY_MONITOR_001,13.60,76.48,8,2.47,220.59,0.01,ok
2025-12-26T16:30:05.332Z,ESP32_ENERGY_MONITOR_001,14.64,73.89,8,2.49,218.31,0.01,ok
2025-12-26T16:35:05.332Z,ESP32_ENERGY_MONITOR_001,13.38,76.39,3,2.02,223.90,0.01,ok
2025-12-26T16:40:05.332Z,ESP32_ENERGY_MONITOR_001,14.72,76.28,1,2.09,221.04,0.01,ok
2025-12-26T16:45:05.332Z,ESP32_ENERGY_MONITOR_001,14.51,72.58,0,2.07,219.65,0.01,ok
2025-12-26T16:50:05.332Z,ESP32_ENERGY_MONITOR_001,13.82,73.07,7,2.16,216.78,0.01,ok
2025-12-26T16:55:05.332Z,ESP32_ENERGY_MONITOR_001,13.74,74.54,3,2.05,215.50,0.01,ok
2025-12-26T17:00:05.332Z,ESP32_ENERGY_MONITOR_001,13.63,72.75,2,2.02,220.16,0.01,ok
2025-12-26T17:05:05.332Z,ESP32_ENERGY_MONITOR_001,13.71,75.49,3,2.20,220.40,0.01,ok
2025-12-26T17:10:05.332Z,ESP32_ENERGY_MONITOR_001,13.41,74.20,7,2.05,222.91,0.01,ok
2025-12-26T17:15:05.332Z,ESP32_ENERGY_MONITOR_001,13.08,75.94,4,2.32,223.50,0.01,ok
2025-12-26T17:20:05.332Z,ESP32_ENERGY_MONITOR_001,14.98,74.13,4,2.13,222.19,0.01,ok
2025-12-26T17:25:05.332Z,ESP32_ENERGY_MONITOR_001,13.17,74.66,1,1.83,223.48,0.01,ok
2025-12-26T17:30:05.332Z,ESP32_ENERGY_MONITOR_001,14.64,72.50,4,2.31,216.78,0.01,ok
2025-12-26T17:35:05.332Z,ESP32_ENERGY_MONITOR_001,14.71,74.55,9,2.35,219.70,0.01,ok
2025-12-26T17:40:05.332Z,ESP32_ENERGY_MONITOR_001,13.83,72.70,8,2.10,222.24,0.01,ok
2025-12-26T17:45:05.332Z,ESP32_ENERGY_MONITOR_001,13.03,75.11,6,2.12,219.48,0.01,ok
2025-12-26T17:50:05.332Z,ESP32_ENERGY_MONITOR_001,14.04,73.70,1,1.86,215.34,0.01,ok
2025-12-26T17:55:05.332Z,ESP32_ENERGY_MONITOR_001,13.93,73.76,0,1.92,222.70,0.01,ok
2025-12-26T18:00:05.332Z,ESP32_ENERGY_MONITOR_001,14.88,72.70,0,1.98,220.78,0.01,ok
2025-12-26T18:05:05.332Z,ESP32_ENERGY_MONITOR_001,14.06,72.05,9,2.22,215.26,0.01,ok
2025-12-26T18:10:05.332Z,ESP32_ENERGY_MONITOR_001,14.71,74.50,9,2.43,217.92,0.01,ok
2025-12-26T18:15:05.332Z,ESP32_ENERGY_MONITOR_001,14.44,73.48,2,2.25,218.69,0.01,ok
2025-12-26T18:20:05.332Z,ESP32_ENERGY_MONITOR_001,15.11,73.22,2,2.26,215.66,0.01,ok
2025-12-26T18:25:05.332Z,ESP32_ENERGY_MONITOR_001,14.19,72.40,8,2.56,217.30,0.01,ok
2025-12-26T18:30:05.332Z,ESP32_ENERGY_MONITOR_001,13.36,75.09,0,1.87,215.76,0.01,ok
2025-12-26T18:35:05.332Z,ESP32_ENERGY_MONITOR_001,13.73,75.55,2,2.09,221.68,0.01,ok
2025-12-26T18:40:05.332Z,ESP32_ENERGY_MONITOR_001,14.53,72.50,6,2.37,222.93,0.01,ok
2025-12-26T18:45:05.332Z,ESP32_ENERGY_MONITOR_001,13.67,74.34,2,2.27,217.29,0.01,ok
2025-12-26T18:50:05.332Z,ESP32_ENERGY_MONITOR_001,14.78,74.23,6,2.20,224.76,0.01,ok
2025-12-26T18:55:05.332Z,ESP32_ENERGY_MONITOR_001,15.19,74.45,5,2.28,216.15,0.01,ok
2025-12-26T19:00:05.332Z,ESP32_ENERGY_MONITOR_001,14.22,73.44,5,2.43,223.46,0.01,ok
2025-12-26T19:05:05.332Z,ESP32_ENERGY_MONITOR_001,15.42,74.22,2,2.25,223.57,0.01,ok
2025-12-26T19:10:05.332Z,ESP32_ENERGY_MONITOR_001,15.18,71.59,0,1.80,219.31,0.01,ok
2025-12-26T19:15:05.332Z,ESP32_ENERGY_MONITOR_001,15.28,74.38,2,2.27,217.32,0.01,ok
2025-12-26T19:20:05.332Z,ESP32_ENERGY_MONITOR_001,15.29,74.18,3,1.92,222.33,0.01,ok
2025-12-26T19:25:05.332Z,ESP32_ENERGY_MONITOR_001,15.38,74.15,5,1.97,219.25,0.01,ok
2025-12-26T19:30:05.332Z,ESP32_ENERGY_MONITOR_001,14.11,72.01,7,2.18,220.89,0.01,ok
2025-12-26T19:35:05.332Z,ESP32_ENERGY_MONITOR_001,14.98,73.90,4,2.11,219.74,0.01,ok
2025-12-26T19:40:05.332Z,ESP32_ENERGY_MONITOR_001,15.06,71.96,3,1.99,219.98,0.01,ok
2025-12-26T19:45:05.332Z,ESP32_ENERGY_MONITOR_001,13.87,74.11,0,1.94,219.96,0.01,ok
2025-12-26T19:50:05.332Z,ESP32_ENERGY_MONITOR_001,15.15,71.73,0,1.98,223.15,0.01,ok
2025-12-26T19:55:05.332Z,ESP32_ENERGY_MONITOR_001,14.86,70.97,1,1.85,224.42,0.01,ok
2025-12-26T20:00:05.332Z,ESP32_ENERGY_MONITOR_001,15.55,70.17,9,2.23,221.43,0.01,ok
2025-12-26T20:05:05.332Z,ESP32_ENERGY_MONITOR_001,15.65,68.84,4,2.27,224.94,0.01,ok
2025-12-26T20:10:05.332Z,ESP32_ENERGY_MONITOR_001,16.23,69.44,9,2.57,222.94,0.01,ok
2025-12-26T20:15:05.332Z,ESP32_ENERGY_MONITOR_001,15.55,72.19,5,2.24,218.44,0.01,ok
2025-12-26T20:20:05.332Z,ESP32_ENERGY_MONITOR_001,14.95,72.28,7,2.13,216.05,0.01,ok
2025-12-26T20:25:05.332Z,ESP32_ENERGY_MONITOR_001,16.67,70.24,1,2.26,224.19,0.01,ok
2025-12-26T20:30:05.332Z,ESP32_ENERGY_MONITOR_001,15.05,68.93,5,2.22,217.36,0.01,ok
2025-12-26T20:35:05.332Z,ESP32_ENERGY_MONITOR_001,15.23,70.92,2,2.12,221.42,0.01,ok
2025-12-26T20:40:05.332Z,ESP32_ENERGY_MONITOR_001,15.61,71.07,0,1.83,222.48,0.01,ok
2025-12-26T20:45:05.332Z,ESP32_ENERGY_MONITOR_001,16.09,69.20,5,2.45,215.45,0.01,ok
2025-12-26T20:50:05.332Z,ESP32_ENERGY_MONITOR_001,15.48,72.39,7,2.46,223.64,0.01,ok
2025-12-26T20:55:05.332Z,ESP32_ENERGY_MONITOR_001,15.57,71.61,4,2.33,217.73,0.01,ok
2025-12-26T21:00:05.332Z,ESP32_ENERGY_MONITOR_001,17.46,65.43,0,1.94,220.21,0.01,ok
2025-12-26T21:05:05.332Z,ESP32_ENERGY_MONITOR_001,17.82,69.81,7,2.53,216.30,0.01,ok
2025-12-26T21:10:05.332Z,ESP32_ENERGY_MONITOR_001,17.20,67.30,5,2.36,223.63,0.01,ok
2025-12-26T21:15:05.332Z,ESP32_ENERGY_MONITOR_001,16.69,69.22,5,2.21,217.02,0.01,ok
2025-12-26T21:20:05.332Z,ESP32_ENERGY_MONITOR_001,17.42,65.11,2,2.09,217.36,0.01,ok
2025-12-26T21:25:05.332Z,ESP32_ENERGY_MONITOR_001,16.44,66.71,4,1.98,218.03,0.01,ok
2025-12-26T21:30:05.332Z,ESP32_ENERGY_MONITOR_001,16.08,68.47,0,1.89,222.92,0.01,ok
2025-12-26T21:35:05.332Z,ESP32_ENERGY_MONITOR_001,17.34,68.92,5,2.25,220.14,0.01,ok
2025-12-26T21:40:05.332Z,ESP32_ENERGY_MONITOR_001,17.70,65.58,3,2.12,219.59,0.01,ok
2025-12-26T21:45:05.332Z,ESP32_ENERGY_MONITOR_001,16.28,67.10,5,2.30,221.11,0.01,ok
2025-12-26T21:50:05.332Z,ESP32_ENERGY_MONITOR_001,17.63,68.33,3,2.09,216.06,0.01,ok
2025-12-26T21:55:05.332Z,ESP32_ENERGY_MONITOR_001,17.80,66.69,2,1.87,218.29,0.01,ok
2025-12-26T22:00:05.332Z,ESP32_ENERGY_MONITOR_001,17.99,62.47,3,1.96,224.16,0.01,ok
2025-12-26T22:05:05.332Z,ESP32_ENERGY_MONITOR_001,18.20,64.65,7,2.17,221.23,0.01,ok
2025-12-26T22:10:05.332Z,ESP32_ENERGY_MONITOR_001,18.04,62.41,7,2.16,215.69,0.01,ok
2025-12-26T22:15:05.332Z,ESP32_ENERGY_MONITOR_001,17.55,62.85,5,1.99,218.37,0.01,ok
2025-12-26T22:20:05.332Z,ESP32_ENERGY_MONITOR_001,18.35,65.80,2,2.03,219.94,0.01,ok
2025-12-26T22:25:05.332Z,ESP32_ENERGY_MONITOR_001,18.15,61.59,2,2.12,221.27,0.01,ok
2025-12-26T22:30:05.332Z,ESP32_ENERGY_MONITOR_001,18.67,65.52,0,1.76,215.59,0.01,ok
2025-12-26T22:35:05.332Z,ESP32_ENERGY_MONITOR_001,17.84,65.79,6,2.00,220.06,0.01,ok
2025-12-26T22:40:05.332Z,ESP32_ENERGY_MONITOR_001,17.77,61.93,5,2.40,220.09,0.01,ok
2025-12-26T22:45:05.332Z,ESP32_ENERGY_MONITOR_001,18.36,62.81,4,2.10,215.95,0.01,ok
2025-12-26T22:50:05.332Z,ESP32_ENERGY_MONITOR_001,18.77,64.01,7,2.29,221.91,0.01,ok
2025-12-26T22:55:05.332Z,ESP32_ENERGY_MONITOR_001,18.93,64.11,0,2.16,221.73,0.01,ok
2025-12-26T23:00:05.332Z,ESP32_ENERGY_MONITOR_001,19.45,58.98,9,2.36,218.41,0.01,ok
2025-12-26T23:05:05.332Z,ESP32_ENERGY_MONITOR_001,19.44,59.66,2,1.86,217.11,0.01,ok
2025-12-26T23:10:05.332Z,ESP32_ENERGY_MONITOR_001,20.76,62.49,0,2.18,217.60,0.01,ok
2025-12-26T23:15:05.332Z,ESP32_ENERGY_MONITOR_001,20.62,61.67,3,2.12,216.46,0.01,ok
2025-12-26T23:20:05.332Z,ESP32_ENERGY_MONITOR_001,19.97,62.30,9,2.44,221.58,0.01,ok
2025-12-26T23:25:05.332Z,ESP32_ENERGY_MONITOR_001,19.96,57.81,1,2.00,221.55,0.01,ok
2025-12-26T23:30:05.332Z,ESP32_ENERGY_MONITOR_001,20.05,60.48,0,1.88,220.15,0.01,ok
2025-12-26T23:35:05.332Z,ESP32_ENERGY_MONITOR_001,20.26,58.25,4,1.98,218.04,0.01,ok
2025-12-26T23:40:05.332Z,ESP32_ENERGY_MONITOR_001,20.06,58.86,6,2.48,216.41,0.01,ok
2025-12-26T23:45:05.332Z,ESP32_ENERGY_MONITOR_001,20.48,60.21,7,2.49,222.47,0.01,ok
2025-12-26T23:50:05.332Z,ESP32_ENERGY_MONITOR_001,20.64,61.95,4,2.29,219.40,0.01,ok
2025-12-26T23:55:05.332Z,ESP32_ENERGY_MONITOR_001,20.24,61.12,9,2.47,215.92,0.01,ok
2025-12-27T00:00:05.332Z,ESP32_ENERGY_MONITOR_001,21.00,57.97,3,2.22,224.93,0.01,ok
2025-12-27T00:05:05.332Z,ESP32_ENERGY_MONITOR_001,21.56,58.51,0,1.76,215.13,0.01,ok
2025-12-27T00:10:05.332Z,ESP32_ENERGY_MONITOR_001,21.62,53.99,5,2.43,219.55,0.01,ok
2025-12-27T00:15:05.332Z,ESP32_ENERGY_MONITOR_001,21.56,55.54,7,2.33,220.27,0.01,ok
2025-12-27T00:20:05.332Z,ESP32_ENERGY_MONITOR_001,21.18,57.40,8,2.16,220.54,0.01,ok
2025-12-27T00:25:05.332Z,ESP32_ENERGY_MONITOR_001,22.02,56.63,2,2.20,217.09,0.01,ok
2025-12-27T00:30:05.332Z,ESP32_ENERGY_MONITOR_001,20.68,54.68,3,1.89,215.05,0.01,ok
2025-12-27T00:35:05.332Z,ESP32_ENERGY_MONITOR_001,21.72,55.73,2,1.88,220.64,0.01,ok
2025-12-27T00:40:05.332Z,ESP32_ENERGY_MONITOR_001,21.79,55.61,4,2.29,224.29,0.01,ok
2025-12-27T00:45:05.332Z,ESP32_ENERGY_MONITOR_001,22.48,55.30,2,2.03,223.01,0.01,ok
2025-12-27T00:50:05.332Z,ESP32_ENERGY_MONITOR_001,20.78,57.73,8,2.22,219.10,0.01,ok
2025-12-27T00:55:05.332Z,ESP32_ENERGY_MONITOR_001,22.04,57.34,7,2.04,220.44,0.01,ok
2025-12-27T01:00:05.332Z,ESP32_ENERGY_MONITOR_001,22.05,51.33,23,2.86,215.42,0.01,ok
2025-12-27T01:05:05.332Z,ESP32_ENERGY_MONITOR_001,22.80,50.58,18,2.75,216.43,0.01,ok
2025-12-27T01:10:05.332Z,ESP32_ENERGY_MONITOR_001,22.17,50.88,19,2.97,215.29,0.01,ok
2025-12-27T01:15:05.332Z,ESP32_ENERGY_MONITOR_001,22.74,53.90,15,2.78,224.61,0.01,ok
2025-12-27T01:20:05.332Z,ESP32_ENERGY_MONITOR_001,23.56,51.26,17,2.72,215.30,0.01,ok
2025-12-27T01:25:05.332Z,ESP32_ENERGY_MONITOR_001,22.92,54.28,20,2.93,218.78,0.01,ok
2025-12-27T01:30:05.332Z,ESP32_ENERGY_MONITOR_001,22.95,50.34,24,3.15,216.62,0.01,ok
2025-12-27T01:35:05.332Z,ESP32_ENERGY_MONITOR_001,23.27,53.97,22,2.68,219.74,0.01,ok
2025-12-27T01:40:05.332Z,ESP32_ENERGY_MONITOR_001,22.42,50.24,18,2.73,218.38,0.01,ok
2025-12-27T01:45:05.332Z,ESP32_ENERGY_MONITOR_001,22.17,50.84,24,2.89,218.43,0.01,ok
2025-12-27T01:50:05.332Z,ESP32_ENERGY_MONITOR_001,22.81,51.33,20,2.70,223.53,0.01,ok
2025-12-27T01:55:05.332Z,ESP32_ENERGY_MONITOR_001,23.50,53.11,20,3.01,217.41,0.01,ok
2025-12-27T02:00:05.332Z,ESP32_ENERGY_MONITOR_001,24.13,50.64,26,3.26,215.80,0.01,ok
2025-12-27T02:05:05.332Z,ESP32_ENERGY_MONITOR_001,23.76,49.90,21,3.09,223.62,0.01,ok
2025-12-27T02:10:05.332Z,ESP32_ENERGY_MONITOR_001,24.62,50.63,27,3.43,216.55,0.02,ok
2025-12-27T02:15:05.332Z,ESP32_ENERGY_MONITOR_001,23.44,51.73,21,2.85,223.27,0.01,ok
2025-12-27T02:20:05.332Z,ESP32_ENERGY_MONITOR_001,23.42,47.07,28,3.11,222.74,0.01,ok
2025-12-27T02:25:05.332Z,ESP32_ENERGY_MONITOR_001,23.52,50.23,26,3.05,219.70,0.01,ok
2025-12-27T02:30:05.332Z,ESP32_ENERGY_MONITOR_001,24.28,50.91,24,2.83,216.70,0.01,ok
2025-12-27T02:35:05.332Z,ESP32_ENERGY_MONITOR_001,23.94,48.42,20,2.66,219.60,0.01,ok
2025-12-27T02:40:05.332Z,ESP32_ENERGY_MONITOR_001,24.70,48.41,27,3.46,218.99,0.02,ok
2025-12-27T02:45:05.332Z,ESP32_ENERGY_MONITOR_001,24.16,48.85,26,2.98,221.01,0.01,ok
2025-12-27T02:50:05.332Z,ESP32_ENERGY_MONITOR_001,23.69,47.71,22,3.13,221.74,0.01,ok
2025-12-27T02:55:05.332Z,ESP32_ENERGY_MONITOR_001,23.89,47.94,23,2.73,220.56,0.01,ok
2025-12-27T03:00:05.332Z,ESP32_ENERGY_MONITOR_001,25.95,47.97,25,3.66,224.13,0.02,ok
2025-12-27T03:05:05.332Z,ESP32_ENERGY_MONITOR_001,25.74,45.24,30,3.96,223.12,0.02,ok
2025-12-27T03:10:05.332Z,ESP32_ENERGY_MONITOR_001,25.95,44.61,26,3.61,223.60,0.02,ok
2025-12-27T03:15:05.332Z,ESP32_ENERGY_MONITOR_001,24.50,45.50,30,3.48,219.51,0.02,ok
2025-12-27T03:20:05.332Z,ESP32_ENERGY_MONITOR_001,25.47,45.50,33,3.78,216.19,0.02,ok
2025-12-27T03:25:05.332Z,ESP32_ENERGY_MONITOR_001,26.03,47.74,28,3.63,215.91,0.02,ok
2025-12-27T03:30:05.332Z,ESP32_ENERGY_MONITOR_001,25.44,44.90,33,3.87,216.04,0.02,ok
2025-12-27T03:35:05.332Z,ESP32_ENERGY_MONITOR_001,25.77,45.67,24,3.47,222.47,0.02,ok
2025-12-27T03:40:05.332Z,ESP32_ENERGY_MONITOR_001,25.57,48.42,28,3.54,223.09,0.02,ok
2025-12-27T03:45:05.332Z,ESP32_ENERGY_MONITOR_001,25.66,45.46,31,3.51,218.71,0.02,ok
2025-12-27T03:50:05.332Z,ESP32_ENERGY_MONITOR_001,25.93,46.10,27,3.88,221.68,0.02,ok
2025-12-27T03:55:05.332Z,ESP32_ENERGY_MONITOR_001,25.37,46.89,27,3.45,222.80,0.02,ok
2025-12-27T04:00:05.332Z,ESP32_ENERGY_MONITOR_001,25.87,44.53,28,3.92,217.09,0.02,ok
2025-12-27T04:05:05.332Z,ESP32_ENERGY_MONITOR_001,26.43,43.71,34,4.25,220.74,0.02,ok
2025-12-27T04:10:05.332Z,ESP32_ENERGY_MONITOR_001,26.32,43.66,29,3.73,220.91,0.02,ok
2025-12-27T04:15:05.332Z,ESP32_ENERGY_MONITOR_001,26.35,47.57,28,3.60,224.69,0.02,ok
2025-12-27T04:20:05.332Z,ESP32_ENERGY_MONITOR_001,25.11,45.51,33,3.80,215.52,0.02,ok
2025-12-27T04:25:05.332Z,ESP32_ENERGY_MONITOR_001,25.83,47.48,28,3.74,218.17,0.02,ok
2025-12-27T04:30:05.332Z,ESP32_ENERGY_MONITOR_001,26.22,44.70,29,3.76,220.86,0.02,ok
2025-12-27T04:35:05.332Z,ESP32_ENERGY_MONITOR_001,25.47,46.27,28,3.42,221.16,0.02,ok
2025-12-27T04:40:05.332Z,ESP32_ENERGY_MONITOR_001,26.08,47.81,31,3.89,222.82,0.02,ok
2025-12-27T04:45:05.332Z,ESP32_ENERGY_MONITOR_001,26.53,45.43,30,3.98,217.82,0.02,ok
2025-12-27T04:50:05.332Z,ESP32_ENERGY_MONITOR_001,25.65,43.02,27,3.37,224.49,0.02,ok
2025-12-27T04:55:05.332Z,ESP32_ENERGY_MONITOR_001,25.95,45.32,32,3.93,223.19,0.02,ok
2025-12-27T05:00:05.332Z,ESP32_ENERGY_MONITOR_001,25.48,42.93,30,3.77,223.27,0.02,ok
2025-12-27T05:05:05.332Z,ESP32_ENERGY_MONITOR_001,25.75,45.19,38,4.16,222.82,0.02,ok
2025-12-27T05:10:05.332Z,ESP32_ENERGY_MONITOR_001,26.31,45.33,34,4.15,224.50,0.02,ok
2025-12-27T05:15:05.332Z,ESP32_ENERGY_MONITOR_001,25.56,45.57,30,3.44,223.34,0.02,ok
2025-12-27T05:20:05.332Z,ESP32_ENERGY_MONITOR_001,26.02,45.07,38,3.96,224.09,0.02,ok
2025-12-27T05:25:05.332Z,ESP32_ENERGY_MONITOR_001,26.35,45.02,34,3.87,219.80,0.02,ok
2025-12-27T05:30:05.332Z,ESP32_ENERGY_MONITOR_001,26.89,44.75,35,4.05,221.68,0.02,ok
2025-12-27T05:35:05.332Z,ESP32_ENERGY_MONITOR_001,25.32,44.37,32,3.85,217.64,0.02,ok
2025-12-27T05:40:05.332Z,ESP32_ENERGY_MONITOR_001,26.09,43.67,33,3.73,220.14,0.02,ok
2025-12-27T05:45:05.332Z,ESP32_ENERGY_MONITOR_001,25.43,44.78,30,3.56,217.92,0.02,ok
2025-12-27T05:50:05.332Z,ESP32_ENERGY_MONITOR_001,26.85,43.19,33,4.42,223.47,0.02,ok
2025-12-27T05:55:05.332Z,ESP32_ENERGY_MONITOR_001,26.33,46.93,37,4.14,221.73,0.02,ok
2025-12-27T06:00:05.332Z,ESP32_ENERGY_MONITOR_001,25.12,43.35,33,3.67,220.82,0.02,ok
2025-12-27T06:05:05.332Z,ESP32_ENERGY_MONITOR_001,26.67,46.66,33,4.28,215.41,0.02,ok
2025-12-27T06:10:05.332Z,ESP32_ENERGY_MONITOR_001,26.07,45.23,36,4.18,221.98,0.02,ok
2025-12-27T06:15:05.332Z,ESP32_ENERGY_MONITOR_001,25.40,46.50,36,3.99,219.71,0.02,ok
2025-12-27T06:20:05.332Z,ESP32_ENERGY_MONITOR_001,25.50,43.68,29,3.80,224.44,0.02,ok
2025-12-27T06:25:05.332Z,ESP32_ENERGY_MONITOR_001,25.03,46.85,30,3.50,224.07,0.02,ok
2025-12-27T06:30:05.332Z,ESP32_ENERGY_MONITOR_001,25.33,45.95,33,3.87,221.54,0.02,ok
2025-12-27T06:35:05.332Z,ESP32_ENERGY_MONITOR_001,25.22,47.94,32,3.61,217.05,0.02,ok
2025-12-27T06:40:05.332Z,ESP32_ENERGY_MONITOR_001,26.33,47.02,37,4.08,215.74,0.02,ok
2025-12-27T06:45:05.332Z,ESP32_ENERGY_MONITOR_001,26.08,44.42,31,3.91,222.48,0.02,ok
2025-12-27T06:50:05.332Z,ESP32_ENERGY_MONITOR_001,25.19,47.40,33,3.78,224.68,0.02,ok
2025-12-27T06:55:05.332Z,ESP32_ENERGY_MONITOR_001,25.99,43.96,30,4.01,219.16,0.02,ok
2025-12-27T07:00:05.332Z,ESP32_ENERGY_MONITOR_001,25.15,45.82,27,3.32,219.63,0.02,ok
2025-12-27T07:05:05.332Z,ESP32_ENERGY_MONITOR_001,25.57,48.25,27,3.61,223.43,0.02,ok
2025-12-27T07:10:05.332Z,ESP32_ENERGY_MONITOR_001,24.98,47.69,28,3.31,220.42,0.02,ok
2025-12-27T07:15:05.332Z,ESP32_ENERGY_MONITOR_001,24.95,44.59,36,3.95,219.92,0.02,ok
2025-12-27T07:20:05.332Z,ESP32_ENERGY_MONITOR_001,24.38,48.61,29,3.37,222.21,0.02,ok
2025-12-27T07:25:05.332Z,ESP32_ENERGY_MONITOR_001,25.40,45.82,29,3.54,216.81,0.02,ok
2025-12-27T07:30:05.332Z,ESP32_ENERGY_MONITOR_001,25.35,46.62,33,3.85,223.15,0.02,ok
2025-12-27T07:35:05.332Z,ESP32_ENERGY_MONITOR_001,25.68,45.18,29,3.63,215.58,0.02,ok
2025-12-27T07:40:05.332Z,ESP32_ENERGY_MONITOR_001,25.08,47.63,29,3.36,215.18,0.02,ok
2025-12-27T07:45:05.332Z,ESP32_ENERGY_MONITOR_001,25.22,49.14,27,3.41,220.54,0.02,ok
2025-12-27T07:50:05.332Z,ESP32_ENERGY_MONITOR_001,24.77,48.79,31,3.70,216.08,0.02,ok
2025-12-27T07:55:05.332Z,ESP32_ENERGY_MONITOR_001,25.80,46.65,35,3.99,219.34,0.02,ok
2025-12-27T08:00:05.332Z,ESP32_ENERGY_MONITOR_001,25.11,49.77,25,3.21,224.94,0.01,ok
2025-12-27T08:05:05.332Z,ESP32_ENERGY_MONITOR_001,23.50,47.27,30,3.14,221.34,0.01,ok
2025-12-27T08:10:05.332Z,ESP32_ENERGY_MONITOR_001,24.91,48.62,31,3.63,216.41,0.02,ok
2025-12-27T08:15:05.332Z,ESP32_ENERGY_MONITOR_001,23.83,51.80,26,3.08,220.78,0.01,ok
2025-12-27T08:20:05.332Z,ESP32_ENERGY_MONITOR_001,23.57,49.21,31,3.00,221.23,0.01,ok
2025-12-27T08:25:05.332Z,ESP32_ENERGY_MONITOR_001,24.43,47.65,26,3.04,220.02,0.01,ok
2025-12-27T08:30:05.332Z,ESP32_ENERGY_MONITOR_001,24.17,51.09,30,3.03,215.47,0.01,ok
2025-12-27T08:35:05.332Z,ESP32_ENERGY_MONITOR_001,24.52,51.38,26,3.08,222.80,0.01,ok
2025-12-27T08:40:05.332Z,ESP32_ENERGY_MONITOR_001,25.09,49.88,24,3.12,215.22,0.01,ok
2025-12-27T08:45:05.332Z,ESP32_ENERGY_MONITOR_001,23.38,50.13,30,3.02,224.85,0.01,ok
2025-12-27T08:50:05.332Z,ESP32_ENERGY_MONITOR_001,24.24,51.05,31,3.27,224.27,0.01,ok
2025-12-27T08:55:05.332Z,ESP32_ENERGY_MONITOR_001,24.60,51.41,30,3.41,221.87,0.02,ok
2025-12-27T09:00:05.332Z,ESP32_ENERGY_MONITOR_001,23.82,52.30,24,2.81,224.08,0.01,ok
2025-12-27T09:05:05.332Z,ESP32_ENERGY_MONITOR_001,22.20,53.38,28,2.89,219.61,0.01,ok
2025-12-27T09:10:05.332Z,ESP32_ENERGY_MONITOR_001,23.22,53.80,25,2.88,223.66,0.01,ok
2025-12-27T09:15:05.332Z,ESP32_ENERGY_MONITOR_001,23.18,52.12,24,2.75,218.45,0.01,ok
2025-12-27T09:20:05.332Z,ESP32_ENERGY_MONITOR_001,23.16,51.44,25,2.79,220.47,0.01,ok
2025-12-27T09:25:05.332Z,ESP32_ENERGY_MONITOR_001,23.95,51.86,29,3.03,220.41,0.01,ok
2025-12-27T09:30:05.332Z,ESP32_ENERGY_MONITOR_001,23.60,51.84,24,2.76,217.71,0.01,ok
2025-12-27T09:35:05.332Z,ESP32_ENERGY_MONITOR_001,23.26,52.18,22,2.81,216.29,0.01,ok
2025-12-27T09:40:05.332Z,ESP32_ENERGY_MONITOR_001,23.26,54.42,22,2.64,222.53,0.01,ok
2025-12-27T09:45:05.332Z,ESP32_ENERGY_MONITOR_001,23.11,52.09,29,3.38,217.37,0.02,ok
2025-12-27T09:50:05.332Z,ESP32_ENERGY_MONITOR_001,22.76,51.46,21,2.81,223.10,0.01,ok
2025-12-27T09:55:05.332Z,ESP32_ENERGY_MONITOR_001,23.32,51.27,20,2.63,222.41,0.01,ok
2025-12-27T10:00:05.332Z,ESP32_ENERGY_MONITOR_001,20.81,54.06,21,2.88,217.49,0.01,ok
2025-12-27T10:05:05.332Z,ESP32_ENERGY_MONITOR_001,21.48,56.87,19,2.62,220.34,0.01,ok
2025-12-27T10:10:05.332Z,ESP32_ENERGY_MONITOR_001,21.98,56.38,21,2.89,222.07,0.01,ok
2025-12-27T10:15:05.332Z,ESP32_ENERGY_MONITOR_001,22.02,58.35,16,2.68,223.36,0.01,ok
2025-12-27T10:20:05.332Z,ESP32_ENERGY_MONITOR_001,20.68,58.28,23,3.02,218.46,0.01,ok
2025-12-27T10:25:05.332Z,ESP32_ENERGY_MONITOR_001,20.72,57.76,21,2.86,217.91,0.01,ok
2025-12-27T10:30:05.332Z,ESP32_ENERGY_MONITOR_001,22.07,55.42,23,3.10,219.89,0.01,ok
2025-12-27T10:35:05.332Z,ESP32_ENERGY_MONITOR_001,20.80,58.54,22,3.01,220.42,0.01,ok
2025-12-27T10:40:05.332Z,ESP32_ENERGY_MONITOR_001,21.72,57.81,22,3.03,220.77,0.01,ok
2025-12-27T10:45:05.332Z,ESP32_ENERGY_MONITOR_001,21.81,55.74,24,3.08,215.09,0.01,ok
2025-12-27T10:50:05.332Z,ESP32_ENERGY_MONITOR_001,22.51,54.84,23,2.76,216.30,0.01,ok
2025-12-27T10:55:05.332Z,ESP32_ENERGY_MONITOR_001,21.54,55.47,23,2.94,219.49,0.01,ok
2025-12-27T11:00:05.332Z,ESP32_ENERGY_MONITOR_001,20.09,59.23,2,2.21,215.72,0.01,ok
2025-12-27T11:05:05.332Z,ESP32_ENERGY_MONITOR_001,20.78,57.71,1,2.10,221.00,0.01,ok
2025-12-27T11:10:05.332Z,ESP32_ENERGY_MONITOR_001,19.13,57.54,6,2.18,223.79,0.01,ok
2025-12-27T11:15:05.332Z,ESP32_ENERGY_MONITOR_001,20.51,60.36,9,2.33,216.90,0.01,ok
2025-12-27T11:20:05.332Z,ESP32_ENERGY_MONITOR_001,19.98,61.71,4,2.05,224.72,0.01,ok
2025-12-27T11:25:05.332Z,ESP32_ENERGY_MONITOR_001,20.22,59.38,7,2.34,220.17,0.01,ok
2025-12-27T11:30:05.332Z,ESP32_ENERGY_MONITOR_001,20.09,58.33,1,2.26,222.40,0.01,ok
2025-12-27T11:35:05.332Z,ESP32_ENERGY_MONITOR_001,19.80,59.92,7,2.10,219.80,0.01,ok
2025-12-27T11:40:05.332Z,ESP32_ENERGY_MONITOR_001,20.03,58.20,3,2.06,223.22,0.01,ok
2025-12-27T11:45:05.332Z,ESP32_ENERGY_MONITOR_001,19.66,57.72,1,2.28,218.94,0.01,ok
2025-12-27T11:50:05.332Z,ESP32_ENERGY_MONITOR_001,20.44,60.69,7,2.42,222.31,0.01,ok
2025-12-27T11:55:05.332Z,ESP32_ENERGY_MONITOR_001,20.05,61.04,7,2.24,218.84,0.01,ok
2025-12-27T12:00:05.332Z,ESP32_ENERGY_MONITOR_001,19.24,63.20,2,1.97,219.71,0.01,ok
2025-12-27T12:05:05.332Z,ESP32_ENERGY_MONITOR_001,18.36,63.88,5,2.39,220.88,0.01,ok
2025-12-27T12:10:05.332Z,ESP32_ENERGY_MONITOR_001,18.80,62.32,5,2.16,217.62,0.01,ok
2025-12-27T12:15:05.332Z,ESP32_ENERGY_MONITOR_001,18.33,64.68,4,2.23,219.17,0.01,ok
2025-12-27T12:20:05.332Z,ESP32_ENERGY_MONITOR_001,17.99,63.21,8,2.18,218.32,0.01,ok
2025-12-27T12:25:05.332Z,ESP32_ENERGY_MONITOR_001,18.47,66.04,4,2.25,224.49,0.01,ok
2025-12-27T12:30:05.332Z,ESP32_ENERGY_MONITOR_001,18.19,65.96,5,2.35,219.55,0.01,ok
2025-12-27T12:35:05.332Z,ESP32_ENERGY_MONITOR_001,19.00,65.91,7,2.24,219.03,0.01,ok
2025-12-27T12:40:05.332Z,ESP32_ENERGY_MONITOR_001,18.49,64.83,8,2.42,217.21,0.01,ok
2025-12-27T12:45:05.332Z,ESP32_ENERGY_MONITOR_001,18.80,61.56,6,2.00,220.42,0.01,ok
2025-12-27T12:50:05.332Z,ESP32_ENERGY_MONITOR_001,18.20,64.30,6,2.34,216.52,0.01,ok
2025-12-27T12:55:05.332Z,ESP32_ENERGY_MONITOR_001,19.12,65.54,8,2.54,217.02,0.01,ok
2025-12-27T13:00:05.332Z,ESP32_ENERGY_MONITOR_001,17.83,69.58,2,2.14,220.85,0.01,ok
2025-12-27T13:05:05.332Z,ESP32_ENERGY_MONITOR_001,17.20,66.32,4,1.93,221.76,0.01,ok
2025-12-27T13:10:05.332Z,ESP32_ENERGY_MONITOR_001,16.23,69.06,8,2.28,224.87,0.01,ok
2025-12-27T13:15:05.332Z,ESP32_ENERGY_MONITOR_001,16.90,68.20,4,2.28,222.23,0.01,ok
2025-12-27T13:20:05.332Z,ESP32_ENERGY_MONITOR_001,16.91,65.04,1,1.84,216.02,0.01,ok
2025-12-27T13:25:05.332Z,ESP32_ENERGY_MONITOR_001,17.44,66.79,0,2.02,222.92,0.01,ok
2025-12-27T13:30:05.332Z,ESP32_ENERGY_MONITOR_001,16.57,68.74,4,2.38,215.59,0.01,ok
2025-12-27T13:35:05.332Z,ESP32_ENERGY_MONITOR_001,17.23,68.95,8,2.53,217.85,0.01,ok
2025-12-27T13:40:05.332Z,ESP32_ENERGY_MONITOR_001,16.99,69.39,7,2.13,224.29,0.01,ok
2025-12-27T13:45:05.332Z,ESP32_ENERGY_MONITOR_001,17.62,67.30,2,2.11,217.14,0.01,ok
2025-12-27T13:50:05.332Z,ESP32_ENERGY_MONITOR_001,17.63,67.31,9,2.31,215.35,0.01,ok
2025-12-27T13:55:05.332Z,ESP32_ENERGY_MONITOR_001,16.87,66.52,8,2.52,217.99,0.01,ok
2025-12-27T14:00:05.332Z,ESP32_ENERGY_MONITOR_001,15.42,70.26,1,2.28,219.21,0.01,ok
2025-12-27T14:05:05.332Z,ESP32_ENERGY_MONITOR_001,15.31,68.50,4,2.23,220.88,0.01,ok
2025-12-27T14:10:05.332Z,ESP32_ENERGY_MONITOR_001,15.38,71.60,7,2.27,218.23,0.01,ok
2025-12-27T14:15:05.332Z,ESP32_ENERGY_MONITOR_001,15.80,69.66,0,1.87,219.91,0.01,ok
2025-12-27T14:20:05.332Z,ESP32_ENERGY_MONITOR_001,14.97,72.35,3,1.89,220.47,0.01,ok
2025-12-27T14:25:05.332Z,ESP32_ENERGY_MONITOR_001,15.15,68.76,6,2.29,223.92,0.01,ok
2025-12-27T14:30:05.332Z,ESP32_ENERGY_MONITOR_001,15.40,70.55,9,2.44,221.80,0.01,ok
2025-12-27T14:35:05.332Z,ESP32_ENERGY_MONITOR_001,15.79,69.71,2,2.10,215.62,0.01,ok
2025-12-27T14:40:05.332Z,ESP32_ENERGY_MONITOR_001,15.74,68.28,5,2.34,220.35,0.01,ok
2025-12-27T14:45:05.332Z,ESP32_ENERGY_MONITOR_001,16.35,68.93,7,2.51,220.84,0.01,ok
2025-12-27T14:50:05.332Z,ESP32_ENERGY_MONITOR_001,15.85,71.91,3,2.26,216.65,0.01,ok
2025-12-27T14:55:05.332Z,ESP32_ENERGY_MONITOR_001,15.09,72.14,0,2.22,218.72,0.01,ok
2025-12-27T15:00:05.332Z,ESP32_ENERGY_MONITOR_001,15.66,72.42,5,2.36,215.19,0.01,ok
2025-12-27T15:05:05.332Z,ESP32_ENERGY_MONITOR_001,14.51,71.34,8,2.50,218.41,0.01,ok
2025-12-27T15:10:05.332Z,ESP32_ENERGY_MONITOR_001,14.68,74.81,1,1.96,217.05,0.01,ok
2025-12-27T15:15:05.332Z,ESP32_ENERGY_MONITOR_001,14.14,73.33,4,2.15,218.56,0.01,ok
2025-12-27T15:20:05.332Z,ESP32_ENERGY_MONITOR_001,14.31,74.62,7,2.11,220.45,0.01,ok
2025-12-27T15:25:05.332Z,ESP32_ENERGY_MONITOR_001,14.22,73.24,3,2.19,223.13,0.01,ok
2025-12-27T15:30:05.332Z,ESP32_ENERGY_MONITOR_001,14.42,71.73,2,2.31,223.71,0.01,ok
2025-12-27T15:35:05.332Z,ESP32_ENERGY_MONITOR_001,14.52,72.92,8,2.15,224.35,0.01,ok
2025-12-27T15:40:05.332Z,ESP32_ENERGY_MONITOR_001,14.40,72.17,6,2.27,215.91,0.01,ok
2025-12-27T15:45:05.332Z,ESP32_ENERGY_MONITOR_001,14.81,72.81,9,2.47,216.93,0.01,ok
2025-12-27T15:50:05.332Z,ESP32_ENERGY_MONITOR_001,14.42,72.05,6,2.14,220.07,0.01,ok
2025-12-27T15:55:05.332Z,ESP32_ENERGY_MONITOR_001,14.77,71.33,8,2.51,217.68,0.01,ok
2025-12-27T16:00:05.332Z,ESP32_ENERGY_MONITOR_001,15.12,75.95,7,2.34,216.03,0.01,ok
2025-12-27T16:05:05.332Z,ESP32_ENERGY_MONITOR_001,14.53,73.70,0,1.94,216.27,0.01,ok
2025-12-27T16:10:05.332Z,ESP32_ENERGY_MONITOR_001,15.17,75.28,1,2.10,216.15,0.01,ok
2025-12-27T16:15:05.332Z,ESP32_ENERGY_MONITOR_001,13.64,74.28,6,2.19,218.39,0.01,ok
2025-12-27T16:20:05.332Z,ESP32_ENERGY_MONITOR_001,14.87,74.24,9,2.14,219.00,0.01,ok
2025-12-27T16:25:05.332Z,ESP32_ENERGY_MONITOR_001,14.42,76.11,3,2.19,215.27,0.01,ok
2025-12-27T16:30:05.332Z,ESP32_ENERGY_MONITOR_001,14.42,73.65,7,2.48,218.69,0.01,ok
2025-12-27T16:35:05.332Z,ESP32_ENERGY_MONITOR_001,14.03,74.21,9,2.60,220.29,0.01,ok
2025-12-27T16:40:05.332Z,ESP32_ENERGY_MONITOR_001,14.36,76.10,1,2.05,223.16,0.01,ok
2025-12-27T16:45:05.332Z,ESP32_ENERGY_MONITOR_001,14.99,74.11,9,2.43,216.48,0.01,ok
2025-12-27T16:50:05.332Z,ESP32_ENERGY_MONITOR_001,13.35,76.36,0,1.90,216.53,0.01,ok
2025-12-27T16:55:05.332Z,ESP32_ENERGY_MONITOR_001,14.62,76.99,4,2.26,220.64,0.01,ok
2025-12-27T17:00:05.332Z,ESP32_ENERGY_MONITOR_001,14.24,74.87,5,2.19,222.89,0.01,ok
2025-12-27T17:05:05.332Z,ESP32_ENERGY_MONITOR_001,14.70,76.03,3,2.19,218.26,0.01,ok
2025-12-27T17:10:05.332Z,ESP32_ENERGY_MONITOR_001,13.87,74.99,0,2.20,215.40,0.01,ok
2025-12-27T17:15:05.332Z,ESP32_ENERGY_MONITOR_001,14.99,72.81,4,2.37,223.74,0.01,ok
2025-12-27T17:20:05.332Z,ESP32_ENERGY_MONITOR_001,13.37,77.37,1,1.98,222.60,0.01,ok
2025-12-27T17:25:05.332Z,ESP32_ENERGY_MONITOR_001,13.87,72.87,2,1.92,224.67,0.01,ok
2025-12-27T17:30:05.332Z,ESP32_ENERGY_MONITOR_001,14.88,74.31,7,2.07,217.56,0.01,ok
2025-12-27T17:35:05.332Z,ESP32_ENERGY_MONITOR_001,13.96,74.98,4,1.91,218.82,0.01,ok
2025-12-27T17:40:05.332Z,ESP32_ENERGY_MONITOR_001,14.95,73.39,5,2.05,215.96,0.01,ok
2025-12-27T17:45:05.332Z,ESP32_ENERGY_MONITOR_001,14.07,77.43,8,2.12,218.42,0.01,ok
2025-12-27T17:50:05.332Z,ESP32_ENERGY_MONITOR_001,13.16,76.59,7,2.11,220.65,0.01,ok
2025-12-27T17:55:05.332Z,ESP32_ENERGY_MONITOR_001,13.23,75.71,7,2.34,219.44,0.01,ok
2025-12-27T18:00:05.332Z,ESP32_ENERGY_MONITOR_001,14.28,74.84,9,2.20,220.08,0.01,ok
2025-12-27T18:05:05.332Z,ESP32_ENERGY_MONITOR_001,13.74,76.14,8,2.36,217.13,0.01,ok
2025-12-27T18:10:05.332Z,ESP32_ENERGY_MONITOR_001,14.97,75.38,5,2.30,216.71,0.01,ok
2025-12-27T18:15:05.332Z,ESP32_ENERGY_MONITOR_001,13.60,73.56,5,2.11,216.12,0.01,ok
2025-12-27T18:20:05.332Z,ESP32_ENERGY_MONITOR_001,14.13,74.67,4,2.12,220.41,0.01,ok
2025-12-27T18:25:05.332Z,ESP32_ENERGY_MONITOR_001,13.48,75.97,3,2.02,216.16,0.01,ok
2025-12-27T18:30:05.332Z,ESP32_ENERGY_MONITOR_001,14.15,74.35,4,2.14,223.59,0.01,ok
2025-12-27T18:35:05.332Z,ESP32_ENERGY_MONITOR_001,13.74,75.47,4,2.29,223.38,0.01,ok
2025-12-27T18:40:05.332Z,ESP32_ENERGY_MONITOR_001,13.99,73.55,8,2.54,220.20,0.01,ok
2025-12-27T18:45:05.332Z,ESP32_ENERGY_MONITOR_001,14.43,76.47,7,2.14,217.28,0.01,ok
2025-12-27T18:50:05.332Z,ESP32_ENERGY_MONITOR_001,14.24,76.51,2,1.92,224.54,0.01,ok
2025-12-27T18:55:05.332Z,ESP32_ENERGY_MONITOR_001,14.62,76.80,8,2.33,224.57,0.01,ok
2025-12-27T19:00:05.332Z,ESP32_ENERGY_MONITOR_001,14.36,72.42,3,2.19,218.39,0.01,ok
2025-12-27T19:05:05.332Z,ESP32_ENERGY_MONITOR_001,15.17,74.79,2,2.31,217.52,0.01,ok
2025-12-27T19:10:05.332Z,ESP32_ENERGY_MONITOR_001,14.71,74.08,2,2.29,219.02,0.01,ok
2025-12-27T19:15:05.332Z,ESP32_ENERGY_MONITOR_001,15.05,74.60,8,2.40,217.92,0.01,ok
2025-12-27T19:20:05.332Z,ESP32_ENERGY_MONITOR_001,15.00,73.44,1,2.13,215.52,0.01,ok
2025-12-27T19:25:05.332Z,ESP32_ENERGY_MONITOR_001,14.46,71.04,4,2.03,217.94,0.01,ok
2025-12-27T19:30:05.332Z,ESP32_ENERGY_MONITOR_001,15.33,74.72,6,2.33,224.64,0.01,ok
2025-12-27T19:35:05.332Z,ESP32_ENERGY_MONITOR_001,15.12,70.55,0,2.07,216.92,0.01,ok
2025-12-27T19:40:05.332Z,ESP32_ENERGY_MONITOR_001,15.14,70.88,3,1.92,223.74,0.01,ok
2025-12-27T19:45:05.332Z,ESP32_ENERGY_MONITOR_001,15.73,71.07,8,2.44,222.01,0.01,ok
2025-12-27T19:50:05.332Z,ESP32_ENERGY_MONITOR_001,15.51,71.79,1,2.14,222.08,0.01,ok
2025-12-27T19:55:05.332Z,ESP32_ENERGY_MONITOR_001,15.09,74.46,0,2.13,220.96,0.01,ok
2025-12-27T20:00:05.332Z,ESP32_ENERGY_MONITOR_001,15.49,70.72,5,2.23,222.50,0.01,ok
2025-12-27T20:05:05.332Z,ESP32_ENERGY_MONITOR_001,16.23,69.43,2,2.22,219.30,0.01,ok
2025-12-27T20:10:05.332Z,ESP32_ENERGY_MONITOR_001,15.76,69.38,2,2.17,217.70,0.01,ok
2025-12-27T20:15:05.332Z,ESP32_ENERGY_MONITOR_001,15.17,70.84,2,2.28,220.26,0.01,ok
2025-12-27T20:20:05.332Z,ESP32_ENERGY_MONITOR_001,16.14,72.10,7,2.34,219.83,0.01,ok
2025-12-27T20:25:05.332Z,ESP32_ENERGY_MONITOR_001,16.54,73.08,6,2.07,224.33,0.01,ok
2025-12-27T20:30:05.332Z,ESP32_ENERGY_MONITOR_001,16.53,72.47,1,1.90,216.44,0.01,ok
2025-12-27T20:35:05.332Z,ESP32_ENERGY_MONITOR_001,14.76,68.68,7,2.29,221.18,0.01,ok
2025-12-27T20:40:05.332Z,ESP32_ENERGY_MONITOR_001,15.99,69.47,7,2.14,224.25,0.01,ok
2025-12-27T20:45:05.332Z,ESP32_ENERGY_MONITOR_001,15.31,71.71,6,2.23,219.80,0.01,ok
2025-12-27T20:50:05.332Z,ESP32_ENERGY_MONITOR_001,15.56,69.24,6,2.39,222.83,0.01,ok
2025-12-27T20:55:05.332Z,ESP32_ENERGY_MONITOR_001,15.54,72.44,6,2.42,216.98,0.01,ok
2025-12-27T21:00:05.332Z,ESP32_ENERGY_MONITOR_001,17.78,65.42,0,2.18,224.44,0.01,ok
2025-12-27T21:05:05.332Z,ESP32_ENERGY_MONITOR_001,17.48,66.62,4,1.96,219.71,0.01,ok
2025-12-27T21:10:05.332Z,ESP32_ENERGY_MONITOR_001,17.49,66.34,3,2.36,224.11,0.01,ok
2025-12-27T21:15:05.332Z,ESP32_ENERGY_MONITOR_001,16.79,66.31,8,2.36,221.46,0.01,ok
2025-12-27T21:20:05.332Z,ESP32_ENERGY_MONITOR_001,17.53,67.60,1,2.14,223.69,0.01,ok
2025-12-27T21:25:05.332Z,ESP32_ENERGY_MONITOR_001,17.22,66.45,6,2.45,218.39,0.01,ok
2025-12-27T21:30:05.332Z,ESP32_ENERGY_MONITOR_001,17.86,65.08,0,1.83,222.21,0.01,ok
2025-12-27T21:35:05.332Z,ESP32_ENERGY_MONITOR_001,17.76,65.11,7,2.40,219.82,0.01,ok
2025-12-27T21:40:05.332Z,ESP32_ENERGY_MONITOR_001,17.12,67.81,8,2.33,217.87,0.01,ok
2025-12-27T21:45:05.332Z,ESP32_ENERGY_MONITOR_001,17.64,66.20,5,2.42,217.94,0.01,ok
2025-12-27T21:50:05.332Z,ESP32_ENERGY_MONITOR_001,17.90,65.94,9,2.30,221.27,0.01,ok
2025-12-27T21:55:05.332Z,ESP32_ENERGY_MONITOR_001,17.40,65.54,7,2.23,216.59,0.01,ok
2025-12-27T22:00:05.332Z,ESP32_ENERGY_MONITOR_001,17.88,62.93,6,2.27,220.55,0.01,ok
2025-12-27T22:05:05.332Z,ESP32_ENERGY_MONITOR_001,18.64,65.63,8,2.43,224.74,0.01,ok
2025-12-27T22:10:05.332Z,ESP32_ENERGY_MONITOR_001,19.23,66.09,0,1.87,223.12,0.01,ok
2025-12-27T22:15:05.332Z,ESP32_ENERGY_MONITOR_001,18.79,62.14,1,2.26,223.91,0.01,ok
2025-12-27T22:20:05.332Z,ESP32_ENERGY_MONITOR_001,17.68,66.24,5,2.24,224.91,0.01,ok
2025-12-27T22:25:05.332Z,ESP32_ENERGY_MONITOR_001,18.62,64.93,8,2.51,220.30,0.01,ok
2025-12-27T22:30:05.332Z,ESP32_ENERGY_MONITOR_001,18.51,62.28,4,2.32,221.01,0.01,ok
2025-12-27T22:35:05.332Z,ESP32_ENERGY_MONITOR_001,17.77,64.05,7,2.17,219.27,0.01,ok
2025-12-27T22:40:05.332Z,ESP32_ENERGY_MONITOR_001,18.00,64.23,0,2.21,218.73,0.01,ok
2025-12-27T22:45:05.332Z,ESP32_ENERGY_MONITOR_001,17.87,63.39,9,2.57,223.21,0.01,ok
2025-12-27T22:50:05.332Z,ESP32_ENERGY_MONITOR_001,18.51,63.01,2,1.96,215.59,0.01,ok
2025-12-27T22:55:05.332Z,ESP32_ENERGY_MONITOR_001,19.20,66.16,2,2.21,217.72,0.01,ok
2025-12-27T23:00:05.332Z,ESP32_ENERGY_MONITOR_001,19.32,57.97,2,2.05,223.04,0.01,ok
2025-12-27T23:05:05.332Z,ESP32_ENERGY_MONITOR_001,19.94,59.79,1,2.13,218.60,0.01,ok
2025-12-27T23:10:05.332Z,ESP32_ENERGY_MONITOR_001,20.45,59.99,3,2.34,216.34,0.01,ok
2025-12-27T23:15:05.332Z,ESP32_ENERGY_MONITOR_001,19.10,60.01,5,2.15,216.02,0.01,ok
2025-12-27T23:20:05.332Z,ESP32_ENERGY_MONITOR_001,20.03,58.90,5,2.21,220.92,0.01,ok
2025-12-27T23:25:05.332Z,ESP32_ENERGY_MONITOR_001,20.37,60.83,5,2.27,222.43,0.01,ok
2025-12-27T23:30:05.332Z,ESP32_ENERGY_MONITOR_001,20.99,59.25,5,2.15,215.30,0.01,ok
2025-12-27T23:35:05.332Z,ESP32_ENERGY_MONITOR_001,20.09,60.18,7,2.49,222.36,0.01,ok
2025-12-27T23:40:05.332Z,ESP32_ENERGY_MONITOR_001,19.65,58.42,3,2.26,220.29,0.01,ok
2025-12-27T23:45:05.332Z,ESP32_ENERGY_MONITOR_001,19.27,60.36,2,1.89,218.50,0.01,ok
2025-12-27T23:50:05.332Z,ESP32_ENERGY_MONITOR_001,20.02,59.33,8,2.33,222.05,0.01,ok
2025-12-27T23:55:05.332Z,ESP32_ENERGY_MONITOR_001,20.74,61.83,7,2.14,219.14,0.01,ok
2025-12-28T00:00:05.332Z,ESP32_ENERGY_MONITOR_001,21.62,54.87,1,1.81,217.93,0.01,ok
2025-12-28T00:05:05.332Z,ESP32_ENERGY_MONITOR_001,21.53,58.09,0,1.76,220.11,0.01,ok
2025-12-28T00:10:05.332Z,ESP32_ENERGY_MONITOR_001,22.21,53.94,1,1.90,222.58,0.01,ok
2025-12-28T00:15:05.332Z,ESP32_ENERGY_MONITOR_001,22.23,54.39,4,2.34,221.43,0.01,ok
2025-12-28T00:20:05.332Z,ESP32_ENERGY_MONITOR_001,21.48,54.68,6,2.08,215.29,0.01,ok
2025-12-28T00:25:05.332Z,ESP32_ENERGY_MONITOR_001,21.29,57.24,4,2.12,215.76,0.01,ok
2025-12-28T00:30:05.332Z,ESP32_ENERGY_MONITOR_001,21.60,56.00,4,1.92,217.98,0.01,ok
2025-12-28T00:35:05.332Z,ESP32_ENERGY_MONITOR_001,21.35,54.31,1,1.99,222.93,0.01,ok
2025-12-28T00:40:05.332Z,ESP32_ENERGY_MONITOR_001,22.36,57.17,9,2.42,221.51,0.01,ok
2025-12-28T00:45:05.332Z,ESP32_ENERGY_MONITOR_001,22.01,55.47,8,2.53,223.92,0.01,ok
2025-12-28T00:50:05.332Z,ESP32_ENERGY_MONITOR_001,21.43,55.07,3,2.36,221.20,0.01,ok
2025-12-28T00:55:05.332Z,ESP32_ENERGY_MONITOR_001,21.85,57.40,3,2.34,222.78,0.01,ok
2025-12-28T01:00:05.332Z,ESP32_ENERGY_MONITOR_001,22.05,50.64,24,3.18,215.16,0.01,ok
2025-12-28T01:05:05.332Z,ESP32_ENERGY_MONITOR_001,23.44,51.23,17,2.61,224.53,0.01,ok
2025-12-28T01:10:05.332Z,ESP32_ENERGY_MONITOR_001,23.43,52.09,20,2.81,222.99,0.01,ok
2025-12-28T01:15:05.332Z,ESP32_ENERGY_MONITOR_001,23.60,52.22,22,3.05,223.25,0.01,ok
2025-12-28T01:20:05.332Z,ESP32_ENERGY_MONITOR_001,23.90,53.23,18,2.96,220.40,0.01,ok
2025-12-28T01:25:05.332Z,ESP32_ENERGY_MONITOR_001,22.43,54.00,19,2.92,217.10,0.01,ok
2025-12-28T01:30:05.332Z,ESP32_ENERGY_MONITOR_001,23.40,54.88,19,2.79,216.96,0.01,ok
2025-12-28T01:35:05.332Z,ESP32_ENERGY_MONITOR_001,22.87,51.99,24,2.88,218.25,0.01,ok
2025-12-28T01:40:05.332Z,ESP32_ENERGY_MONITOR_001,22.02,50.30,16,2.63,222.79,0.01,ok
2025-12-28T01:45:05.332Z,ESP32_ENERGY_MONITOR_001,23.03,50.10,19,2.72,223.00,0.01,ok
2025-12-28T01:50:05.332Z,ESP32_ENERGY_MONITOR_001,23.25,51.74,23,2.90,217.48,0.01,ok
2025-12-28T01:55:05.332Z,ESP32_ENERGY_MONITOR_001,22.65,51.13,20,2.81,222.48,0.01,ok
2025-12-28T02:00:05.332Z,ESP32_ENERGY_MONITOR_001,24.39,49.78,24,3.22,223.78,0.01,ok
2025-12-28T02:05:05.332Z,ESP32_ENERGY_MONITOR_001,23.71,46.96,23,2.69,219.43,0.01,ok
2025-12-28T02:10:05.332Z,ESP32_ENERGY_MONITOR_001,24.27,51.84,22,3.12,217.48,0.01,ok
2025-12-28T02:15:05.332Z,ESP32_ENERGY_MONITOR_001,23.60,47.78,28,3.36,223.07,0.02,ok
2025-12-28T02:20:05.332Z,ESP32_ENERGY_MONITOR_001,24.64,48.83,27,3.47,216.56,0.02,ok
2025-12-28T02:25:05.332Z,ESP32_ENERGY_MONITOR_001,24.14,49.28,20,2.62,220.75,0.01,ok
2025-12-28T02:30:05.332Z,ESP32_ENERGY_MONITOR_001,24.54,47.01,24,3.35,219.64,0.02,ok
2025-12-28T02:35:05.332Z,ESP32_ENERGY_MONITOR_001,24.51,47.40,28,3.51,221.83,0.02,ok
2025-12-28T02:40:05.332Z,ESP32_ENERGY_MONITOR_001,24.67,48.30,20,2.93,220.98,0.01,ok
2025-12-28T02:45:05.332Z,ESP32_ENERGY_MONITOR_001,25.19,48.05,29,3.28,216.29,0.01,ok
2025-12-28T02:50:05.332Z,ESP32_ENERGY_MONITOR_001,23.69,48.44,27,3.30,218.04,0.01,ok
2025-12-28T02:55:05.332Z,ESP32_ENERGY_MONITOR_001,24.14,51.69,21,3.09,220.21,0.01,ok
2025-12-28T03:00:05.332Z,ESP32_ENERGY_MONITOR_001,25.76,45.13,26,3.74,221.62,0.02,ok
2025-12-28T03:05:05.332Z,ESP32_ENERGY_MONITOR_001,25.91,44.97,25,3.71,219.79,0.02,ok
2025-12-28T03:10:05.332Z,ESP32_ENERGY_MONITOR_001,25.88,45.93,26,3.72,218.36,0.02,ok
2025-12-28T03:15:05.332Z,ESP32_ENERGY_MONITOR_001,25.48,46.81,33,3.62,218.32,0.02,ok
2025-12-28T03:20:05.332Z,ESP32_ENERGY_MONITOR_001,24.80,49.00,27,3.13,216.30,0.01,ok
2025-12-28T03:25:05.332Z,ESP32_ENERGY_MONITOR_001,24.30,47.44,33,3.28,215.58,0.01,ok
2025-12-28T03:30:05.332Z,ESP32_ENERGY_MONITOR_001,25.55,45.84,26,3.73,224.09,0.02,ok
2025-12-28T03:35:05.332Z,ESP32_ENERGY_MONITOR_001,24.80,47.46,26,3.03,222.81,0.01,ok
2025-12-28T03:40:05.332Z,ESP32_ENERGY_MONITOR_001,26.02,48.46,24,3.47,222.36,0.02,ok
2025-12-28T03:45:05.332Z,ESP32_ENERGY_MONITOR_001,25.79,46.28,25,3.63,215.61,0.02,ok
2025-12-28T03:50:05.332Z,ESP32_ENERGY_MONITOR_001,24.65,49.37,33,3.48,216.71,0.02,ok
2025-12-28T03:55:05.332Z,ESP32_ENERGY_MONITOR_001,25.16,45.03,27,3.37,217.52,0.02,ok
2025-12-28T04:00:05.332Z,ESP32_ENERGY_MONITOR_001,25.20,45.36,29,3.44,222.47,0.02,ok
2025-12-28T04:05:05.332Z,ESP32_ENERGY_MONITOR_001,26.36,44.76,28,3.94,224.66,0.02,ok
2025-12-28T04:10:05.332Z,ESP32_ENERGY_MONITOR_001,25.84,44.15,33,3.91,215.20,0.02,ok
2025-12-28T04:15:05.332Z,ESP32_ENERGY_MONITOR_001,25.12,43.87,35,3.90,222.71,0.02,ok
2025-12-28T04:20:05.332Z,ESP32_ENERGY_MONITOR_001,24.95,43.48,29,3.32,216.75,0.02,ok
2025-12-28T04:25:05.332Z,ESP32_ENERGY_MONITOR_001,26.47,43.80,29,3.93,218.24,0.02,ok
2025-12-28T04:30:05.332Z,ESP32_ENERGY_MONITOR_001,25.53,44.09,36,3.82,222.17,0.02,ok
2025-12-28T04:35:05.332Z,ESP32_ENERGY_MONITOR_001,25.54,43.33,33,3.63,218.50,0.02,ok
2025-12-28T04:40:05.332Z,ESP32_ENERGY_MONITOR_001,25.02,45.12,35,3.46,220.95,0.02,ok
2025-12-28T04:45:05.332Z,ESP32_ENERGY_MONITOR_001,26.75,47.94,27,3.88,223.39,0.02,ok
2025-12-28T04:50:05.332Z,ESP32_ENERGY_MONITOR_001,25.51,44.03,31,3.81,218.70,0.02,ok
2025-12-28T04:55:05.332Z,ESP32_ENERGY_MONITOR_001,26.09,43.94,27,3.76,216.05,0.02,ok
2025-12-28T05:00:05.332Z,ESP32_ENERGY_MONITOR_001,25.28,43.08,32,3.71,219.33,0.02,ok
2025-12-28T05:05:05.332Z,ESP32_ENERGY_MONITOR_001,25.84,45.63,35,4.14,221.10,0.02,ok
2025-12-28T05:10:05.332Z,ESP32_ENERGY_MONITOR_001,26.35,45.28,29,4.01,223.08,0.02,ok
2025-12-28T05:15:05.332Z,ESP32_ENERGY_MONITOR_001,26.10,44.58,31,3.94,222.15,0.02,ok
2025-12-28T05:20:05.332Z,ESP32_ENERGY_MONITOR_001,25.70,42.96,32,3.65,223.01,0.02,ok
2025-12-28T05:25:05.332Z,ESP32_ENERGY_MONITOR_001,25.93,44.57,35,3.84,223.82,0.02,ok
2025-12-28T05:30:05.332Z,ESP32_ENERGY_MONITOR_001,26.29,46.62,31,4.07,219.29,0.02,ok
2025-12-28T05:35:05.332Z,ESP32_ENERGY_MONITOR_001,26.46,47.40,37,4.06,224.42,0.02,ok
2025-12-28T05:40:05.332Z,ESP32_ENERGY_MONITOR_001,25.75,43.62,36,4.04,222.07,0.02,ok
2025-12-28T05:45:05.332Z,ESP32_ENERGY_MONITOR_001,25.36,44.70,31,3.64,221.30,0.02,ok
2025-12-28T05:50:05.332Z,ESP32_ENERGY_MONITOR_001,25.08,43.42,30,3.44,217.89,0.02,ok
2025-12-28T05:55:05.332Z,ESP32_ENERGY_MONITOR_001,26.51,42.79,32,4.06,218.60,0.02,ok
2025-12-28T06:00:05.332Z,ESP32_ENERGY_MONITOR_001,25.72,46.32,36,3.95,218.23,0.02,ok
2025-12-28T06:05:05.332Z,ESP32_ENERGY_MONITOR_001,26.30,44.19,36,3.96,217.22,0.02,ok
2025-12-28T06:10:05.332Z,ESP32_ENERGY_MONITOR_001,25.03,46.14,30,3.56,215.91,0.02,ok
2025-12-28T06:15:05.332Z,ESP32_ENERGY_MONITOR_001,24.89,44.58,37,3.82,223.80,0.02,ok
2025-12-28T06:20:05.332Z,ESP32_ENERGY_MONITOR_001,25.15,44.43,37,4.02,215.43,0.02,ok
2025-12-28T06:25:05.332Z,ESP32_ENERGY_MONITOR_001,26.46,46.57,38,4.30,220.05,0.02,ok
2025-12-28T06:30:05.332Z,ESP32_ENERGY_MONITOR_001,26.39,45.62,36,3.92,215.47,0.02,ok
2025-12-28T06:35:05.332Z,ESP32_ENERGY_MONITOR_001,25.34,44.55,31,3.67,220.36,0.02,ok
2025-12-28T06:40:05.332Z,ESP32_ENERGY_MONITOR_001,25.13,46.50,37,3.77,216.73,0.02,ok
2025-12-28T06:45:05.332Z,ESP32_ENERGY_MONITOR_001,25.86,47.44,34,3.87,218.12,0.02,ok
2025-12-28T06:50:05.332Z,ESP32_ENERGY_MONITOR_001,25.91,43.82,32,4.02,224.33,0.02,ok
2025-12-28T06:55:05.332Z,ESP32_ENERGY_MONITOR_001,26.76,47.45,33,4.02,220.77,0.02,ok
2025-12-28T07:00:05.332Z,ESP32_ENERGY_MONITOR_001,26.18,45.74,35,3.94,219.54,0.02,ok
2025-12-28T07:05:05.332Z,ESP32_ENERGY_MONITOR_001,24.88,45.45,29,3.64,223.32,0.02,ok
2025-12-28T07:10:05.332Z,ESP32_ENERGY_MONITOR_001,25.90,47.92,36,4.06,223.55,0.02,ok
2025-12-28T07:15:05.332Z,ESP32_ENERGY_MONITOR_001,25.94,46.60,28,3.60,215.07,0.02,ok
2025-12-28T07:20:05.332Z,ESP32_ENERGY_MONITOR_001,24.20,49.25,36,3.74,217.14,0.02,ok
2025-12-28T07:25:05.332Z,ESP32_ENERGY_MONITOR_001,24.30,46.81,33,3.31,222.63,0.02,ok
2025-12-28T07:30:05.332Z,ESP32_ENERGY_MONITOR_001,24.89,47.81,33,3.52,219.74,0.02,ok
2025-12-28T07:35:05.332Z,ESP32_ENERGY_MONITOR_001,26.01,49.16,35,3.79,216.24,0.02,ok
2025-12-28T07:40:05.332Z,ESP32_ENERGY_MONITOR_001,24.58,47.46,33,3.42,220.55,0.02,ok
2025-12-28T07:45:05.332Z,ESP32_ENERGY_MONITOR_001,24.35,45.51,36,3.74,218.91,0.02,ok
2025-12-28T07:50:05.332Z,ESP32_ENERGY_MONITOR_001,25.57,45.15,29,3.84,224.96,0.02,ok
2025-12-28T07:55:05.332Z,ESP32_ENERGY_MONITOR_001,25.02,45.28,27,3.30,222.63,0.01,ok
2025-12-28T08:00:05.332Z,ESP32_ENERGY_MONITOR_001,24.70,48.28,26,3.39,222.35,0.02,ok
2025-12-28T08:05:05.332Z,ESP32_ENERGY_MONITOR_001,23.37,49.16,25,3.02,220.81,0.01,ok
2025-12-28T08:10:05.332Z,ESP32_ENERGY_MONITOR_001,24.42,48.60,25,3.02,219.30,0.01,ok
2025-12-28T08:15:05.332Z,ESP32_ENERGY_MONITOR_001,24.24,47.31,30,3.04,219.34,0.01,ok
2025-12-28T08:20:05.332Z,ESP32_ENERGY_MONITOR_001,24.78,51.40,25,3.31,223.98,0.02,ok
2025-12-28T08:25:05.332Z,ESP32_ENERGY_MONITOR_001,24.69,49.95,27,3.13,224.51,0.01,ok
2025-12-28T08:30:05.332Z,ESP32_ENERGY_MONITOR_001,24.23,51.77,26,2.95,224.58,0.01,ok
2025-12-28T08:35:05.332Z,ESP32_ENERGY_MONITOR_001,24.34,50.83,29,3.32,223.80,0.02,ok
2025-12-28T08:40:05.332Z,ESP32_ENERGY_MONITOR_001,23.29,48.53,32,3.45,215.66,0.02,ok
2025-12-28T08:45:05.332Z,ESP32_ENERGY_MONITOR_001,24.75,49.08,26,3.03,220.38,0.01,ok
2025-12-28T08:50:05.332Z,ESP32_ENERGY_MONITOR_001,25.15,48.08,30,3.44,215.45,0.02,ok
2025-12-28T08:55:05.332Z,ESP32_ENERGY_MONITOR_001,23.54,47.06,28,3.06,220.93,0.01,ok
2025-12-28T09:00:05.332Z,ESP32_ENERGY_MONITOR_001,22.16,51.04,25,2.92,224.68,0.01,ok
2025-12-28T09:05:05.332Z,ESP32_ENERGY_MONITOR_001,22.80,51.16,29,3.18,222.55,0.01,ok
2025-12-28T09:10:05.332Z,ESP32_ENERGY_MONITOR_001,22.26,51.64,27,3.23,221.64,0.01,ok
2025-12-28T09:15:05.332Z,ESP32_ENERGY_MONITOR_001,23.62,50.93,26,3.28,220.95,0.01,ok
2025-12-28T09:20:05.332Z,ESP32_ENERGY_MONITOR_001,22.98,51.24,28,3.16,221.53,0.01,ok
2025-12-28T09:25:05.332Z,ESP32_ENERGY_MONITOR_001,23.49,53.41,24,3.02,217.55,0.01,ok
2025-12-28T09:30:05.332Z,ESP32_ENERGY_MONITOR_001,22.53,51.91,27,3.07,216.63,0.01,ok
2025-12-28T09:35:05.332Z,ESP32_ENERGY_MONITOR_001,23.07,54.36,26,2.91,220.50,0.01,ok
2025-12-28T09:40:05.332Z,ESP32_ENERGY_MONITOR_001,23.40,50.48,21,2.78,223.58,0.01,ok
2025-12-28T09:45:05.332Z,ESP32_ENERGY_MONITOR_001,23.09,54.23,23,2.89,223.52,0.01,ok
2025-12-28T09:50:05.332Z,ESP32_ENERGY_MONITOR_001,23.87,50.65,24,2.83,221.94,0.01,ok
2025-12-28T09:55:05.332Z,ESP32_ENERGY_MONITOR_001,22.00,50.96,21,2.90,216.55,0.01,ok
2025-12-28T10:00:05.332Z,ESP32_ENERGY_MONITOR_001,20.71,54.71,17,2.75,220.79,0.01,ok
2025-12-28T10:05:05.332Z,ESP32_ENERGY_MONITOR_001,21.13,57.64,15,2.80,217.91,0.01,ok
2025-12-28T10:10:05.332Z,ESP32_ENERGY_MONITOR_001,21.45,55.22,16,2.88,223.83,0.01,ok
2025-12-28T10:15:05.332Z,ESP32_ENERGY_MONITOR_001,21.66,58.45,23,2.96,219.46,0.01,ok
2025-12-28T10:20:05.332Z,ESP32_ENERGY_MONITOR_001,22.04,54.90,19,2.93,224.54,0.01,ok
2025-12-28T10:25:05.332Z,ESP32_ENERGY_MONITOR_001,21.87,58.23,23,2.87,215.34,0.01,ok
2025-12-28T10:30:05.332Z,ESP32_ENERGY_MONITOR_001,20.66,57.85,22,3.08,216.91,0.01,ok
2025-12-28T10:35:05.332Z,ESP32_ENERGY_MONITOR_001,22.18,58.60,24,3.04,224.95,0.01,ok
2025-12-28T10:40:05.332Z,ESP32_ENERGY_MONITOR_001,22.30,54.96,17,2.55,224.14,0.01,ok
2025-12-28T10:45:05.332Z,ESP32_ENERGY_MONITOR_001,20.68,54.86,23,2.75,218.85,0.01,ok
2025-12-28T10:50:05.332Z,ESP32_ENERGY_MONITOR_001,21.13,55.19,24,3.11,218.95,0.01,ok
2025-12-28T10:55:05.332Z,ESP32_ENERGY_MONITOR_001,21.76,53.79,23,3.11,217.07,0.01,ok
2025-12-28T11:00:05.332Z,ESP32_ENERGY_MONITOR_001,20.09,58.80,7,2.40,216.05,0.01,ok
2025-12-28T11:05:05.332Z,ESP32_ENERGY_MONITOR_001,20.74,58.89,7,2.10,223.30,0.01,ok
2025-12-28T11:10:05.332Z,ESP32_ENERGY_MONITOR_001,20.18,62.09,1,2.17,224.90,0.01,ok
2025-12-28T11:15:05.332Z,ESP32_ENERGY_MONITOR_001,20.91,62.11,9,2.32,220.08,0.01,ok
2025-12-28T11:20:05.332Z,ESP32_ENERGY_MONITOR_001,19.78,60.75,8,2.43,218.70,0.01,ok
2025-12-28T11:25:05.332Z,ESP32_ENERGY_MONITOR_001,19.60,62.37,2,2.27,221.19,0.01,ok
2025-12-28T11:30:05.332Z,ESP32_ENERGY_MONITOR_001,20.48,58.53,1,2.19,216.99,0.01,ok
2025-12-28T11:35:05.332Z,ESP32_ENERGY_MONITOR_001,19.82,59.33,9,2.24,218.97,0.01,ok
2025-12-28T11:40:05.332Z,ESP32_ENERGY_MONITOR_001,20.59,58.94,4,2.29,217.77,0.01,ok
2025-12-28T11:45:05.332Z,ESP32_ENERGY_MONITOR_001,19.36,62.17,5,2.11,221.98,0.01,ok
2025-12-28T11:50:05.332Z,ESP32_ENERGY_MONITOR_001,19.97,58.70,5,2.16,215.99,0.01,ok
2025-12-28T11:55:05.332Z,ESP32_ENERGY_MONITOR_001,19.23,61.75,3,2.19,224.33,0.01,ok
2025-12-28T12:00:05.332Z,ESP32_ENERGY_MONITOR_001,19.25,64.72,5,2.11,221.54,0.01,ok
2025-12-28T12:05:05.332Z,ESP32_ENERGY_MONITOR_001,19.18,64.02,6,2.36,223.45,0.01,ok
2025-12-28T12:10:05.332Z,ESP32_ENERGY_MONITOR_001,18.33,65.81,0,2.09,222.38,0.01,ok
2025-12-28T12:15:05.332Z,ESP32_ENERGY_MONITOR_001,17.87,62.66,5,2.01,216.34,0.01,ok
2025-12-28T12:20:05.332Z,ESP32_ENERGY_MONITOR_001,17.47,64.31,3,2.19,223.64,0.01,ok
2025-12-28T12:25:05.332Z,ESP32_ENERGY_MONITOR_001,17.60,65.69,1,1.96,222.02,0.01,ok
2025-12-28T12:30:05.332Z,ESP32_ENERGY_MONITOR_001,18.75,64.80,4,2.38,220.27,0.01,ok
2025-12-28T12:35:05.332Z,ESP32_ENERGY_MONITOR_001,19.37,64.64,1,1.86,216.64,0.01,ok
2025-12-28T12:40:05.332Z,ESP32_ENERGY_MONITOR_001,18.17,65.23,2,2.11,220.57,0.01,ok
2025-12-28T12:45:05.332Z,ESP32_ENERGY_MONITOR_001,18.36,64.38,4,2.28,221.41,0.01,ok
2025-12-28T12:50:05.332Z,ESP32_ENERGY_MONITOR_001,19.11,63.71,1,2.00,216.81,0.01,ok
2025-12-28T12:55:05.332Z,ESP32_ENERGY_MONITOR_001,19.07,64.72,7,2.48,221.23,0.01,ok
2025-12-28T13:00:05.332Z,ESP32_ENERGY_MONITOR_001,17.45,66.16,3,2.34,223.63,0.01,ok
2025-12-28T13:05:05.332Z,ESP32_ENERGY_MONITOR_001,16.30,69.87,3,2.00,218.48,0.01,ok
2025-12-28T13:10:05.332Z,ESP32_ENERGY_MONITOR_001,17.01,69.34,2,2.11,216.84,0.01,ok
2025-12-28T13:15:05.332Z,ESP32_ENERGY_MONITOR_001,17.95,67.38,6,2.13,222.72,0.01,ok
2025-12-28T13:20:05.332Z,ESP32_ENERGY_MONITOR_001,17.16,67.01,7,2.12,223.55,0.01,ok
2025-12-28T13:25:05.332Z,ESP32_ENERGY_MONITOR_001,17.37,68.98,7,2.09,220.93,0.01,ok
2025-12-28T13:30:05.332Z,ESP32_ENERGY_MONITOR_001,17.63,66.16,3,2.23,224.22,0.01,ok
2025-12-28T13:35:05.332Z,ESP32_ENERGY_MONITOR_001,17.90,69.86,5,2.14,223.39,0.01,ok
2025-12-28T13:40:05.332Z,ESP32_ENERGY_MONITOR_001,16.03,67.27,3,2.14,217.77,0.01,ok
2025-12-28T13:45:05.332Z,ESP32_ENERGY_MONITOR_001,17.11,68.85,4,2.27,223.60,0.01,ok
2025-12-28T13:50:05.332Z,ESP32_ENERGY_MONITOR_001,16.57,65.12,8,2.27,218.72,0.01,ok
2025-12-28T13:55:05.332Z,ESP32_ENERGY_MONITOR_001,17.15,66.30,0,1.84,219.14,0.01,ok
2025-12-28T14:00:05.332Z,ESP32_ENERGY_MONITOR_001,16.72,72.44,4,2.36,215.85,0.01,ok
2025-12-28T14:05:05.332Z,ESP32_ENERGY_MONITOR_001,15.68,71.52,8,2.24,217.03,0.01,ok
2025-12-28T14:10:05.332Z,ESP32_ENERGY_MONITOR_001,16.26,72.60,3,2.26,217.67,0.01,ok
2025-12-28T14:15:05.332Z,ESP32_ENERGY_MONITOR_001,16.02,68.78,9,2.25,215.83,0.01,ok
2025-12-28T14:20:05.332Z,ESP32_ENERGY_MONITOR_001,15.68,72.97,8,2.26,220.67,0.01,ok
2025-12-28T14:25:05.332Z,ESP32_ENERGY_MONITOR_001,16.57,71.70,5,2.31,218.96,0.01,ok
2025-12-28T14:30:05.332Z,ESP32_ENERGY_MONITOR_001,15.28,72.48,9,2.42,224.17,0.01,ok
2025-12-28T14:35:05.332Z,ESP32_ENERGY_MONITOR_001,15.27,71.30,7,2.06,224.18,0.01,ok
2025-12-28T14:40:05.332Z,ESP32_ENERGY_MONITOR_001,14.83,68.62,8,2.33,220.69,0.01,ok
2025-12-28T14:45:05.332Z,ESP32_ENERGY_MONITOR_001,15.09,71.32,7,2.24,218.51,0.01,ok
2025-12-28T14:50:05.332Z,ESP32_ENERGY_MONITOR_001,15.73,68.25,4,2.01,217.11,0.01,ok
2025-12-28T14:55:05.332Z,ESP32_ENERGY_MONITOR_001,16.52,69.08,7,2.37,220.36,0.01,ok
2025-12-28T15:00:05.332Z,ESP32_ENERGY_MONITOR_001,15.66,72.28,2,1.98,221.26,0.01,ok
2025-12-28T15:05:05.332Z,ESP32_ENERGY_MONITOR_001,14.50,74.36,6,2.24,219.91,0.01,ok
2025-12-28T15:10:05.332Z,ESP32_ENERGY_MONITOR_001,14.47,75.00,0,1.81,216.90,0.01,ok
2025-12-28T15:15:05.332Z,ESP32_ENERGY_MONITOR_001,15.01,71.60,2,2.19,217.98,0.01,ok
2025-12-28T15:20:05.332Z,ESP32_ENERGY_MONITOR_001,14.98,70.92,3,2.23,215.56,0.01,ok
2025-12-28T15:25:05.332Z,ESP32_ENERGY_MONITOR_001,13.96,75.30,9,2.40,218.91,0.01,ok
2025-12-28T15:30:05.332Z,ESP32_ENERGY_MONITOR_001,15.36,71.70,2,1.97,223.49,0.01,ok
2025-12-28T15:35:05.332Z,ESP32_ENERGY_MONITOR_001,14.00,73.80,5,2.43,220.23,0.01,ok
2025-12-28T15:40:05.332Z,ESP32_ENERGY_MONITOR_001,15.09,71.54,4,2.25,223.77,0.01,ok
2025-12-28T15:45:05.332Z,ESP32_ENERGY_MONITOR_001,15.07,73.95,1,2.09,223.36,0.01,ok
2025-12-28T15:50:05.332Z,ESP32_ENERGY_MONITOR_001,14.17,73.37,2,2.30,219.14,0.01,ok
2025-12-28T15:55:05.332Z,ESP32_ENERGY_MONITOR_001,14.33,74.94,8,2.29,220.19,0.01,ok
2025-12-28T16:00:05.332Z,ESP32_ENERGY_MONITOR_001,14.83,72.40,3,2.26,219.51,0.01,ok
2025-12-28T16:05:05.332Z,ESP32_ENERGY_MONITOR_001,14.04,73.99,2,2.16,223.37,0.01,ok
2025-12-28T16:10:05.332Z,ESP32_ENERGY_MONITOR_001,14.08,75.38,1,2.16,218.95,0.01,ok
2025-12-28T16:15:05.332Z,ESP32_ENERGY_MONITOR_001,14.17,72.37,7,2.19,216.85,0.01,ok
2025-12-28T16:20:05.332Z,ESP32_ENERGY_MONITOR_001,14.19,75.00,2,2.31,220.44,0.01,ok
2025-12-28T16:25:05.332Z,ESP32_ENERGY_MONITOR_001,13.57,73.63,7,2.45,220.37,0.01,ok
2025-12-28T16:30:05.332Z,ESP32_ENERGY_MONITOR_001,13.81,74.68,2,1.94,223.55,0.01,ok
2025-12-28T16:35:05.332Z,ESP32_ENERGY_MONITOR_001,14.60,72.39,6,2.09,224.18,0.01,ok
2025-12-28T16:40:05.332Z,ESP32_ENERGY_MONITOR_001,15.01,75.54,0,2.19,216.01,0.01,ok
2025-12-28T16:45:05.332Z,ESP32_ENERGY_MONITOR_001,14.26,75.21,0,2.16,216.89,0.01,ok
2025-12-28T16:50:05.332Z,ESP32_ENERGY_MONITOR_001,14.13,73.88,4,2.30,222.09,0.01,ok
2025-12-28T16:55:05.332Z,ESP32_ENERGY_MONITOR_001,14.04,72.11,9,2.48,220.99,0.01,ok
2025-12-28T17:00:05.332Z,ESP32_ENERGY_MONITOR_001,14.67,75.11,5,2.08,217.86,0.01,ok
2025-12-28T17:05:05.332Z,ESP32_ENERGY_MONITOR_001,14.62,75.99,5,2.13,220.16,0.01,ok
2025-12-28T17:10:05.332Z,ESP32_ENERGY_MONITOR_001,13.41,74.85,2,1.95,222.74,0.01,ok
2025-12-28T17:15:05.332Z,ESP32_ENERGY_MONITOR_001,13.87,72.67,8,2.25,223.19,0.01,ok
2025-12-28T17:20:05.332Z,ESP32_ENERGY_MONITOR_001,14.57,75.83,1,1.95,221.64,0.01,ok
2025-12-28T17:25:05.332Z,ESP32_ENERGY_MONITOR_001,14.38,74.65,6,2.33,218.34,0.01,ok
2025-12-28T17:30:05.332Z,ESP32_ENERGY_MONITOR_001,14.46,76.34,0,2.12,224.24,0.01,ok
2025-12-28T17:35:05.332Z,ESP32_ENERGY_MONITOR_001,14.27,72.61,1,1.82,216.00,0.01,ok
2025-12-28T17:40:05.332Z,ESP32_ENERGY_MONITOR_001,14.57,74.04,9,2.58,216.74,0.01,ok
2025-12-28T17:45:05.332Z,ESP32_ENERGY_MONITOR_001,13.20,76.02,2,2.29,223.30,0.01,ok
2025-12-28T17:50:05.332Z,ESP32_ENERGY_MONITOR_001,13.17,75.19,6,2.11,217.79,0.01,ok
2025-12-28T17:55:05.332Z,ESP32_ENERGY_MONITOR_001,13.97,73.95,2,2.13,223.27,0.01,ok
2025-12-28T18:00:05.332Z,ESP32_ENERGY_MONITOR_001,14.80,74.71,6,2.12,222.44,0.01,ok
2025-12-28T18:05:05.332Z,ESP32_ENERGY_MONITOR_001,14.46,73.33,9,2.22,222.16,0.01,ok
2025-12-28T18:10:05.332Z,ESP32_ENERGY_MONITOR_001,14.54,72.83,7,2.50,215.90,0.01,ok
2025-12-28T18:15:05.332Z,ESP32_ENERGY_MONITOR_001,14.03,76.76,5,1.96,216.88,0.01,ok
2025-12-28T18:20:05.332Z,ESP32_ENERGY_MONITOR_001,14.90,72.40,2,1.92,217.81,0.01,ok
2025-12-28T18:25:05.332Z,ESP32_ENERGY_MONITOR_001,13.88,74.39,5,2.19,215.12,0.01,ok
2025-12-28T18:30:05.332Z,ESP32_ENERGY_MONITOR_001,14.04,75.28,2,2.05,219.28,0.01,ok
2025-12-28T18:35:05.332Z,ESP32_ENERGY_MONITOR_001,14.38,72.37,6,2.21,215.63,0.01,ok
2025-12-28T18:40:05.332Z,ESP32_ENERGY_MONITOR_001,14.83,73.81,6,2.02,218.75,0.01,ok
2025-12-28T18:45:05.332Z,ESP32_ENERGY_MONITOR_001,14.32,73.47,9,2.26,218.84,0.01,ok
2025-12-28T18:50:05.332Z,ESP32_ENERGY_MONITOR_001,14.46,75.42,6,2.31,224.75,0.01,ok
2025-12-28T18:55:05.332Z,ESP32_ENERGY_MONITOR_001,14.50,76.58,1,1.85,222.59,0.01,ok
2025-12-28T19:00:05.332Z,ESP32_ENERGY_MONITOR_001,14.26,71.13,8,2.28,220.13,0.01,ok
2025-12-28T19:05:05.332Z,ESP32_ENERGY_MONITOR_001,14.15,74.79,5,2.25,215.86,0.01,ok
2025-12-28T19:10:05.332Z,ESP32_ENERGY_MONITOR_001,14.29,75.24,1,2.16,216.80,0.01,ok
2025-12-28T19:15:05.332Z,ESP32_ENERGY_MONITOR_001,15.01,73.19,7,2.33,219.68,0.01,ok
2025-12-28T19:20:05.332Z,ESP32_ENERGY_MONITOR_001,15.17,74.02,4,2.06,224.02,0.01,ok
2025-12-28T19:25:05.332Z,ESP32_ENERGY_MONITOR_001,14.46,75.15,9,2.37,221.28,0.01,ok
2025-12-28T19:30:05.332Z,ESP32_ENERGY_MONITOR_001,15.78,74.06,9,2.14,219.08,0.01,ok
2025-12-28T19:35:05.332Z,ESP32_ENERGY_MONITOR_001,15.72,73.07,3,2.06,216.87,0.01,ok
2025-12-28T19:40:05.332Z,ESP32_ENERGY_MONITOR_001,14.77,72.60,2,1.89,217.71,0.01,ok
2025-12-28T19:45:05.332Z,ESP32_ENERGY_MONITOR_001,14.62,71.87,0,1.82,222.51,0.01,ok
2025-12-28T19:50:05.332Z,ESP32_ENERGY_MONITOR_001,15.21,73.78,5,2.31,220.86,0.01,ok
2025-12-28T19:55:05.332Z,ESP32_ENERGY_MONITOR_001,14.59,71.84,0,1.87,222.26,0.01,ok
2025-12-28T20:00:05.332Z,ESP32_ENERGY_MONITOR_001,14.99,72.52,4,2.07,223.14,0.01,ok
2025-12-28T20:05:05.332Z,ESP32_ENERGY_MONITOR_001,16.54,73.06,8,2.36,223.04,0.01,ok
2025-12-28T20:10:05.332Z,ESP32_ENERGY_MONITOR_001,16.09,71.50,4,1.92,222.32,0.01,ok
2025-12-28T20:15:05.332Z,ESP32_ENERGY_MONITOR_001,15.51,72.54,8,2.48,215.06,0.01,ok
2025-12-28T20:20:05.332Z,ESP32_ENERGY_MONITOR_001,15.82,72.38,3,1.87,223.71,0.01,ok
2025-12-28T20:25:05.332Z,ESP32_ENERGY_MONITOR_001,16.31,71.57,3,2.09,215.07,0.01,ok
2025-12-28T20:30:05.332Z,ESP32_ENERGY_MONITOR_001,15.33,69.63,8,2.28,218.27,0.01,ok
2025-12-28T20:35:05.332Z,ESP32_ENERGY_MONITOR_001,15.27,72.82,4,2.16,222.65,0.01,ok
2025-12-28T20:40:05.332Z,ESP32_ENERGY_MONITOR_001,16.54,69.22,1,1.84,222.46,0.01,ok
2025-12-28T20:45:05.332Z,ESP32_ENERGY_MONITOR_001,14.91,72.74,5,2.29,220.18,0.01,ok
2025-12-28T20:50:05.332Z,ESP32_ENERGY_MONITOR_001,16.18,71.89,9,2.32,219.66,0.01,ok
2025-12-28T20:55:05.332Z,ESP32_ENERGY_MONITOR_001,15.42,70.62,8,2.41,222.07,0.01,ok
2025-12-28T21:00:05.332Z,ESP32_ENERGY_MONITOR_001,17.25,65.31,1,2.20,215.10,0.01,ok
2025-12-28T21:05:05.332Z,ESP32_ENERGY_MONITOR_001,17.66,66.66,3,2.13,219.03,0.01,ok
2025-12-28T21:10:05.332Z,ESP32_ENERGY_MONITOR_001,17.20,66.75,7,2.21,224.35,0.01,ok
2025-12-28T21:15:05.332Z,ESP32_ENERGY_MONITOR_001,17.93,69.58,0,2.02,219.40,0.01,ok
2025-12-28T21:20:05.332Z,ESP32_ENERGY_MONITOR_001,17.07,68.28,8,2.19,220.60,0.01,ok
2025-12-28T21:25:05.332Z,ESP32_ENERGY_MONITOR_001,16.38,67.51,9,2.35,217.54,0.01,ok
2025-12-28T21:30:05.332Z,ESP32_ENERGY_MONITOR_001,17.77,65.69,4,2.17,220.57,0.01,ok
2025-12-28T21:35:05.332Z,ESP32_ENERGY_MONITOR_001,16.07,66.78,1,1.79,224.09,0.01,ok
2025-12-28T21:40:05.332Z,ESP32_ENERGY_MONITOR_001,16.88,68.97,5,2.32,223.37,0.01,ok
2025-12-28T21:45:05.332Z,ESP32_ENERGY_MONITOR_001,17.33,67.37,2,2.30,220.76,0.01,ok
2025-12-28T21:50:05.332Z,ESP32_ENERGY_MONITOR_001,16.34,65.13,4,2.36,220.80,0.01,ok
2025-12-28T21:55:05.332Z,ESP32_ENERGY_MONITOR_001,16.87,67.05,2,2.22,224.02,0.01,ok
2025-12-28T22:00:05.332Z,ESP32_ENERGY_MONITOR_001,18.86,63.22,7,2.36,216.63,0.01,ok
2025-12-28T22:05:05.332Z,ESP32_ENERGY_MONITOR_001,17.92,62.88,5,2.21,215.77,0.01,ok
2025-12-28T22:10:05.332Z,ESP32_ENERGY_MONITOR_001,19.38,65.34,5,1.96,220.38,0.01,ok
2025-12-28T22:15:05.332Z,ESP32_ENERGY_MONITOR_001,18.42,66.20,6,2.30,216.30,0.01,ok
2025-12-28T22:20:05.332Z,ESP32_ENERGY_MONITOR_001,18.55,65.78,2,2.22,219.91,0.01,ok
2025-12-28T22:25:05.332Z,ESP32_ENERGY_MONITOR_001,17.88,65.82,2,1.93,217.91,0.01,ok
2025-12-28T22:30:05.332Z,ESP32_ENERGY_MONITOR_001,19.21,62.70,7,2.46,222.74,0.01,ok
2025-12-28T22:35:05.332Z,ESP32_ENERGY_MONITOR_001,18.11,66.08,2,2.09,220.31,0.01,ok
2025-12-28T22:40:05.332Z,ESP32_ENERGY_MONITOR_001,18.13,64.83,0,2.15,222.51,0.01,ok
2025-12-28T22:45:05.332Z,ESP32_ENERGY_MONITOR_001,18.09,66.32,2,2.21,223.65,0.01,ok
2025-12-28T22:50:05.332Z,ESP32_ENERGY_MONITOR_001,17.85,65.94,0,1.79,217.33,0.01,ok
2025-12-28T22:55:05.332Z,ESP32_ENERGY_MONITOR_001,19.08,64.50,1,1.95,224.06,0.01,ok
2025-12-28T23:00:05.332Z,ESP32_ENERGY_MONITOR_001,20.69,61.69,7,2.37,219.14,0.01,ok
2025-12-28T23:05:05.332Z,ESP32_ENERGY_MONITOR_001,20.80,58.68,8,2.07,220.53,0.01,ok
2025-12-28T23:10:05.332Z,ESP32_ENERGY_MONITOR_001,20.20,58.15,9,2.26,222.24,0.01,ok
2025-12-28T23:15:05.332Z,ESP32_ENERGY_MONITOR_001,20.49,60.57,6,2.21,216.70,0.01,ok
2025-12-28T23:20:05.332Z,ESP32_ENERGY_MONITOR_001,20.47,61.69,5,2.02,217.66,0.01,ok
2025-12-28T23:25:05.332Z,ESP32_ENERGY_MONITOR_001,19.74,60.84,8,2.23,222.07,0.01,ok
2025-12-28T23:30:05.332Z,ESP32_ENERGY_MONITOR_001,19.69,62.47,9,2.43,215.05,0.01,ok
2025-12-28T23:35:05.332Z,ESP32_ENERGY_MONITOR_001,19.43,60.11,1,1.80,218.34,0.01,ok
2025-12-28T23:40:05.332Z,ESP32_ENERGY_MONITOR_001,20.50,58.96,7,2.30,217.20,0.01,ok
2025-12-28T23:45:05.332Z,ESP32_ENERGY_MONITOR_001,19.94,59.71,6,2.35,220.44,0.01,ok
2025-12-28T23:50:05.332Z,ESP32_ENERGY_MONITOR_001,19.20,62.42,9,2.55,215.12,0.01,ok
2025-12-28T23:55:05.332Z,ESP32_ENERGY_MONITOR_001,20.83,59.04,7,2.28,220.61,0.01,ok
2025-12-29T00:00:05.332Z,ESP32_ENERGY_MONITOR_001,21.89,55.70,3,2.12,215.23,0.01,ok
2025-12-29T00:05:05.332Z,ESP32_ENERGY_MONITOR_001,21.81,55.29,4,2.03,223.82,0.01,ok
2025-12-29T00:10:05.332Z,ESP32_ENERGY_MONITOR_001,21.51,56.94,5,2.06,215.53,0.01,ok
2025-12-29T00:15:05.332Z,ESP32_ENERGY_MONITOR_001,21.07,57.08,2,2.20,224.04,0.01,ok
2025-12-29T00:20:05.332Z,ESP32_ENERGY_MONITOR_001,21.62,58.12,9,2.14,220.09,0.01,ok
2025-12-29T00:25:05.332Z,ESP32_ENERGY_MONITOR_001,21.45,55.62,5,2.15,217.54,0.01,ok
2025-12-29T00:30:05.332Z,ESP32_ENERGY_MONITOR_001,21.23,57.27,2,2.24,223.17,0.01,ok
2025-12-29T00:35:05.332Z,ESP32_ENERGY_MONITOR_001,21.77,54.13,7,2.11,224.54,0.01,ok
2025-12-29T00:40:05.332Z,ESP32_ENERGY_MONITOR_001,21.49,58.36,2,2.11,221.40,0.01,ok
2025-12-29T00:45:05.332Z,ESP32_ENERGY_MONITOR_001,21.23,54.16,8,2.39,222.72,0.01,ok
2025-12-29T00:50:05.332Z,ESP32_ENERGY_MONITOR_001,20.65,56.75,0,2.23,219.07,0.01,ok
2025-12-29T00:55:05.332Z,ESP32_ENERGY_MONITOR_001,21.98,55.74,5,2.08,219.69,0.01,ok
2025-12-29T01:00:05.332Z,ESP32_ENERGY_MONITOR_001,23.47,54.52,19,2.60,219.63,0.01,ok
2025-12-29T01:05:05.332Z,ESP32_ENERGY_MONITOR_001,22.04,52.28,22,2.85,220.67,0.01,ok
2025-12-29T01:10:05.332Z,ESP32_ENERGY_MONITOR_001,22.06,50.61,23,3.13,220.42,0.01,ok
2025-12-29T01:15:05.332Z,ESP32_ENERGY_MONITOR_001,23.94,50.95,21,3.04,216.99,0.01,ok
2025-12-29T01:20:05.332Z,ESP32_ENERGY_MONITOR_001,22.90,54.35,24,2.97,221.15,0.01,ok
2025-12-29T01:25:05.332Z,ESP32_ENERGY_MONITOR_001,23.27,51.53,24,2.89,216.28,0.01,ok
2025-12-29T01:30:05.332Z,ESP32_ENERGY_MONITOR_001,22.53,50.15,20,2.69,218.74,0.01,ok
2025-12-29T01:35:05.332Z,ESP32_ENERGY_MONITOR_001,23.95,50.30,20,2.93,224.65,0.01,ok
2025-12-29T01:40:05.332Z,ESP32_ENERGY_MONITOR_001,22.52,50.02,22,2.67,224.43,0.01,ok
2025-12-29T01:45:05.332Z,ESP32_ENERGY_MONITOR_001,23.05,50.65,18,2.51,215.93,0.01,ok
2025-12-29T01:50:05.332Z,ESP32_ENERGY_MONITOR_001,22.84,54.59,17,2.70,224.69,0.01,ok
2025-12-29T01:55:05.332Z,ESP32_ENERGY_MONITOR_001,23.95,54.46,18,2.85,222.84,0.01,ok
2025-12-29T02:00:05.332Z,ESP32_ENERGY_MONITOR_001,24.82,47.07,28,3.54,223.52,0.02,ok
2025-12-29T02:05:05.332Z,ESP32_ENERGY_MONITOR_001,23.52,47.74,24,3.18,217.25,0.01,ok
2025-12-29T02:10:05.332Z,ESP32_ENERGY_MONITOR_001,24.69,47.35,22,3.32,223.91,0.02,ok
2025-12-29T02:15:05.332Z,ESP32_ENERGY_MONITOR_001,25.13,48.60,22,3.23,222.35,0.01,ok
2025-12-29T02:20:05.332Z,ESP32_ENERGY_MONITOR_001,24.74,48.04,26,3.41,217.04,0.02,ok
2025-12-29T02:25:05.332Z,ESP32_ENERGY_MONITOR_001,23.76,48.40,20,2.96,222.50,0.01,ok
2025-12-29T02:30:05.332Z,ESP32_ENERGY_MONITOR_001,23.54,51.52,20,2.86,218.50,0.01,ok
2025-12-29T02:35:05.332Z,ESP32_ENERGY_MONITOR_001,24.54,49.44,28,3.18,215.72,0.01,ok
2025-12-29T02:40:05.332Z,ESP32_ENERGY_MONITOR_001,24.33,50.24,20,3.03,215.32,0.01,ok
2025-12-29T02:45:05.332Z,ESP32_ENERGY_MONITOR_001,23.61,50.68,25,3.02,220.33,0.01,ok
2025-12-29T02:50:05.332Z,ESP32_ENERGY_MONITOR_001,24.16,49.14,20,2.98,224.39,0.01,ok
2025-12-29T02:55:05.332Z,ESP32_ENERGY_MONITOR_001,24.53,47.10,25,3.25,224.50,0.01,ok
2025-12-29T03:00:05.332Z,ESP32_ENERGY_MONITOR_001,24.90,47.10,24,3.30,224.15,0.01,ok
2025-12-29T03:05:05.332Z,ESP32_ENERGY_MONITOR_001,26.16,46.77,26,3.44,216.67,0.02,ok
2025-12-29T03:10:05.332Z,ESP32_ENERGY_MONITOR_001,25.26,47.00,28,3.64,224.65,0.02,ok
2025-12-29T03:15:05.332Z,ESP32_ENERGY_MONITOR_001,25.59,46.31,33,3.60,219.13,0.02,ok
2025-12-29T03:20:05.332Z,ESP32_ENERGY_MONITOR_001,24.29,44.63,29,3.33,221.13,0.02,ok
2025-12-29T03:25:05.332Z,ESP32_ENERGY_MONITOR_001,24.53,46.99,28,3.20,219.16,0.01,ok
2025-12-29T03:30:05.332Z,ESP32_ENERGY_MONITOR_001,25.64,44.56,24,3.68,221.06,0.02,ok
2025-12-29T03:35:05.332Z,ESP32_ENERGY_MONITOR_001,24.22,45.43,25,3.13,220.57,0.01,ok
2025-12-29T03:40:05.332Z,ESP32_ENERGY_MONITOR_001,25.71,45.89,29,3.86,221.14,0.02,ok
2025-12-29T03:45:05.332Z,ESP32_ENERGY_MONITOR_001,25.38,44.53,27,3.65,217.31,0.02,ok
2025-12-29T03:50:05.332Z,ESP32_ENERGY_MONITOR_001,24.66,48.09,24,2.95,216.84,0.01,ok
2025-12-29T03:55:05.332Z,ESP32_ENERGY_MONITOR_001,24.72,44.74,30,3.32,222.44,0.02,ok
2025-12-29T04:00:05.332Z,ESP32_ENERGY_MONITOR_001,25.04,46.79,27,3.46,218.16,0.02,ok
2025-12-29T04:05:05.332Z,ESP32_ENERGY_MONITOR_001,25.19,43.34,27,3.55,217.80,0.02,ok
2025-12-29T04:10:05.332Z,ESP32_ENERGY_MONITOR_001,26.73,43.28,36,4.23,223.83,0.02,ok
2025-12-29T04:15:05.332Z,ESP32_ENERGY_MONITOR_001,25.67,47.16,29,3.58,219.26,0.02,ok
2025-12-29T04:20:05.332Z,ESP32_ENERGY_MONITOR_001,26.72,43.91,36,4.46,217.30,0.02,ok
2025-12-29T04:25:05.332Z,ESP32_ENERGY_MONITOR_001,26.25,47.41,32,3.71,222.43,0.02,ok
2025-12-29T04:30:05.332Z,ESP32_ENERGY_MONITOR_001,25.07,45.87,30,3.68,216.34,0.02,ok
2025-12-29T04:35:05.332Z,ESP32_ENERGY_MONITOR_001,26.72,44.95,35,4.45,219.78,0.02,ok
2025-12-29T04:40:05.332Z,ESP32_ENERGY_MONITOR_001,26.69,45.90,31,4.09,217.24,0.02,ok
2025-12-29T04:45:05.332Z,ESP32_ENERGY_MONITOR_001,26.00,45.60,32,3.97,216.69,0.02,ok
2025-12-29T04:50:05.332Z,ESP32_ENERGY_MONITOR_001,25.20,45.82,32,3.84,224.76,0.02,ok
2025-12-29T04:55:05.332Z,ESP32_ENERGY_MONITOR_001,26.51,45.32,31,3.81,220.23,0.02,ok
2025-12-29T05:00:05.332Z,ESP32_ENERGY_MONITOR_001,25.17,44.49,34,3.49,216.28,0.02,ok
2025-12-29T05:05:05.332Z,ESP32_ENERGY_MONITOR_001,26.29,45.08,35,4.07,223.72,0.02,ok
2025-12-29T05:10:05.332Z,ESP32_ENERGY_MONITOR_001,25.06,45.93,38,4.01,219.96,0.02,ok
2025-12-29T05:15:05.332Z,ESP32_ENERGY_MONITOR_001,26.86,44.74,30,4.27,221.79,0.02,ok
2025-12-29T05:20:05.332Z,ESP32_ENERGY_MONITOR_001,25.06,47.24,34,3.82,218.99,0.02,ok
2025-12-29T05:25:05.332Z,ESP32_ENERGY_MONITOR_001,26.87,44.89,33,4.07,223.40,0.02,ok
2025-12-29T05:30:05.332Z,ESP32_ENERGY_MONITOR_001,26.48,46.02,38,4.19,223.29,0.02,ok
2025-12-29T05:35:05.332Z,ESP32_ENERGY_MONITOR_001,25.41,45.55,34,3.75,215.70,0.02,ok
2025-12-29T05:40:05.332Z,ESP32_ENERGY_MONITOR_001,26.69,43.70,35,3.97,217.24,0.02,ok
2025-12-29T05:45:05.332Z,ESP32_ENERGY_MONITOR_001,25.60,44.17,35,3.94,217.16,0.02,ok
2025-12-29T05:50:05.332Z,ESP32_ENERGY_MONITOR_001,26.25,43.17,37,4.13,224.70,0.02,ok
2025-12-29T05:55:05.332Z,ESP32_ENERGY_MONITOR_001,25.70,42.67,31,3.74,219.11,0.02,ok
2025-12-29T06:00:05.332Z,ESP32_ENERGY_MONITOR_001,26.18,47.48,38,4.23,216.18,0.02,ok
2025-12-29T06:05:05.332Z,ESP32_ENERGY_MONITOR_001,26.72,43.05,31,4.29,215.78,0.02,ok
2025-12-29T06:10:05.332Z,ESP32_ENERGY_MONITOR_001,26.66,44.36,38,4.15,218.06,0.02,ok
2025-12-29T06:15:05.332Z,ESP32_ENERGY_MONITOR_001,26.44,45.56,30,3.91,219.19,0.02,ok
2025-12-29T06:20:05.332Z,ESP32_ENERGY_MONITOR_001,26.30,46.29,34,3.82,216.51,0.02,ok
2025-12-29T06:25:05.332Z,ESP32_ENERGY_MONITOR_001,26.43,45.41,30,4.10,224.42,0.02,ok
2025-12-29T06:30:05.332Z,ESP32_ENERGY_MONITOR_001,25.98,46.97,35,3.93,218.71,0.02,ok
2025-12-29T06:35:05.332Z,ESP32_ENERGY_MONITOR_001,26.34,43.18,34,3.94,223.41,0.02,ok
2025-12-29T06:40:05.332Z,ESP32_ENERGY_MONITOR_001,25.20,45.59,33,3.73,222.59,0.02,ok
2025-12-29T06:45:05.332Z,ESP32_ENERGY_MONITOR_001,25.67,46.98,36,3.79,220.59,0.02,ok
2025-12-29T06:50:05.332Z,ESP32_ENERGY_MONITOR_001,25.67,44.04,33,3.67,217.69,0.02,ok
2025-12-29T06:55:05.332Z,ESP32_ENERGY_MONITOR_001,25.81,46.58,36,3.92,219.85,0.02,ok
2025-12-29T07:00:05.332Z,ESP32_ENERGY_MONITOR_001,24.48,45.20,29,3.37,218.10,0.02,ok
2025-12-29T07:05:05.332Z,ESP32_ENERGY_MONITOR_001,26.18,49.06,30,3.88,217.01,0.02,ok
2025-12-29T07:10:05.332Z,ESP32_ENERGY_MONITOR_001,25.70,46.23,29,3.48,220.54,0.02,ok
2025-12-29T07:15:05.332Z,ESP32_ENERGY_MONITOR_001,25.85,47.20,33,3.67,219.49,0.02,ok
2025-12-29T07:20:05.332Z,ESP32_ENERGY_MONITOR_001,24.72,48.92,35,3.72,218.31,0.02,ok
2025-12-29T07:25:05.332Z,ESP32_ENERGY_MONITOR_001,24.42,47.43,29,3.15,224.76,0.01,ok
2025-12-29T07:30:05.332Z,ESP32_ENERGY_MONITOR_001,24.87,48.19,27,3.26,218.98,0.01,ok
2025-12-29T07:35:05.332Z,ESP32_ENERGY_MONITOR_001,25.48,44.56,29,3.64,217.02,0.02,ok
2025-12-29T07:40:05.332Z,ESP32_ENERGY_MONITOR_001,24.64,45.12,32,3.32,219.42,0.02,ok
2025-12-29T07:45:05.332Z,ESP32_ENERGY_MONITOR_001,25.22,46.45,33,3.57,222.30,0.02,ok
2025-12-29T07:50:05.332Z,ESP32_ENERGY_MONITOR_001,25.10,47.97,27,3.44,222.00,0.02,ok
2025-12-29T07:55:05.332Z,ESP32_ENERGY_MONITOR_001,24.94,46.75,30,3.67,217.74,0.02,ok
2025-12-29T08:00:05.332Z,ESP32_ENERGY_MONITOR_001,23.51,48.62,32,3.06,222.47,0.01,ok
2025-12-29T08:05:05.332Z,ESP32_ENERGY_MONITOR_001,24.47,50.64,31,3.44,222.59,0.02,ok
2025-12-29T08:10:05.332Z,ESP32_ENERGY_MONITOR_001,24.86,51.34,27,3.50,220.23,0.02,ok
2025-12-29T08:15:05.332Z,ESP32_ENERGY_MONITOR_001,24.25,48.21,29,3.33,224.27,0.02,ok
2025-12-29T08:20:05.332Z,ESP32_ENERGY_MONITOR_001,23.80,50.82,30,3.15,220.45,0.01,ok
2025-12-29T08:25:05.332Z,ESP32_ENERGY_MONITOR_001,23.52,50.57,32,3.48,218.32,0.02,ok
2025-12-29T08:30:05.332Z,ESP32_ENERGY_MONITOR_001,24.45,51.46,27,3.35,217.19,0.02,ok
2025-12-29T08:35:05.332Z,ESP32_ENERGY_MONITOR_001,24.61,47.72,26,3.30,220.77,0.01,ok
2025-12-29T08:40:05.332Z,ESP32_ENERGY_MONITOR_001,25.11,49.93,27,3.58,216.93,0.02,ok
2025-12-29T08:45:05.332Z,ESP32_ENERGY_MONITOR_001,25.02,48.82,30,3.69,219.59,0.02,ok
2025-12-29T08:50:05.332Z,ESP32_ENERGY_MONITOR_001,25.12,47.78,32,3.49,221.66,0.02,ok
2025-12-29T08:55:05.332Z,ESP32_ENERGY_MONITOR_001,24.30,50.76,28,2.98,224.78,0.01,ok
2025-12-29T09:00:05.332Z,ESP32_ENERGY_MONITOR_001,22.74,54.46,25,3.25,223.23,0.01,ok
2025-12-29T09:05:05.332Z,ESP32_ENERGY_MONITOR_001,22.68,54.46,28,2.88,217.15,0.01,ok
2025-12-29T09:10:05.332Z,ESP32_ENERGY_MONITOR_001,23.24,50.93,29,2.99,215.45,0.01,ok
2025-12-29T09:15:05.332Z,ESP32_ENERGY_MONITOR_001,23.91,51.70,22,3.04,221.71,0.01,ok
2025-12-29T09:20:05.332Z,ESP32_ENERGY_MONITOR_001,22.22,52.21,21,3.01,220.40,0.01,ok
2025-12-29T09:25:05.332Z,ESP32_ENERGY_MONITOR_001,22.42,51.45,27,2.91,215.63,0.01,ok
2025-12-29T09:30:05.332Z,ESP32_ENERGY_MONITOR_001,23.25,53.80,28,2.96,216.70,0.01,ok
2025-12-29T09:35:05.332Z,ESP32_ENERGY_MONITOR_001,22.16,54.81,25,3.05,216.11,0.01,ok
2025-12-29T09:40:05.332Z,ESP32_ENERGY_MONITOR_001,22.14,52.32,29,2.93,219.61,0.01,ok
2025-12-29T09:45:05.332Z,ESP32_ENERGY_MONITOR_001,22.53,51.53,25,2.86,221.18,0.01,ok
2025-12-29T09:50:05.332Z,ESP32_ENERGY_MONITOR_001,22.78,53.26,22,3.07,219.94,0.01,ok
2025-12-29T09:55:05.332Z,ESP32_ENERGY_MONITOR_001,23.19,53.49,21,2.75,223.11,0.01,ok
2025-12-29T10:00:05.332Z,ESP32_ENERGY_MONITOR_001,21.83,54.91,21,2.97,220.13,0.01,ok
2025-12-29T10:05:05.332Z,ESP32_ENERGY_MONITOR_001,22.13,57.73,16,2.42,215.98,0.01,ok
2025-12-29T10:10:05.332Z,ESP32_ENERGY_MONITOR_001,21.86,55.13,15,2.81,217.72,0.01,ok
2025-12-29T10:15:05.332Z,ESP32_ENERGY_MONITOR_001,21.53,56.18,22,3.02,223.76,0.01,ok
2025-12-29T10:20:05.332Z,ESP32_ENERGY_MONITOR_001,21.99,53.67,22,2.85,217.63,0.01,ok
2025-12-29T10:25:05.332Z,ESP32_ENERGY_MONITOR_001,21.28,55.97,17,2.74,222.94,0.01,ok
2025-12-29T10:30:05.332Z,ESP32_ENERGY_MONITOR_001,20.72,58.49,22,2.94,215.60,0.01,ok
2025-12-29T10:35:05.332Z,ESP32_ENERGY_MONITOR_001,22.49,54.11,20,3.01,223.67,0.01,ok
2025-12-29T10:40:05.332Z,ESP32_ENERGY_MONITOR_001,21.53,57.61,20,2.93,217.80,0.01,ok
2025-12-29T10:45:05.332Z,ESP32_ENERGY_MONITOR_001,22.40,57.37,18,2.84,219.87,0.01,ok
2025-12-29T10:50:05.332Z,ESP32_ENERGY_MONITOR_001,21.87,55.87,16,2.79,219.37,0.01,ok
2025-12-29T10:55:05.332Z,ESP32_ENERGY_MONITOR_001,21.94,56.13,21,2.60,222.45,0.01,ok
2025-12-29T11:00:05.332Z,ESP32_ENERGY_MONITOR_001,19.82,58.85,8,2.38,217.47,0.01,ok
2025-12-29T11:05:05.332Z,ESP32_ENERGY_MONITOR_001,19.86,57.98,4,1.93,220.60,0.01,ok
2025-12-29T11:10:05.332Z,ESP32_ENERGY_MONITOR_001,19.08,59.90,9,2.26,223.01,0.01,ok
2025-12-29T11:15:05.332Z,ESP32_ENERGY_MONITOR_001,19.50,57.63,9,2.56,223.37,0.01,ok
2025-12-29T11:20:05.332Z,ESP32_ENERGY_MONITOR_001,20.72,59.07,2,2.22,220.96,0.01,ok
2025-12-29T11:25:05.332Z,ESP32_ENERGY_MONITOR_001,20.87,59.39,9,2.27,218.93,0.01,ok
2025-12-29T11:30:05.332Z,ESP32_ENERGY_MONITOR_001,19.94,59.48,5,1.98,221.57,0.01,ok
2025-12-29T11:35:05.332Z,ESP32_ENERGY_MONITOR_001,19.55,60.73,1,1.94,218.59,0.01,ok
2025-12-29T11:40:05.332Z,ESP32_ENERGY_MONITOR_001,19.12,58.17,4,2.11,216.05,0.01,ok
2025-12-29T11:45:05.332Z,ESP32_ENERGY_MONITOR_001,20.95,60.79,1,2.19,223.18,0.01,ok
2025-12-29T11:50:05.332Z,ESP32_ENERGY_MONITOR_001,19.17,58.29,5,2.09,223.04,0.01,ok
2025-12-29T11:55:05.332Z,ESP32_ENERGY_MONITOR_001,19.68,60.78,2,1.84,220.03,0.01,ok
2025-12-29T12:00:05.332Z,ESP32_ENERGY_MONITOR_001,18.72,62.73,9,2.41,221.84,0.01,ok
2025-12-29T12:05:05.332Z,ESP32_ENERGY_MONITOR_001,17.71,62.09,4,2.06,220.92,0.01,ok
2025-12-29T12:10:05.332Z,ESP32_ENERGY_MONITOR_001,17.88,61.48,1,1.80,224.81,0.01,ok
2025-12-29T12:15:05.332Z,ESP32_ENERGY_MONITOR_001,18.10,61.43,8,2.12,215.54,0.01,ok
2025-12-29T12:20:05.332Z,ESP32_ENERGY_MONITOR_001,19.20,65.66,6,2.33,217.39,0.01,ok
2025-12-29T12:25:05.332Z,ESP32_ENERGY_MONITOR_001,18.05,62.79,5,2.10,221.35,0.01,ok
2025-12-29T12:30:05.332Z,ESP32_ENERGY_MONITOR_001,18.00,63.79,8,2.45,224.68,0.01,ok
2025-12-29T12:35:05.332Z,ESP32_ENERGY_MONITOR_001,18.95,62.74,1,2.25,219.72,0.01,ok
2025-12-29T12:40:05.332Z,ESP32_ENERGY_MONITOR_001,19.06,64.24,2,2.04,224.02,0.01,ok
2025-12-29T12:45:05.332Z,ESP32_ENERGY_MONITOR_001,18.54,66.08,7,2.51,220.71,0.01,ok
2025-12-29T12:50:05.332Z,ESP32_ENERGY_MONITOR_001,18.49,62.36,7,2.44,224.56,0.01,ok
2025-12-29T12:55:05.332Z,ESP32_ENERGY_MONITOR_001,17.89,61.65,8,2.07,224.39,0.01,ok
2025-12-29T13:00:05.332Z,ESP32_ENERGY_MONITOR_001,16.10,65.67,6,2.13,221.71,0.01,ok
2025-12-29T13:05:05.332Z,ESP32_ENERGY_MONITOR_001,16.50,67.14,0,1.91,219.23,0.01,ok
2025-12-29T13:10:05.332Z,ESP32_ENERGY_MONITOR_001,16.30,67.36,0,1.92,216.80,0.01,ok
2025-12-29T13:15:05.332Z,ESP32_ENERGY_MONITOR_001,16.64,66.41,1,2.07,218.48,0.01,ok
2025-12-29T13:20:05.332Z,ESP32_ENERGY_MONITOR_001,16.78,67.82,1,2.03,215.38,0.01,ok
2025-12-29T13:25:05.332Z,ESP32_ENERGY_MONITOR_001,16.73,66.00,4,2.21,223.37,0.01,ok
2025-12-29T13:30:05.332Z,ESP32_ENERGY_MONITOR_001,17.49,66.66,2,2.12,218.81,0.01,ok
2025-12-29T13:35:05.332Z,ESP32_ENERGY_MONITOR_001,16.65,66.67,3,2.08,219.02,0.01,ok
2025-12-29T13:40:05.332Z,ESP32_ENERGY_MONITOR_001,17.87,68.88,8,2.46,221.37,0.01,ok
2025-12-29T13:45:05.332Z,ESP32_ENERGY_MONITOR_001,17.35,66.80,7,2.24,220.46,0.01,ok
2025-12-29T13:50:05.332Z,ESP32_ENERGY_MONITOR_001,16.79,68.03,4,2.21,224.68,0.01,ok
2025-12-29T13:55:05.332Z,ESP32_ENERGY_MONITOR_001,17.34,67.89,5,2.43,222.78,0.01,ok
2025-12-29T14:00:05.332Z,ESP32_ENERGY_MONITOR_001,15.96,69.47,6,2.30,220.03,0.01,ok
2025-12-29T14:05:05.332Z,ESP32_ENERGY_MONITOR_001,15.34,71.35,0,1.89,219.35,0.01,ok
2025-12-29T14:10:05.332Z,ESP32_ENERGY_MONITOR_001,14.82,69.70,4,2.11,224.94,0.01,ok
2025-12-29T14:15:05.332Z,ESP32_ENERGY_MONITOR_001,15.85,72.98,5,2.06,220.33,0.01,ok
2025-12-29T14:20:05.332Z,ESP32_ENERGY_MONITOR_001,15.05,70.33,8,2.16,219.25,0.01,ok
2025-12-29T14:25:05.332Z,ESP32_ENERGY_MONITOR_001,16.10,68.99,8,2.10,222.38,0.01,ok
2025-12-29T14:30:05.332Z,ESP32_ENERGY_MONITOR_001,16.17,72.57,9,2.50,223.40,0.01,ok
2025-12-29T14:35:05.332Z,ESP32_ENERGY_MONITOR_001,15.31,71.46,4,2.13,218.91,0.01,ok
2025-12-29T14:40:05.332Z,ESP32_ENERGY_MONITOR_001,16.63,69.38,2,2.06,224.67,0.01,ok
2025-12-29T14:45:05.332Z,ESP32_ENERGY_MONITOR_001,16.02,70.74,7,2.36,217.10,0.01,ok
2025-12-29T14:50:05.332Z,ESP32_ENERGY_MONITOR_001,16.35,70.22,4,2.27,221.73,0.01,ok
2025-12-29T14:55:05.332Z,ESP32_ENERGY_MONITOR_001,15.30,71.47,2,2.26,221.72,0.01,ok
2025-12-29T15:00:05.332Z,ESP32_ENERGY_MONITOR_001,14.25,74.83,0,1.92,218.24,0.01,ok
2025-12-29T15:05:05.332Z,ESP32_ENERGY_MONITOR_001,15.10,74.80,8,2.26,215.65,0.01,ok
2025-12-29T15:10:05.332Z,ESP32_ENERGY_MONITOR_001,14.87,70.51,5,1.95,220.64,0.01,ok
2025-12-29T15:15:05.332Z,ESP32_ENERGY_MONITOR_001,14.23,73.85,8,2.31,222.38,0.01,ok
2025-12-29T15:20:05.332Z,ESP32_ENERGY_MONITOR_001,15.44,73.98,7,2.12,217.50,0.01,ok
2025-12-29T15:25:05.332Z,ESP32_ENERGY_MONITOR_001,13.87,72.27,0,2.20,219.83,0.01,ok
2025-12-29T15:30:05.332Z,ESP32_ENERGY_MONITOR_001,15.52,71.31,5,2.16,217.15,0.01,ok
2025-12-29T15:35:05.332Z,ESP32_ENERGY_MONITOR_001,15.03,73.75,0,1.86,223.64,0.01,ok
2025-12-29T15:40:05.332Z,ESP32_ENERGY_MONITOR_001,13.81,73.00,2,2.05,220.60,0.01,ok
2025-12-29T15:45:05.332Z,ESP32_ENERGY_MONITOR_001,15.43,74.02,1,1.94,224.48,0.01,ok
2025-12-29T15:50:05.332Z,ESP32_ENERGY_MONITOR_001,15.22,71.72,7,2.50,215.78,0.01,ok
2025-12-29T15:55:05.332Z,ESP32_ENERGY_MONITOR_001,15.74,74.44,5,2.08,217.57,0.01,ok
2025-12-29T16:00:05.332Z,ESP32_ENERGY_MONITOR_001,13.72,76.15,9,2.43,218.80,0.01,ok
2025-12-29T16:05:05.332Z,ESP32_ENERGY_MONITOR_001,14.24,73.22,0,2.16,217.45,0.01,ok
2025-12-29T16:10:05.332Z,ESP32_ENERGY_MONITOR_001,13.40,76.23,4,1.92,221.15,0.01,ok
2025-12-29T16:15:05.332Z,ESP32_ENERGY_MONITOR_001,15.02,72.86,7,2.36,222.43,0.01,ok
2025-12-29T16:20:05.332Z,ESP32_ENERGY_MONITOR_001,14.34,72.15,4,2.30,224.25,0.01,ok
2025-12-29T16:25:05.332Z,ESP32_ENERGY_MONITOR_001,15.11,73.82,9,2.56,215.93,0.01,ok
2025-12-29T16:30:05.332Z,ESP32_ENERGY_MONITOR_001,14.34,74.84,0,1.89,222.29,0.01,ok
2025-12-29T16:35:05.332Z,ESP32_ENERGY_MONITOR_001,13.30,74.47,8,2.54,219.28,0.01,ok
2025-12-29T16:40:05.332Z,ESP32_ENERGY_MONITOR_001,13.35,76.76,2,2.20,221.96,0.01,ok
2025-12-29T16:45:05.332Z,ESP32_ENERGY_MONITOR_001,14.46,76.07,6,2.49,215.00,0.01,ok
2025-12-29T16:50:05.332Z,ESP32_ENERGY_MONITOR_001,14.96,76.88,3,2.27,221.71,0.01,ok
2025-12-29T16:55:05.332Z,ESP32_ENERGY_MONITOR_001,14.62,76.43,9,2.15,224.17,0.01,ok
2025-12-29T17:00:05.332Z,ESP32_ENERGY_MONITOR_001,14.53,75.80,1,1.91,224.43,0.01,ok
2025-12-29T17:05:05.332Z,ESP32_ENERGY_MONITOR_001,14.29,75.07,0,1.84,220.84,0.01,ok
2025-12-29T17:10:05.332Z,ESP32_ENERGY_MONITOR_001,14.94,77.12,4,2.24,222.26,0.01,ok
2025-12-29T17:15:05.332Z,ESP32_ENERGY_MONITOR_001,14.06,74.37,6,2.45,222.82,0.01,ok
2025-12-29T17:20:05.332Z,ESP32_ENERGY_MONITOR_001,13.18,73.67,9,2.29,215.00,0.01,ok
2025-12-29T17:25:05.332Z,ESP32_ENERGY_MONITOR_001,13.55,77.40,6,2.24,222.29,0.01,ok
2025-12-29T17:30:05.332Z,ESP32_ENERGY_MONITOR_001,13.99,73.77,7,2.46,217.49,0.01,ok
2025-12-29T17:35:05.332Z,ESP32_ENERGY_MONITOR_001,14.93,76.66,9,2.35,219.24,0.01,ok
2025-12-29T17:40:05.332Z,ESP32_ENERGY_MONITOR_001,13.29,76.77,0,2.14,219.13,0.01,ok
2025-12-29T17:45:05.332Z,ESP32_ENERGY_MONITOR_001,13.53,74.84,5,2.43,218.39,0.01,ok
2025-12-29T17:50:05.332Z,ESP32_ENERGY_MONITOR_001,13.94,76.45,0,2.21,223.39,0.01,ok
2025-12-29T17:55:05.332Z,ESP32_ENERGY_MONITOR_001,14.59,72.88,2,1.98,215.88,0.01,ok
2025-12-29T18:00:05.332Z,ESP32_ENERGY_MONITOR_001,13.65,72.61,6,2.44,215.66,0.01,ok
2025-12-29T18:05:05.332Z,ESP32_ENERGY_MONITOR_001,14.08,74.57,6,2.08,215.51,0.01,ok
2025-12-29T18:10:05.332Z,ESP32_ENERGY_MONITOR_001,13.99,72.20,7,2.19,215.26,0.01,ok
2025-12-29T18:15:05.332Z,ESP32_ENERGY_MONITOR_001,14.88,74.38,9,2.52,221.17,0.01,ok
2025-12-29T18:20:05.332Z,ESP32_ENERGY_MONITOR_001,15.20,75.58,4,1.95,223.67,0.01,ok
2025-12-29T18:25:05.332Z,ESP32_ENERGY_MONITOR_001,14.08,73.15,2,1.86,217.85,0.01,ok
2025-12-29T18:30:05.332Z,ESP32_ENERGY_MONITOR_001,14.71,73.50,4,2.03,217.74,0.01,ok
2025-12-29T18:35:05.332Z,ESP32_ENERGY_MONITOR_001,14.28,75.51,6,2.21,216.60,0.01,ok
2025-12-29T18:40:05.332Z,ESP32_ENERGY_MONITOR_001,14.38,75.22,6,2.41,217.27,0.01,ok
2025-12-29T18:45:05.332Z,ESP32_ENERGY_MONITOR_001,13.60,76.57,5,2.30,216.13,0.01,ok
2025-12-29T18:50:05.332Z,ESP32_ENERGY_MONITOR_001,13.90,74.26,2,1.90,223.72,0.01,ok
2025-12-29T18:55:05.332Z,ESP32_ENERGY_MONITOR_001,13.62,74.21,1,2.01,218.31,0.01,ok
2025-12-29T19:00:05.332Z,ESP32_ENERGY_MONITOR_001,14.61,73.05,7,2.25,224.50,0.01,ok
2025-12-29T19:05:05.332Z,ESP32_ENERGY_MONITOR_001,14.31,75.40,7,2.50,222.77,0.01,ok
2025-12-29T19:10:05.332Z,ESP32_ENERGY_MONITOR_001,14.10,73.58,1,1.90,215.09,0.01,ok
2025-12-29T19:15:05.332Z,ESP32_ENERGY_MONITOR_001,15.18,73.03,5,2.17,222.93,0.01,ok
2025-12-29T19:20:05.332Z,ESP32_ENERGY_MONITOR_001,14.99,70.53,5,1.96,223.68,0.01,ok
2025-12-29T19:25:05.332Z,ESP32_ENERGY_MONITOR_001,14.57,71.87,8,2.40,222.74,0.01,ok
2025-12-29T19:30:05.332Z,ESP32_ENERGY_MONITOR_001,15.16,72.44,1,2.04,220.00,0.01,ok
2025-12-29T19:35:05.332Z,ESP32_ENERGY_MONITOR_001,14.83,71.31,9,2.29,222.19,0.01,ok
2025-12-29T19:40:05.332Z,ESP32_ENERGY_MONITOR_001,14.55,70.93,9,2.33,222.78,0.01,ok
2025-12-29T19:45:05.332Z,ESP32_ENERGY_MONITOR_001,14.98,75.23,6,2.19,216.14,0.01,ok
2025-12-29T19:50:05.332Z,ESP32_ENERGY_MONITOR_001,13.98,74.61,0,1.93,216.25,0.01,ok
2025-12-29T19:55:05.332Z,ESP32_ENERGY_MONITOR_001,15.21,74.12,5,1.96,218.54,0.01,ok
2025-12-29T20:00:05.332Z,ESP32_ENERGY_MONITOR_001,15.07,70.93,9,2.31,224.89,0.01,ok
2025-12-29T20:05:05.332Z,ESP32_ENERGY_MONITOR_001,16.29,70.14,4,2.05,220.95,0.01,ok
2025-12-29T20:10:05.332Z,ESP32_ENERGY_MONITOR_001,16.73,68.45,4,2.04,220.34,0.01,ok
2025-12-29T20:15:05.332Z,ESP32_ENERGY_MONITOR_001,14.88,73.08,9,2.46,224.38,0.01,ok
2025-12-29T20:20:05.332Z,ESP32_ENERGY_MONITOR_001,16.71,69.27,3,1.88,219.32,0.01,ok
2025-12-29T20:25:05.332Z,ESP32_ENERGY_MONITOR_001,15.22,72.67,1,2.22,217.52,0.01,ok
2025-12-29T20:30:05.332Z,ESP32_ENERGY_MONITOR_001,16.73,72.90,3,2.30,218.40,0.01,ok
2025-12-29T20:35:05.332Z,ESP32_ENERGY_MONITOR_001,15.35,72.15,5,2.07,219.65,0.01,ok
2025-12-29T20:40:05.332Z,ESP32_ENERGY_MONITOR_001,16.03,69.91,6,2.39,224.10,0.01,ok
2025-12-29T20:45:05.332Z,ESP32_ENERGY_MONITOR_001,15.15,70.79,5,2.08,215.60,0.01,ok
2025-12-29T20:50:05.332Z,ESP32_ENERGY_MONITOR_001,15.14,69.71,7,2.49,218.84,0.01,ok
2025-12-29T20:55:05.332Z,ESP32_ENERGY_MONITOR_001,16.45,70.37,9,2.53,224.20,0.01,ok
2025-12-29T21:00:05.332Z,ESP32_ENERGY_MONITOR_001,17.00,66.92,1,2.16,217.08,0.01,ok
2025-12-29T21:05:05.332Z,ESP32_ENERGY_MONITOR_001,17.29,67.93,2,2.07,220.64,0.01,ok
2025-12-29T21:10:05.332Z,ESP32_ENERGY_MONITOR_001,17.15,66.90,8,2.44,219.73,0.01,ok
2025-12-29T21:15:05.332Z,ESP32_ENERGY_MONITOR_001,17.58,69.08,8,2.16,218.61,0.01,ok
2025-12-29T21:20:05.332Z,ESP32_ENERGY_MONITOR_001,17.45,67.48,2,2.30,216.98,0.01,ok
2025-12-29T21:25:05.332Z,ESP32_ENERGY_MONITOR_001,17.05,68.43,5,2.03,221.84,0.01,ok
2025-12-29T21:30:05.332Z,ESP32_ENERGY_MONITOR_001,16.38,68.04,3,2.36,216.71,0.01,ok
2025-12-29T21:35:05.332Z,ESP32_ENERGY_MONITOR_001,17.02,66.89,9,2.15,223.70,0.01,ok
2025-12-29T21:40:05.332Z,ESP32_ENERGY_MONITOR_001,16.89,66.60,3,1.98,224.16,0.01,ok
2025-12-29T21:45:05.332Z,ESP32_ENERGY_MONITOR_001,17.90,67.69,4,2.03,217.47,0.01,ok
2025-12-29T21:50:05.332Z,ESP32_ENERGY_MONITOR_001,17.55,68.49,7,2.46,223.28,0.01,ok
2025-12-29T21:55:05.332Z,ESP32_ENERGY_MONITOR_001,17.82,68.02,8,2.39,219.42,0.01,ok
2025-12-29T22:00:05.332Z,ESP32_ENERGY_MONITOR_001,18.96,65.72,0,1.84,222.30,0.01,ok
2025-12-29T22:05:05.332Z,ESP32_ENERGY_MONITOR_001,18.70,64.00,4,1.98,221.96,0.01,ok
2025-12-29T22:10:05.332Z,ESP32_ENERGY_MONITOR_001,17.88,62.14,5,2.27,219.36,0.01,ok
2025-12-29T22:15:05.332Z,ESP32_ENERGY_MONITOR_001,19.28,64.37,5,2.00,224.22,0.01,ok
2025-12-29T22:20:05.332Z,ESP32_ENERGY_MONITOR_001,17.46,63.16,0,1.88,222.64,0.01,ok
2025-12-29T22:25:05.332Z,ESP32_ENERGY_MONITOR_001,17.93,62.02,3,2.15,220.33,0.01,ok
2025-12-29T22:30:05.332Z,ESP32_ENERGY_MONITOR_001,19.38,66.27,2,2.24,219.86,0.01,ok
2025-12-29T22:35:05.332Z,ESP32_ENERGY_MONITOR_001,18.08,65.80,3,2.16,216.04,0.01,ok
2025-12-29T22:40:05.332Z,ESP32_ENERGY_MONITOR_001,18.17,64.59,0,1.82,223.92,0.01,ok
2025-12-29T22:45:05.332Z,ESP32_ENERGY_MONITOR_001,19.17,63.21,5,2.28,218.93,0.01,ok
2025-12-29T22:50:05.332Z,ESP32_ENERGY_MONITOR_001,18.94,61.80,2,2.24,223.17,0.01,ok
2025-12-29T22:55:05.332Z,ESP32_ENERGY_MONITOR_001,19.30,65.82,1,1.88,220.03,0.01,ok
2025-12-29T23:00:05.332Z,ESP32_ENERGY_MONITOR_001,20.79,57.70,4,2.03,222.91,0.01,ok
2025-12-29T23:05:05.332Z,ESP32_ENERGY_MONITOR_001,20.46,61.60,5,2.34,220.88,0.01,ok
2025-12-29T23:10:05.332Z,ESP32_ENERGY_MONITOR_001,20.26,62.05,2,2.21,217.15,0.01,ok
2025-12-29T23:15:05.332Z,ESP32_ENERGY_MONITOR_001,21.00,60.79,0,1.76,222.90,0.01,ok
2025-12-29T23:20:05.332Z,ESP32_ENERGY_MONITOR_001,19.50,60.30,0,2.17,221.67,0.01,ok
2025-12-29T23:25:05.332Z,ESP32_ENERGY_MONITOR_001,19.79,60.10,2,2.26,223.67,0.01,ok
2025-12-29T23:30:05.332Z,ESP32_ENERGY_MONITOR_001,20.19,62.27,1,1.83,222.20,0.01,ok
2025-12-29T23:35:05.332Z,ESP32_ENERGY_MONITOR_001,19.20,61.33,4,2.07,223.98,0.01,ok
2025-12-29T23:40:05.332Z,ESP32_ENERGY_MONITOR_001,20.31,59.49,5,1.96,219.74,0.01,ok
2025-12-29T23:45:05.332Z,ESP32_ENERGY_MONITOR_001,19.66,60.66,5,2.04,223.61,0.01,ok
2025-12-29T23:50:05.332Z,ESP32_ENERGY_MONITOR_001,19.30,61.09,5,2.44,221.28,0.01,ok
2025-12-29T23:55:05.332Z,ESP32_ENERGY_MONITOR_001,20.06,58.33,7,2.42,223.82,0.01,ok
2025-12-30T00:00:05.332Z,ESP32_ENERGY_MONITOR_001,20.84,55.80,7,2.14,216.52,0.01,ok
2025-12-30T00:05:05.332Z,ESP32_ENERGY_MONITOR_001,21.66,54.05,0,2.06,217.95,0.01,ok
2025-12-30T00:10:05.332Z,ESP32_ENERGY_MONITOR_001,22.40,58.18,6,2.03,215.62,0.01,ok
2025-12-30T00:15:05.332Z,ESP32_ENERGY_MONITOR_001,21.61,55.91,5,1.95,215.15,0.01,ok
2025-12-30T00:20:05.332Z,ESP32_ENERGY_MONITOR_001,22.38,57.89,5,2.18,220.95,0.01,ok
2025-12-30T00:25:05.332Z,ESP32_ENERGY_MONITOR_001,22.20,57.17,1,2.20,223.95,0.01,ok
2025-12-30T00:30:05.332Z,ESP32_ENERGY_MONITOR_001,22.12,57.77,0,1.80,216.72,0.01,ok
2025-12-30T00:35:05.332Z,ESP32_ENERGY_MONITOR_001,21.66,56.17,7,2.47,215.32,0.01,ok
2025-12-30T00:40:05.332Z,ESP32_ENERGY_MONITOR_001,21.02,53.96,5,2.11,217.90,0.01,ok
2025-12-30T00:45:05.332Z,ESP32_ENERGY_MONITOR_001,20.62,56.15,9,2.50,224.28,0.01,ok
2025-12-30T00:50:05.332Z,ESP32_ENERGY_MONITOR_001,21.24,57.21,6,2.45,219.11,0.01,ok
2025-12-30T00:55:05.332Z,ESP32_ENERGY_MONITOR_001,22.45,55.60,9,2.16,222.83,0.01,ok
2025-12-30T01:00:05.332Z,ESP32_ENERGY_MONITOR_001,22.62,53.02,15,2.40,215.51,0.01,ok
2025-12-30T01:05:05.332Z,ESP32_ENERGY_MONITOR_001,23.44,52.38,18,2.57,221.43,0.01,ok
2025-12-30T01:10:05.332Z,ESP32_ENERGY_MONITOR_001,23.00,50.16,21,3.07,224.59,0.01,ok
2025-12-30T01:15:05.332Z,ESP32_ENERGY_MONITOR_001,22.09,50.22,17,2.86,224.46,0.01,ok
2025-12-30T01:20:05.332Z,ESP32_ENERGY_MONITOR_001,22.99,52.78,22,2.70,223.31,0.01,ok
2025-12-30T01:25:05.332Z,ESP32_ENERGY_MONITOR_001,22.02,53.08,24,3.10,217.15,0.01,ok
2025-12-30T01:30:05.332Z,ESP32_ENERGY_MONITOR_001,22.94,52.20,18,2.73,220.09,0.01,ok
2025-12-30T01:35:05.332Z,ESP32_ENERGY_MONITOR_001,22.69,54.94,21,2.62,215.89,0.01,ok
2025-12-30T01:40:05.332Z,ESP32_ENERGY_MONITOR_001,23.55,51.94,16,2.85,221.29,0.01,ok
2025-12-30T01:45:05.332Z,ESP32_ENERGY_MONITOR_001,22.80,50.36,24,2.81,217.04,0.01,ok
2025-12-30T01:50:05.332Z,ESP32_ENERGY_MONITOR_001,23.73,50.70,22,3.07,222.27,0.01,ok
2025-12-30T01:55:05.332Z,ESP32_ENERGY_MONITOR_001,22.77,51.84,19,2.82,219.66,0.01,ok
2025-12-30T02:00:05.332Z,ESP32_ENERGY_MONITOR_001,24.35,47.71,23,2.78,215.55,0.01,ok
2025-12-30T02:05:05.332Z,ESP32_ENERGY_MONITOR_001,24.90,50.05,22,3.03,219.79,0.01,ok
2025-12-30T02:10:05.332Z,ESP32_ENERGY_MONITOR_001,23.61,49.71,22,3.10,222.01,0.01,ok
2025-12-30T02:15:05.332Z,ESP32_ENERGY_MONITOR_001,24.55,48.27,24,3.18,223.84,0.01,ok
2025-12-30T02:20:05.332Z,ESP32_ENERGY_MONITOR_001,25.20,49.09,23,3.07,221.97,0.01,ok
2025-12-30T02:25:05.332Z,ESP32_ENERGY_MONITOR_001,23.71,49.96,29,3.32,218.39,0.02,ok
2025-12-30T02:30:05.332Z,ESP32_ENERGY_MONITOR_001,25.23,51.80,23,3.46,217.83,0.02,ok
2025-12-30T02:35:05.332Z,ESP32_ENERGY_MONITOR_001,25.09,51.24,25,3.28,224.50,0.01,ok
2025-12-30T02:40:05.332Z,ESP32_ENERGY_MONITOR_001,23.54,50.13,23,3.00,222.73,0.01,ok
2025-12-30T02:45:05.332Z,ESP32_ENERGY_MONITOR_001,24.21,47.48,23,2.74,215.50,0.01,ok
2025-12-30T02:50:05.332Z,ESP32_ENERGY_MONITOR_001,24.79,49.07,21,2.99,220.83,0.01,ok
2025-12-30T02:55:05.332Z,ESP32_ENERGY_MONITOR_001,23.77,47.76,23,2.75,218.26,0.01,ok
2025-12-30T03:00:05.332Z,ESP32_ENERGY_MONITOR_001,24.71,44.95,28,3.16,223.47,0.01,ok
2025-12-30T03:05:05.332Z,ESP32_ENERGY_MONITOR_001,25.93,48.24,27,3.87,218.98,0.02,ok
2025-12-30T03:10:05.332Z,ESP32_ENERGY_MONITOR_001,25.83,46.56,25,3.33,222.73,0.02,ok
2025-12-30T03:15:05.332Z,ESP32_ENERGY_MONITOR_001,24.36,48.56,33,3.58,221.47,0.02,ok
2025-12-30T03:20:05.332Z,ESP32_ENERGY_MONITOR_001,24.20,46.54,30,3.33,221.09,0.02,ok
2025-12-30T03:25:05.332Z,ESP32_ENERGY_MONITOR_001,24.60,46.39,33,3.33,222.42,0.02,ok
2025-12-30T03:30:05.332Z,ESP32_ENERGY_MONITOR_001,24.92,48.98,29,3.48,216.66,0.02,ok
2025-12-30T03:35:05.332Z,ESP32_ENERGY_MONITOR_001,26.19,45.52,33,4.09,223.31,0.02,ok
2025-12-30T03:40:05.332Z,ESP32_ENERGY_MONITOR_001,24.79,46.62,28,3.61,223.25,0.02,ok
2025-12-30T03:45:05.332Z,ESP32_ENERGY_MONITOR_001,24.40,46.26,27,3.06,215.57,0.01,ok
2025-12-30T03:50:05.332Z,ESP32_ENERGY_MONITOR_001,25.34,45.98,29,3.33,220.53,0.02,ok
2025-12-30T03:55:05.332Z,ESP32_ENERGY_MONITOR_001,25.09,46.54,26,3.48,220.03,0.02,ok
2025-12-30T04:00:05.332Z,ESP32_ENERGY_MONITOR_001,25.72,43.13,31,3.86,224.96,0.02,ok
2025-12-30T04:05:05.332Z,ESP32_ENERGY_MONITOR_001,26.02,44.34,29,4.01,215.89,0.02,ok
2025-12-30T04:10:05.332Z,ESP32_ENERGY_MONITOR_001,25.93,47.37,29,3.65,223.75,0.02,ok
2025-12-30T04:15:05.332Z,ESP32_ENERGY_MONITOR_001,25.93,43.47,32,3.68,224.68,0.02,ok
2025-12-30T04:20:05.332Z,ESP32_ENERGY_MONITOR_001,25.13,45.86,29,3.45,220.84,0.02,ok
2025-12-30T04:25:05.332Z,ESP32_ENERGY_MONITOR_001,25.38,46.91,35,3.60,219.48,0.02,ok
2025-12-30T04:30:05.332Z,ESP32_ENERGY_MONITOR_001,26.27,46.24,28,3.85,217.12,0.02,ok
2025-12-30T04:35:05.332Z,ESP32_ENERGY_MONITOR_001,25.67,43.80,34,3.82,217.83,0.02,ok
2025-12-30T04:40:05.332Z,ESP32_ENERGY_MONITOR_001,25.71,47.07,29,3.59,221.79,0.02,ok
2025-12-30T04:45:05.332Z,ESP32_ENERGY_MONITOR_001,26.24,44.18,34,3.97,220.63,0.02,ok
2025-12-30T04:50:05.332Z,ESP32_ENERGY_MONITOR_001,25.24,46.61,31,3.42,216.57,0.02,ok
2025-12-30T04:55:05.332Z,ESP32_ENERGY_MONITOR_001,25.62,44.13,33,3.83,220.60,0.02,ok
2025-12-30T05:00:05.332Z,ESP32_ENERGY_MONITOR_001,25.10,42.60,38,4.06,216.57,0.02,ok
2025-12-30T05:05:05.332Z,ESP32_ENERGY_MONITOR_001,25.68,45.27,35,3.93,216.32,0.02,ok
2025-12-30T05:10:05.332Z,ESP32_ENERGY_MONITOR_001,26.59,47.43,34,4.33,222.70,0.02,ok
2025-12-30T05:15:05.332Z,ESP32_ENERGY_MONITOR_001,25.93,44.97,36,4.22,224.51,0.02,ok
2025-12-30T05:20:05.332Z,ESP32_ENERGY_MONITOR_001,25.82,42.64,36,4.17,215.48,0.02,ok
2025-12-30T05:25:05.332Z,ESP32_ENERGY_MONITOR_001,26.08,43.20,33,4.02,218.25,0.02,ok
2025-12-30T05:30:05.332Z,ESP32_ENERGY_MONITOR_001,25.40,43.12,31,3.54,224.28,0.02,ok
2025-12-30T05:35:05.332Z,ESP32_ENERGY_MONITOR_001,25.44,47.29,36,3.90,220.91,0.02,ok
2025-12-30T05:40:05.332Z,ESP32_ENERGY_MONITOR_001,25.59,47.09,31,3.53,224.05,0.02,ok
2025-12-30T05:45:05.332Z,ESP32_ENERGY_MONITOR_001,26.31,45.88,29,3.65,219.67,0.02,ok
2025-12-30T05:50:05.332Z,ESP32_ENERGY_MONITOR_001,25.62,44.21,33,3.91,221.40,0.02,ok
2025-12-30T05:55:05.332Z,ESP32_ENERGY_MONITOR_001,26.96,42.66,38,4.49,219.51,0.02,ok
2025-12-30T06:00:05.332Z,ESP32_ENERGY_MONITOR_001,25.70,45.75,33,4.04,221.64,0.02,ok
2025-12-30T06:05:05.332Z,ESP32_ENERGY_MONITOR_001,24.86,47.76,31,3.54,224.85,0.02,ok
2025-12-30T06:10:05.332Z,ESP32_ENERGY_MONITOR_001,25.13,44.86,35,3.84,222.73,0.02,ok
2025-12-30T06:15:05.332Z,ESP32_ENERGY_MONITOR_001,25.53,44.87,33,3.83,215.91,0.02,ok
2025-12-30T06:20:05.332Z,ESP32_ENERGY_MONITOR_001,26.62,46.16,31,4.07,216.03,0.02,ok
2025-12-30T06:25:05.332Z,ESP32_ENERGY_MONITOR_001,26.14,47.24,35,4.15,218.13,0.02,ok
2025-12-30T06:30:05.332Z,ESP32_ENERGY_MONITOR_001,25.87,44.02,36,3.88,215.06,0.02,ok
2025-12-30T06:35:05.332Z,ESP32_ENERGY_MONITOR_001,25.35,44.95,38,3.71,217.91,0.02,ok
2025-12-30T06:40:05.332Z,ESP32_ENERGY_MONITOR_001,26.79,43.79,33,4.06,218.23,0.02,ok
2025-12-30T06:45:05.332Z,ESP32_ENERGY_MONITOR_001,25.35,44.02,35,3.76,218.24,0.02,ok
2025-12-30T06:50:05.332Z,ESP32_ENERGY_MONITOR_001,26.07,46.24,34,4.22,215.79,0.02,ok
2025-12-30T06:55:05.332Z,ESP32_ENERGY_MONITOR_001,25.07,43.01,35,3.61,221.05,0.02,ok
2025-12-30T07:00:05.332Z,ESP32_ENERGY_MONITOR_001,25.87,45.59,31,3.74,221.99,0.02,ok
2025-12-30T07:05:05.332Z,ESP32_ENERGY_MONITOR_001,24.30,44.97,30,3.40,223.57,0.02,ok
2025-12-30T07:10:05.332Z,ESP32_ENERGY_MONITOR_001,24.46,44.93,30,3.52,221.87,0.02,ok
2025-12-30T07:15:05.332Z,ESP32_ENERGY_MONITOR_001,24.69,45.96,33,3.55,217.39,0.02,ok
2025-12-30T07:20:05.332Z,ESP32_ENERGY_MONITOR_001,25.04,49.20,27,3.25,218.93,0.01,ok
2025-12-30T07:25:05.332Z,ESP32_ENERGY_MONITOR_001,24.62,44.76,28,3.52,217.53,0.02,ok
2025-12-30T07:30:05.332Z,ESP32_ENERGY_MONITOR_001,24.44,44.62,36,3.59,217.67,0.02,ok
2025-12-30T07:35:05.332Z,ESP32_ENERGY_MONITOR_001,26.05,44.57,27,3.58,219.63,0.02,ok
2025-12-30T07:40:05.332Z,ESP32_ENERGY_MONITOR_001,24.31,44.76,33,3.18,216.56,0.01,ok
2025-12-30T07:45:05.332Z,ESP32_ENERGY_MONITOR_001,24.47,46.11,29,3.53,218.70,0.02,ok
2025-12-30T07:50:05.332Z,ESP32_ENERGY_MONITOR_001,24.98,49.39,28,3.57,222.67,0.02,ok
2025-12-30T07:55:05.332Z,ESP32_ENERGY_MONITOR_001,26.17,45.64,35,3.84,221.01,0.02,ok
2025-12-30T08:00:05.332Z,ESP32_ENERGY_MONITOR_001,23.78,47.91,30,3.31,216.66,0.02,ok
2025-12-30T08:05:05.332Z,ESP32_ENERGY_MONITOR_001,24.27,47.33,25,3.02,218.49,0.01,ok
2025-12-30T08:10:05.332Z,ESP32_ENERGY_MONITOR_001,23.27,50.33,33,3.19,224.70,0.01,ok
2025-12-30T08:15:05.332Z,ESP32_ENERGY_MONITOR_001,24.04,49.62,26,3.30,216.17,0.01,ok
2025-12-30T08:20:05.332Z,ESP32_ENERGY_MONITOR_001,24.14,50.81,27,3.00,217.90,0.01,ok
2025-12-30T08:25:05.332Z,ESP32_ENERGY_MONITOR_001,24.13,49.85,28,3.19,215.32,0.01,ok
2025-12-30T08:30:05.332Z,ESP32_ENERGY_MONITOR_001,25.09,47.59,29,3.46,223.96,0.02,ok
2025-12-30T08:35:05.332Z,ESP32_ENERGY_MONITOR_001,24.30,49.19,28,2.96,224.66,0.01,ok
2025-12-30T08:40:05.332Z,ESP32_ENERGY_MONITOR_001,24.92,50.83,33,3.37,220.87,0.02,ok
2025-12-30T08:45:05.332Z,ESP32_ENERGY_MONITOR_001,24.37,50.61,33,3.37,218.59,0.02,ok
2025-12-30T08:50:05.332Z,ESP32_ENERGY_MONITOR_001,23.52,50.26,24,2.73,215.52,0.01,ok
2025-12-30T08:55:05.332Z,ESP32_ENERGY_MONITOR_001,24.54,51.16,31,3.25,222.72,0.01,ok
2025-12-30T09:00:05.332Z,ESP32_ENERGY_MONITOR_001,23.62,52.62,26,2.98,223.87,0.01,ok
2025-12-30T09:05:05.332Z,ESP32_ENERGY_MONITOR_001,22.59,54.03,26,2.83,215.70,0.01,ok
2025-12-30T09:10:05.332Z,ESP32_ENERGY_MONITOR_001,22.86,53.46,25,2.99,222.55,0.01,ok
2025-12-30T09:15:05.332Z,ESP32_ENERGY_MONITOR_001,22.71,54.38,24,3.21,222.31,0.01,ok
2025-12-30T09:20:05.332Z,ESP32_ENERGY_MONITOR_001,22.48,50.42,27,2.86,221.77,0.01,ok
2025-12-30T09:25:05.332Z,ESP32_ENERGY_MONITOR_001,22.74,54.01,29,3.30,216.48,0.01,ok
2025-12-30T09:30:05.332Z,ESP32_ENERGY_MONITOR_001,22.54,50.66,29,3.04,220.29,0.01,ok
2025-12-30T09:35:05.332Z,ESP32_ENERGY_MONITOR_001,22.46,54.41,28,2.96,224.71,0.01,ok
2025-12-30T09:40:05.332Z,ESP32_ENERGY_MONITOR_001,23.15,53.72,28,3.17,222.00,0.01,ok
2025-12-30T09:45:05.332Z,ESP32_ENERGY_MONITOR_001,22.96,53.18,20,2.75,215.83,0.01,ok
2025-12-30T09:50:05.332Z,ESP32_ENERGY_MONITOR_001,23.88,53.12,28,3.18,224.14,0.01,ok
2025-12-30T09:55:05.332Z,ESP32_ENERGY_MONITOR_001,23.06,53.95,28,3.11,218.79,0.01,ok
2025-12-30T10:00:05.332Z,ESP32_ENERGY_MONITOR_001,22.39,55.27,16,2.52,222.44,0.01,ok
2025-12-30T10:05:05.332Z,ESP32_ENERGY_MONITOR_001,20.80,57.39,19,2.80,218.59,0.01,ok
2025-12-30T10:10:05.332Z,ESP32_ENERGY_MONITOR_001,21.72,57.41,19,2.88,219.77,0.01,ok
2025-12-30T10:15:05.332Z,ESP32_ENERGY_MONITOR_001,21.73,54.76,22,3.13,216.55,0.01,ok
2025-12-30T10:20:05.332Z,ESP32_ENERGY_MONITOR_001,21.20,54.13,17,2.49,215.25,0.01,ok
2025-12-30T10:25:05.332Z,ESP32_ENERGY_MONITOR_001,20.98,57.51,19,2.79,219.69,0.01,ok
2025-12-30T10:30:05.332Z,ESP32_ENERGY_MONITOR_001,22.25,53.94,24,3.14,220.00,0.01,ok
2025-12-30T10:35:05.332Z,ESP32_ENERGY_MONITOR_001,21.24,56.99,15,2.63,216.65,0.01,ok
2025-12-30T10:40:05.332Z,ESP32_ENERGY_MONITOR_001,21.56,56.42,23,2.85,215.15,0.01,ok
2025-12-30T10:45:05.332Z,ESP32_ENERGY_MONITOR_001,22.07,57.13,16,2.42,223.59,0.01,ok
2025-12-30T10:50:05.332Z,ESP32_ENERGY_MONITOR_001,21.85,54.95,17,2.56,221.55,0.01,ok
2025-12-30T10:55:05.332Z,ESP32_ENERGY_MONITOR_001,22.00,53.83,15,2.66,221.33,0.01,ok
2025-12-30T11:00:05.332Z,ESP32_ENERGY_MONITOR_001,19.02,57.62,3,1.89,215.49,0.01,ok
2025-12-30T11:05:05.332Z,ESP32_ENERGY_MONITOR_001,19.34,58.48,0,2.23,218.87,0.01,ok
2025-12-30T11:10:05.332Z,ESP32_ENERGY_MONITOR_001,20.38,59.34,1,2.14,216.09,0.01,ok
2025-12-30T11:15:05.332Z,ESP32_ENERGY_MONITOR_001,20.20,60.86,9,2.37,220.81,0.01,ok
2025-12-30T11:20:05.332Z,ESP32_ENERGY_MONITOR_001,19.65,62.01,5,2.26,221.95,0.01,ok
2025-12-30T11:25:05.332Z,ESP32_ENERGY_MONITOR_001,19.07,62.02,2,1.87,217.92,0.01,ok
2025-12-30T11:30:05.332Z,ESP32_ENERGY_MONITOR_001,20.43,59.31,4,2.08,224.21,0.01,ok
2025-12-30T11:35:05.332Z,ESP32_ENERGY_MONITOR_001,20.91,59.33,5,2.44,217.04,0.01,ok
2025-12-30T11:40:05.332Z,ESP32_ENERGY_MONITOR_001,19.89,59.48,4,1.94,224.61,0.01,ok
2025-12-30T11:45:05.332Z,ESP32_ENERGY_MONITOR_001,19.01,59.51,0,1.89,216.55,0.01,ok
2025-12-30T11:50:05.332Z,ESP32_ENERGY_MONITOR_001,20.09,59.60,6,2.15,223.92,0.01,ok
2025-12-30T11:55:05.332Z,ESP32_ENERGY_MONITOR_001,19.26,58.17,4,2.13,216.18,0.01,ok
2025-12-30T12:00:05.332Z,ESP32_ENERGY_MONITOR_001,18.84,63.32,0,1.89,223.26,0.01,ok
2025-12-30T12:05:05.332Z,ESP32_ENERGY_MONITOR_001,18.97,63.78,7,2.35,223.31,0.01,ok
2025-12-30T12:10:05.332Z,ESP32_ENERGY_MONITOR_001,17.99,64.07,7,2.36,216.56,0.01,ok
2025-12-30T12:15:05.332Z,ESP32_ENERGY_MONITOR_001,19.01,66.37,1,2.17,223.95,0.01,ok
2025-12-30T12:20:05.332Z,ESP32_ENERGY_MONITOR_001,18.47,64.93,6,2.10,215.03,0.01,ok
2025-12-30T12:25:05.332Z,ESP32_ENERGY_MONITOR_001,17.90,63.63,3,2.36,223.09,0.01,ok
2025-12-30T12:30:05.332Z,ESP32_ENERGY_MONITOR_001,18.08,61.62,1,2.05,217.66,0.01,ok
2025-12-30T12:35:05.332Z,ESP32_ENERGY_MONITOR_001,19.14,62.42,5,2.14,219.10,0.01,ok
2025-12-30T12:40:05.332Z,ESP32_ENERGY_MONITOR_001,18.30,66.22,5,2.08,218.50,0.01,ok
2025-12-30T12:45:05.332Z,ESP32_ENERGY_MONITOR_001,18.80,61.48,0,2.09,220.08,0.01,ok
2025-12-30T12:50:05.332Z,ESP32_ENERGY_MONITOR_001,19.28,62.91,0,1.94,219.68,0.01,ok
2025-12-30T12:55:05.332Z,ESP32_ENERGY_MONITOR_001,18.51,62.74,2,2.12,222.68,0.01,ok
2025-12-30T13:00:05.332Z,ESP32_ENERGY_MONITOR_001,17.01,68.84,9,2.43,216.06,0.01,ok
2025-12-30T13:05:05.332Z,ESP32_ENERGY_MONITOR_001,16.94,66.70,7,2.36,224.14,0.01,ok
2025-12-30T13:10:05.332Z,ESP32_ENERGY_MONITOR_001,17.98,68.14,5,2.03,223.49,0.01,ok
2025-12-30T13:15:05.332Z,ESP32_ENERGY_MONITOR_001,16.17,67.38,8,2.13,219.60,0.01,ok
2025-12-30T13:20:05.332Z,ESP32_ENERGY_MONITOR_001,17.05,65.67,5,2.19,218.85,0.01,ok
2025-12-30T13:25:05.332Z,ESP32_ENERGY_MONITOR_001,17.08,68.80,7,2.06,220.09,0.01,ok
2025-12-30T13:30:05.332Z,ESP32_ENERGY_MONITOR_001,17.32,66.52,2,2.32,219.69,0.01,ok
2025-12-30T13:35:05.332Z,ESP32_ENERGY_MONITOR_001,16.81,69.99,1,2.11,224.91,0.01,ok
2025-12-30T13:40:05.332Z,ESP32_ENERGY_MONITOR_001,17.92,67.17,6,2.35,220.87,0.01,ok
2025-12-30T13:45:05.332Z,ESP32_ENERGY_MONITOR_001,17.15,68.72,7,2.21,218.44,0.01,ok
2025-12-30T13:50:05.332Z,ESP32_ENERGY_MONITOR_001,17.92,68.50,9,2.32,216.63,0.01,ok
2025-12-30T13:55:05.332Z,ESP32_ENERGY_MONITOR_001,16.17,69.91,1,1.99,223.70,0.01,ok
2025-12-30T14:00:05.332Z,ESP32_ENERGY_MONITOR_001,16.01,68.42,6,2.14,218.01,0.01,ok
2025-12-30T14:05:05.332Z,ESP32_ENERGY_MONITOR_001,15.40,69.31,4,1.96,221.55,0.01,ok
2025-12-30T14:10:05.332Z,ESP32_ENERGY_MONITOR_001,16.35,70.37,0,2.17,217.04,0.01,ok
2025-12-30T14:15:05.332Z,ESP32_ENERGY_MONITOR_001,15.05,68.64,6,2.19,218.36,0.01,ok
2025-12-30T14:20:05.332Z,ESP32_ENERGY_MONITOR_001,15.10,72.78,6,2.00,220.14,0.01,ok
2025-12-30T14:25:05.332Z,ESP32_ENERGY_MONITOR_001,16.16,69.46,8,2.23,217.35,0.01,ok
2025-12-30T14:30:05.332Z,ESP32_ENERGY_MONITOR_001,15.93,69.58,3,2.01,224.36,0.01,ok
2025-12-30T14:35:05.332Z,ESP32_ENERGY_MONITOR_001,15.00,69.59,8,2.49,220.92,0.01,ok
2025-12-30T14:40:05.332Z,ESP32_ENERGY_MONITOR_001,16.35,71.99,0,2.08,221.93,0.01,ok
2025-12-30T14:45:05.332Z,ESP32_ENERGY_MONITOR_001,14.91,69.16,5,2.44,216.73,0.01,ok
2025-12-30T14:50:05.332Z,ESP32_ENERGY_MONITOR_001,16.20,71.74,5,2.11,223.78,0.01,ok
2025-12-30T14:55:05.332Z,ESP32_ENERGY_MONITOR_001,16.24,72.39,1,1.88,216.14,0.01,ok
2025-12-30T15:00:05.332Z,ESP32_ENERGY_MONITOR_001,14.72,73.20,7,2.35,217.73,0.01,ok
2025-12-30T15:05:05.332Z,ESP32_ENERGY_MONITOR_001,14.70,73.13,7,2.53,221.50,0.01,ok
2025-12-30T15:10:05.332Z,ESP32_ENERGY_MONITOR_001,15.47,74.80,4,2.05,221.00,0.01,ok
2025-12-30T15:15:05.332Z,ESP32_ENERGY_MONITOR_001,15.36,75.41,3,1.96,218.57,0.01,ok
2025-12-30T15:20:05.332Z,ESP32_ENERGY_MONITOR_001,14.32,70.98,6,2.01,220.40,0.01,ok
2025-12-30T15:25:05.332Z,ESP32_ENERGY_MONITOR_001,15.31,73.28,1,2.17,224.56,0.01,ok
2025-12-30T15:30:05.332Z,ESP32_ENERGY_MONITOR_001,15.67,71.09,4,1.95,222.94,0.01,ok
2025-12-30T15:35:05.332Z,ESP32_ENERGY_MONITOR_001,15.67,71.07,1,1.94,224.65,0.01,ok
2025-12-30T15:40:05.332Z,ESP32_ENERGY_MONITOR_001,15.47,74.01,5,2.32,223.94,0.01,ok
2025-12-30T15:45:05.332Z,ESP32_ENERGY_MONITOR_001,15.42,73.68,1,2.02,224.97,0.01,ok
2025-12-30T15:50:05.332Z,ESP32_ENERGY_MONITOR_001,13.81,74.21,1,2.03,221.61,0.01,ok
2025-12-30T15:55:05.332Z,ESP32_ENERGY_MONITOR_001,14.51,73.00,0,1.80,220.62,0.01,ok
2025-12-30T16:00:05.332Z,ESP32_ENERGY_MONITOR_001,14.90,75.01,9,2.19,219.98,0.01,ok
2025-12-30T16:05:05.332Z,ESP32_ENERGY_MONITOR_001,15.06,72.84,7,2.31,219.09,0.01,ok
2025-12-30T16:10:05.332Z,ESP32_ENERGY_MONITOR_001,14.30,72.60,9,2.55,218.72,0.01,ok
2025-12-30T16:15:05.332Z,ESP32_ENERGY_MONITOR_001,13.34,74.31,8,2.47,218.24,0.01,ok
2025-12-30T16:20:05.332Z,ESP32_ENERGY_MONITOR_001,13.55,73.15,3,2.19,217.80,0.01,ok
2025-12-30T16:25:05.332Z,ESP32_ENERGY_MONITOR_001,15.13,75.89,2,2.27,215.16,0.01,ok
2025-12-30T16:30:05.332Z,ESP32_ENERGY_MONITOR_001,13.46,74.41,3,2.34,216.24,0.01,ok
2025-12-30T16:35:05.332Z,ESP32_ENERGY_MONITOR_001,14.93,76.84,5,2.24,215.41,0.01,ok
2025-12-30T16:40:05.332Z,ESP32_ENERGY_MONITOR_001,14.75,75.38,0,2.02,218.37,0.01,ok
2025-12-30T16:45:05.332Z,ESP32_ENERGY_MONITOR_001,13.43,75.04,2,2.11,215.44,0.01,ok
2025-12-30T16:50:05.332Z,ESP32_ENERGY_MONITOR_001,13.72,73.83,0,2.24,217.47,0.01,ok
2025-12-30T16:55:05.332Z,ESP32_ENERGY_MONITOR_001,14.99,75.61,7,2.51,217.98,0.01,ok
2025-12-30T17:00:05.332Z,ESP32_ENERGY_MONITOR_001,14.08,77.12,0,2.24,219.59,0.01,ok
2025-12-30T17:05:05.332Z,ESP32_ENERGY_MONITOR_001,14.21,76.84,4,2.00,217.15,0.01,ok
2025-12-30T17:10:05.332Z,ESP32_ENERGY_MONITOR_001,13.74,74.77,7,2.09,217.46,0.01,ok
2025-12-30T17:15:05.332Z,ESP32_ENERGY_MONITOR_001,13.30,75.07,4,1.97,221.79,0.01,ok
2025-12-30T17:20:05.332Z,ESP32_ENERGY_MONITOR_001,13.49,76.98,2,2.01,216.49,0.01,ok
2025-12-30T17:25:05.332Z,ESP32_ENERGY_MONITOR_001,14.04,76.50,8,2.28,223.66,0.01,ok
2025-12-30T17:30:05.332Z,ESP32_ENERGY_MONITOR_001,13.44,73.65,0,2.06,218.39,0.01,ok
2025-12-30T17:35:05.332Z,ESP32_ENERGY_MONITOR_001,13.45,74.95,1,2.26,219.16,0.01,ok
2025-12-30T17:40:05.332Z,ESP32_ENERGY_MONITOR_001,14.15,75.11,1,1.92,219.42,0.01,ok
2025-12-30T17:45:05.332Z,ESP32_ENERGY_MONITOR_001,14.40,73.87,2,1.89,224.74,0.01,ok
2025-12-30T17:50:05.332Z,ESP32_ENERGY_MONITOR_001,13.44,76.76,5,2.43,218.40,0.01,ok
2025-12-30T17:55:05.332Z,ESP32_ENERGY_MONITOR_001,14.48,75.80,5,2.01,220.67,0.01,ok
2025-12-30T18:00:05.332Z,ESP32_ENERGY_MONITOR_001,14.92,72.93,7,2.27,221.17,0.01,ok
2025-12-30T18:05:05.332Z,ESP32_ENERGY_MONITOR_001,14.18,74.39,7,2.45,217.45,0.01,ok
2025-12-30T18:10:05.332Z,ESP32_ENERGY_MONITOR_001,13.56,74.08,8,2.33,215.05,0.01,ok
2025-12-30T18:15:05.332Z,ESP32_ENERGY_MONITOR_001,14.19,72.52,7,2.11,220.51,0.01,ok
2025-12-30T18:20:05.332Z,ESP32_ENERGY_MONITOR_001,14.44,73.71,2,2.17,218.84,0.01,ok
2025-12-30T18:25:05.332Z,ESP32_ENERGY_MONITOR_001,14.17,75.81,6,2.01,222.41,0.01,ok
2025-12-30T18:30:05.332Z,ESP32_ENERGY_MONITOR_001,14.20,76.45,8,2.38,222.87,0.01,ok
2025-12-30T18:35:05.332Z,ESP32_ENERGY_MONITOR_001,13.40,72.51,1,2.08,221.71,0.01,ok
2025-12-30T18:40:05.332Z,ESP32_ENERGY_MONITOR_001,14.47,76.13,0,2.11,220.89,0.01,ok
2025-12-30T18:45:05.332Z,ESP32_ENERGY_MONITOR_001,13.50,76.18,4,2.19,218.14,0.01,ok
2025-12-30T18:50:05.332Z,ESP32_ENERGY_MONITOR_001,14.13,74.32,3,1.94,222.20,0.01,ok
2025-12-30T18:55:05.332Z,ESP32_ENERGY_MONITOR_001,14.22,72.17,1,2.18,221.71,0.01,ok
2025-12-30T19:00:05.332Z,ESP32_ENERGY_MONITOR_001,14.74,71.45,7,2.29,223.52,0.01,ok
2025-12-30T19:05:05.332Z,ESP32_ENERGY_MONITOR_001,14.66,71.40,2,2.17,219.80,0.01,ok
2025-12-30T19:10:05.332Z,ESP32_ENERGY_MONITOR_001,13.86,72.83,2,1.95,219.43,0.01,ok
2025-12-30T19:15:05.332Z,ESP32_ENERGY_MONITOR_001,15.71,74.97,5,2.13,219.02,0.01,ok
2025-12-30T19:20:05.332Z,ESP32_ENERGY_MONITOR_001,13.91,71.54,4,2.26,217.35,0.01,ok
2025-12-30T19:25:05.332Z,ESP32_ENERGY_MONITOR_001,14.54,72.10,0,1.76,220.73,0.01,ok
2025-12-30T19:30:05.332Z,ESP32_ENERGY_MONITOR_001,15.59,73.97,5,2.37,215.76,0.01,ok
2025-12-30T19:35:05.332Z,ESP32_ENERGY_MONITOR_001,14.14,72.99,7,2.27,222.47,0.01,ok
2025-12-30T19:40:05.332Z,ESP32_ENERGY_MONITOR_001,14.56,74.04,6,2.14,223.06,0.01,ok
2025-12-30T19:45:05.332Z,ESP32_ENERGY_MONITOR_001,14.14,71.43,0,1.91,221.43,0.01,ok
2025-12-30T19:50:05.332Z,ESP32_ENERGY_MONITOR_001,15.10,71.95,9,2.31,218.29,0.01,ok
2025-12-30T19:55:05.332Z,ESP32_ENERGY_MONITOR_001,15.76,72.24,8,2.16,216.85,0.01,ok
2025-12-30T20:00:05.332Z,ESP32_ENERGY_MONITOR_001,16.02,72.56,2,1.97,221.16,0.01,ok
2025-12-30T20:05:05.332Z,ESP32_ENERGY_MONITOR_001,16.39,68.32,6,2.20,221.35,0.01,ok
2025-12-30T20:10:05.332Z,ESP32_ENERGY_MONITOR_001,15.18,72.91,3,1.91,218.98,0.01,ok
2025-12-30T20:15:05.332Z,ESP32_ENERGY_MONITOR_001,16.43,69.69,8,2.45,215.58,0.01,ok
2025-12-30T20:20:05.332Z,ESP32_ENERGY_MONITOR_001,16.50,68.57,0,2.06,222.72,0.01,ok
2025-12-30T20:25:05.332Z,ESP32_ENERGY_MONITOR_001,16.33,69.11,1,2.01,217.90,0.01,ok
2025-12-30T20:30:05.332Z,ESP32_ENERGY_MONITOR_001,14.88,71.10,2,2.26,221.56,0.01,ok
2025-12-30T20:35:05.332Z,ESP32_ENERGY_MONITOR_001,16.08,70.60,0,1.87,220.37,0.01,ok
2025-12-30T20:40:05.332Z,ESP32_ENERGY_MONITOR_001,16.15,71.73,7,2.11,219.66,0.01,ok
2025-12-30T20:45:05.332Z,ESP32_ENERGY_MONITOR_001,14.81,70.05,1,1.83,215.01,0.01,ok
2025-12-30T20:50:05.332Z,ESP32_ENERGY_MONITOR_001,15.33,69.30,6,2.37,215.78,0.01,ok
2025-12-30T20:55:05.332Z,ESP32_ENERGY_MONITOR_001,16.50,70.02,3,1.89,217.80,0.01,ok
2025-12-30T21:00:05.332Z,ESP32_ENERGY_MONITOR_001,16.40,69.43,4,2.17,224.79,0.01,ok
2025-12-30T21:05:05.332Z,ESP32_ENERGY_MONITOR_001,17.29,66.92,2,2.20,223.22,0.01,ok
2025-12-30T21:10:05.332Z,ESP32_ENERGY_MONITOR_001,17.72,66.06,2,2.03,215.87,0.01,ok
2025-12-30T21:15:05.332Z,ESP32_ENERGY_MONITOR_001,17.49,66.70,5,1.97,217.94,0.01,ok
2025-12-30T21:20:05.332Z,ESP32_ENERGY_MONITOR_001,16.84,68.86,8,2.31,219.61,0.01,ok
2025-12-30T21:25:05.332Z,ESP32_ENERGY_MONITOR_001,17.49,67.50,5,2.30,218.86,0.01,ok
2025-12-30T21:30:05.332Z,ESP32_ENERGY_MONITOR_001,16.79,67.07,9,2.28,220.67,0.01,ok
2025-12-30T21:35:05.332Z,ESP32_ENERGY_MONITOR_001,16.06,68.61,2,1.99,218.23,0.01,ok
2025-12-30T21:40:05.332Z,ESP32_ENERGY_MONITOR_001,16.45,66.98,0,1.96,222.07,0.01,ok
2025-12-30T21:45:05.332Z,ESP32_ENERGY_MONITOR_001,17.87,69.29,4,2.22,224.82,0.01,ok
2025-12-30T21:50:05.332Z,ESP32_ENERGY_MONITOR_001,16.53,68.40,8,2.40,221.75,0.01,ok
2025-12-30T21:55:05.332Z,ESP32_ENERGY_MONITOR_001,16.42,66.67,0,2.10,223.16,0.01,ok
2025-12-30T22:00:05.332Z,ESP32_ENERGY_MONITOR_001,19.16,64.37,5,2.44,219.43,0.01,ok
2025-12-30T22:05:05.332Z,ESP32_ENERGY_MONITOR_001,18.02,62.88,1,2.25,223.46,0.01,ok
2025-12-30T22:10:05.332Z,ESP32_ENERGY_MONITOR_001,17.96,62.15,6,2.20,215.57,0.01,ok
2025-12-30T22:15:05.332Z,ESP32_ENERGY_MONITOR_001,18.99,62.66,5,2.00,220.15,0.01,ok
2025-12-30T22:20:05.332Z,ESP32_ENERGY_MONITOR_001,17.87,64.32,0,1.94,215.53,0.01,ok
2025-12-30T22:25:05.332Z,ESP32_ENERGY_MONITOR_001,19.33,62.72,5,2.18,224.87,0.01,ok
2025-12-30T22:30:05.332Z,ESP32_ENERGY_MONITOR_001,19.42,62.31,8,2.33,221.00,0.01,ok
2025-12-30T22:35:05.332Z,ESP32_ENERGY_MONITOR_001,19.26,63.37,6,2.02,215.55,0.01,ok
2025-12-30T22:40:05.332Z,ESP32_ENERGY_MONITOR_001,18.75,63.02,3,1.88,218.66,0.01,ok
2025-12-30T22:45:05.332Z,ESP32_ENERGY_MONITOR_001,18.95,61.64,8,2.34,218.64,0.01,ok
2025-12-30T22:50:05.332Z,ESP32_ENERGY_MONITOR_001,18.53,63.67,5,2.03,223.61,0.01,ok
2025-12-30T22:55:05.332Z,ESP32_ENERGY_MONITOR_001,18.93,62.04,1,1.95,220.07,0.01,ok
2025-12-30T23:00:05.332Z,ESP32_ENERGY_MONITOR_001,20.42,61.74,8,2.43,219.68,0.01,ok
2025-12-30T23:05:05.332Z,ESP32_ENERGY_MONITOR_001,19.96,57.96,4,2.02,217.91,0.01,ok
2025-12-30T23:10:05.332Z,ESP32_ENERGY_MONITOR_001,20.80,59.30,5,2.08,223.50,0.01,ok
2025-12-30T23:15:05.332Z,ESP32_ENERGY_MONITOR_001,20.36,59.46,1,1.94,217.12,0.01,ok
2025-12-30T23:20:05.332Z,ESP32_ENERGY_MONITOR_001,19.15,58.50,6,2.47,217.17,0.01,ok
2025-12-30T23:25:05.332Z,ESP32_ENERGY_MONITOR_001,20.14,61.37,0,2.18,218.50,0.01,ok
2025-12-30T23:30:05.332Z,ESP32_ENERGY_MONITOR_001,19.84,59.91,1,2.24,217.39,0.01,ok
2025-12-30T23:35:05.332Z,ESP32_ENERGY_MONITOR_001,19.99,60.90,5,2.29,216.92,0.01,ok
2025-12-30T23:40:05.332Z,ESP32_ENERGY_MONITOR_001,20.72,58.49,0,2.13,221.58,0.01,ok
2025-12-30T23:45:05.332Z,ESP32_ENERGY_MONITOR_001,19.85,57.84,0,1.89,215.45,0.01,ok
2025-12-30T23:50:05.332Z,ESP32_ENERGY_MONITOR_001,19.06,58.97,5,2.09,219.64,0.01,ok
2025-12-30T23:55:05.332Z,ESP32_ENERGY_MONITOR_001,19.57,57.73,6,2.40,222.31,0.01,ok
2025-12-31T00:00:05.332Z,ESP32_ENERGY_MONITOR_001,22.39,58.21,2,2.00,224.15,0.01,ok
2025-12-31T00:05:05.332Z,ESP32_ENERGY_MONITOR_001,22.42,58.57,5,2.27,224.91,0.01,ok
2025-12-31T00:10:05.332Z,ESP32_ENERGY_MONITOR_001,21.33,55.52,7,2.26,215.61,0.01,ok
2025-12-31T00:15:05.332Z,ESP32_ENERGY_MONITOR_001,22.36,55.36,9,2.60,216.48,0.01,ok
2025-12-31T00:20:05.332Z,ESP32_ENERGY_MONITOR_001,22.34,55.75,5,2.15,220.68,0.01,ok
2025-12-31T00:25:05.332Z,ESP32_ENERGY_MONITOR_001,22.05,58.11,0,2.07,217.24,0.01,ok
2025-12-31T00:30:05.332Z,ESP32_ENERGY_MONITOR_001,21.17,58.02,2,2.10,224.26,0.01,ok
2025-12-31T00:35:05.332Z,ESP32_ENERGY_MONITOR_001,21.84,54.26,6,2.23,222.41,0.01,ok
2025-12-31T00:40:05.332Z,ESP32_ENERGY_MONITOR_001,21.67,54.68,5,2.12,222.79,0.01,ok
2025-12-31T00:45:05.332Z,ESP32_ENERGY_MONITOR_001,20.90,56.83,6,2.05,222.16,0.01,ok
2025-12-31T00:50:05.332Z,ESP32_ENERGY_MONITOR_001,22.26,53.80,7,2.31,219.17,0.01,ok
2025-12-31T00:55:05.332Z,ESP32_ENERGY_MONITOR_001,20.56,58.14,9,2.20,223.69,0.01,ok
2025-12-31T01:00:05.332Z,ESP32_ENERGY_MONITOR_001,22.14,52.76,17,2.56,216.23,0.01,ok
2025-12-31T01:05:05.332Z,ESP32_ENERGY_MONITOR_001,23.38,54.66,21,2.82,215.28,0.01,ok
2025-12-31T01:10:05.332Z,ESP32_ENERGY_MONITOR_001,22.50,50.80,22,3.02,218.08,0.01,ok
2025-12-31T01:15:05.332Z,ESP32_ENERGY_MONITOR_001,23.12,54.13,20,2.97,218.03,0.01,ok
2025-12-31T01:20:05.332Z,ESP32_ENERGY_MONITOR_001,22.99,52.81,21,2.88,216.84,0.01,ok
2025-12-31T01:25:05.332Z,ESP32_ENERGY_MONITOR_001,22.41,53.72,23,2.84,220.73,0.01,ok
2025-12-31T01:30:05.332Z,ESP32_ENERGY_MONITOR_001,22.80,52.83,19,2.80,218.83,0.01,ok
2025-12-31T01:35:05.332Z,ESP32_ENERGY_MONITOR_001,22.46,53.11,16,2.59,223.59,0.01,ok
2025-12-31T01:40:05.332Z,ESP32_ENERGY_MONITOR_001,22.98,54.73,18,2.51,221.20,0.01,ok
2025-12-31T01:45:05.332Z,ESP32_ENERGY_MONITOR_001,22.68,51.12,15,2.85,220.08,0.01,ok
2025-12-31T01:50:05.332Z,ESP32_ENERGY_MONITOR_001,23.64,51.88,21,2.94,224.89,0.01,ok
2025-12-31T01:55:05.332Z,ESP32_ENERGY_MONITOR_001,22.50,50.85,21,2.59,219.12,0.01,ok
2025-12-31T02:00:05.332Z,ESP32_ENERGY_MONITOR_001,24.68,47.12,21,3.24,222.85,0.01,ok
2025-12-31T02:05:05.332Z,ESP32_ENERGY_MONITOR_001,24.20,51.75,29,3.05,218.04,0.01,ok
2025-12-31T02:10:05.332Z,ESP32_ENERGY_MONITOR_001,23.76,50.50,27,3.07,221.75,0.01,ok
2025-12-31T02:15:05.332Z,ESP32_ENERGY_MONITOR_001,25.21,48.16,22,3.30,222.80,0.02,ok
2025-12-31T02:20:05.332Z,ESP32_ENERGY_MONITOR_001,24.93,48.99,20,3.32,216.16,0.02,ok
2025-12-31T02:25:05.332Z,ESP32_ENERGY_MONITOR_001,24.09,51.01,25,3.05,218.80,0.01,ok
2025-12-31T02:30:05.332Z,ESP32_ENERGY_MONITOR_001,24.38,47.91,21,2.89,223.96,0.01,ok
2025-12-31T02:35:05.332Z,ESP32_ENERGY_MONITOR_001,24.87,47.40,21,3.23,216.13,0.01,ok
2025-12-31T02:40:05.332Z,ESP32_ENERGY_MONITOR_001,24.56,48.96,22,2.88,221.90,0.01,ok
2025-12-31T02:45:05.332Z,ESP32_ENERGY_MONITOR_001,23.86,51.12,24,3.04,221.91,0.01,ok
2025-12-31T02:50:05.332Z,ESP32_ENERGY_MONITOR_001,23.74,47.44,27,3.10,221.43,0.01,ok
2025-12-31T02:55:05.332Z,ESP32_ENERGY_MONITOR_001,25.21,49.62,25,3.16,215.96,0.01,ok
2025-12-31T03:00:05.332Z,ESP32_ENERGY_MONITOR_001,25.83,48.21,27,3.52,222.91,0.02,ok
2025-12-31T03:05:05.332Z,ESP32_ENERGY_MONITOR_001,25.86,47.97,30,3.99,217.46,0.02,ok
2025-12-31T03:10:05.332Z,ESP32_ENERGY_MONITOR_001,24.50,48.97,25,3.11,224.44,0.01,ok
2025-12-31T03:15:05.332Z,ESP32_ENERGY_MONITOR_001,24.75,45.57,29,3.56,218.81,0.02,ok
2025-12-31T03:20:05.332Z,ESP32_ENERGY_MONITOR_001,24.33,47.77,24,3.11,217.52,0.01,ok
2025-12-31T03:25:05.332Z,ESP32_ENERGY_MONITOR_001,24.38,45.74,29,3.07,219.19,0.01,ok
2025-12-31T03:30:05.332Z,ESP32_ENERGY_MONITOR_001,24.21,46.85,33,3.35,216.03,0.02,ok
2025-12-31T03:35:05.332Z,ESP32_ENERGY_MONITOR_001,24.51,45.38,30,3.39,217.78,0.02,ok
2025-12-31T03:40:05.332Z,ESP32_ENERGY_MONITOR_001,24.82,45.63,31,3.37,224.88,0.02,ok
2025-12-31T03:45:05.332Z,ESP32_ENERGY_MONITOR_001,25.99,48.49,28,3.93,219.83,0.02,ok
2025-12-31T03:50:05.332Z,ESP32_ENERGY_MONITOR_001,24.83,46.27,27,3.23,221.84,0.01,ok
2025-12-31T03:55:05.332Z,ESP32_ENERGY_MONITOR_001,25.76,44.76,28,3.80,217.50,0.02,ok
2025-12-31T04:00:05.332Z,ESP32_ENERGY_MONITOR_001,26.14,45.77,30,3.60,215.34,0.02,ok
2025-12-31T04:05:05.332Z,ESP32_ENERGY_MONITOR_001,26.25,46.95,34,4.15,224.71,0.02,ok
2025-12-31T04:10:05.332Z,ESP32_ENERGY_MONITOR_001,25.44,43.91,30,3.68,215.05,0.02,ok
2025-12-31T04:15:05.332Z,ESP32_ENERGY_MONITOR_001,25.76,45.92,27,3.48,216.69,0.02,ok
2025-12-31T04:20:05.332Z,ESP32_ENERGY_MONITOR_001,24.81,43.17,34,3.41,215.86,0.02,ok
2025-12-31T04:25:05.332Z,ESP32_ENERGY_MONITOR_001,25.45,46.17,35,3.94,218.00,0.02,ok
2025-12-31T04:30:05.332Z,ESP32_ENERGY_MONITOR_001,25.03,43.46,36,3.92,223.54,0.02,ok
2025-12-31T04:35:05.332Z,ESP32_ENERGY_MONITOR_001,26.50,43.82,28,3.67,222.97,0.02,ok
2025-12-31T04:40:05.332Z,ESP32_ENERGY_MONITOR_001,26.30,45.32,27,3.56,221.77,0.02,ok
2025-12-31T04:45:05.332Z,ESP32_ENERGY_MONITOR_001,25.53,43.68,29,3.68,224.67,0.02,ok
2025-12-31T04:50:05.332Z,ESP32_ENERGY_MONITOR_001,26.11,44.87,27,3.66,221.54,0.02,ok
2025-12-31T04:55:05.332Z,ESP32_ENERGY_MONITOR_001,25.63,46.07,36,3.75,217.02,0.02,ok
2025-12-31T05:00:05.332Z,ESP32_ENERGY_MONITOR_001,25.03,44.71,29,3.31,223.73,0.02,ok
2025-12-31T05:05:05.332Z,ESP32_ENERGY_MONITOR_001,25.44,45.48,29,3.56,219.55,0.02,ok
2025-12-31T05:10:05.332Z,ESP32_ENERGY_MONITOR_001,25.31,45.25,36,3.60,215.66,0.02,ok
2025-12-31T05:15:05.332Z,ESP32_ENERGY_MONITOR_001,25.76,46.13,36,3.84,220.41,0.02,ok
2025-12-31T05:20:05.332Z,ESP32_ENERGY_MONITOR_001,26.94,42.82,34,4.36,216.33,0.02,ok
2025-12-31T05:25:05.332Z,ESP32_ENERGY_MONITOR_001,25.54,45.67,35,3.91,218.38,0.02,ok
2025-12-31T05:30:05.332Z,ESP32_ENERGY_MONITOR_001,26.46,43.37,33,3.92,220.47,0.02,ok
2025-12-31T05:35:05.332Z,ESP32_ENERGY_MONITOR_001,25.77,44.71,32,3.64,216.30,0.02,ok
2025-12-31T05:40:05.332Z,ESP32_ENERGY_MONITOR_001,25.11,44.36,38,3.60,220.12,0.02,ok
2025-12-31T05:45:05.332Z,ESP32_ENERGY_MONITOR_001,26.09,45.85,32,3.79,223.18,0.02,ok
2025-12-31T05:50:05.332Z,ESP32_ENERGY_MONITOR_001,25.38,42.57,34,3.63,219.00,0.02,ok
2025-12-31T05:55:05.332Z,ESP32_ENERGY_MONITOR_001,25.60,44.94,35,3.79,216.25,0.02,ok
2025-12-31T06:00:05.332Z,ESP32_ENERGY_MONITOR_001,26.60,43.23,32,4.03,219.87,0.02,ok
2025-12-31T06:05:05.332Z,ESP32_ENERGY_MONITOR_001,25.87,47.34,30,3.88,215.47,0.02,ok
2025-12-31T06:10:05.332Z,ESP32_ENERGY_MONITOR_001,25.33,45.40,35,3.61,223.62,0.02,ok
2025-12-31T06:15:05.332Z,ESP32_ENERGY_MONITOR_001,26.32,45.00,31,3.72,216.64,0.02,ok
2025-12-31T06:20:05.332Z,ESP32_ENERGY_MONITOR_001,26.26,45.98,32,4.08,224.21,0.02,ok
2025-12-31T06:25:05.332Z,ESP32_ENERGY_MONITOR_001,25.18,45.96,31,3.78,216.25,0.02,ok
2025-12-31T06:30:05.332Z,ESP32_ENERGY_MONITOR_001,25.90,45.29,36,4.07,216.68,0.02,ok
2025-12-31T06:35:05.332Z,ESP32_ENERGY_MONITOR_001,25.49,46.65,38,3.90,222.75,0.02,ok
2025-12-31T06:40:05.332Z,ESP32_ENERGY_MONITOR_001,26.62,43.47,30,3.98,216.23,0.02,ok
2025-12-31T06:45:05.332Z,ESP32_ENERGY_MONITOR_001,25.19,46.28,34,3.55,215.43,0.02,ok
2025-12-31T06:50:05.332Z,ESP32_ENERGY_MONITOR_001,26.17,47.36,36,3.94,218.19,0.02,ok
2025-12-31T06:55:05.332Z,ESP32_ENERGY_MONITOR_001,25.45,45.60,30,3.59,220.55,0.02,ok
2025-12-31T07:00:05.332Z,ESP32_ENERGY_MONITOR_001,26.11,46.36,28,3.62,219.90,0.02,ok
2025-12-31T07:05:05.332Z,ESP32_ENERGY_MONITOR_001,24.56,49.21,29,3.10,222.26,0.01,ok
2025-12-31T07:10:05.332Z,ESP32_ENERGY_MONITOR_001,25.06,49.11,28,3.37,221.53,0.02,ok
2025-12-31T07:15:05.332Z,ESP32_ENERGY_MONITOR_001,24.81,47.71,33,3.63,223.31,0.02,ok
2025-12-31T07:20:05.332Z,ESP32_ENERGY_MONITOR_001,24.74,48.50,32,3.72,219.96,0.02,ok
2025-12-31T07:25:05.332Z,ESP32_ENERGY_MONITOR_001,25.35,45.09,34,3.64,220.13,0.02,ok
2025-12-31T07:30:05.332Z,ESP32_ENERGY_MONITOR_001,25.87,45.91,31,3.99,216.34,0.02,ok
2025-12-31T07:35:05.332Z,ESP32_ENERGY_MONITOR_001,25.50,47.52,27,3.40,219.12,0.02,ok
2025-12-31T07:40:05.332Z,ESP32_ENERGY_MONITOR_001,26.03,49.19,33,3.86,219.54,0.02,ok
2025-12-31T07:45:05.332Z,ESP32_ENERGY_MONITOR_001,25.67,44.89,30,3.85,224.08,0.02,ok
2025-12-31T07:50:05.332Z,ESP32_ENERGY_MONITOR_001,25.25,49.01,34,3.63,219.73,0.02,ok
2025-12-31T07:55:05.332Z,ESP32_ENERGY_MONITOR_001,24.59,49.43,35,3.45,223.21,0.02,ok
2025-12-31T08:00:05.332Z,ESP32_ENERGY_MONITOR_001,23.51,47.23,30,3.28,217.80,0.01,ok
2025-12-31T08:05:05.332Z,ESP32_ENERGY_MONITOR_001,24.58,48.93,29,3.54,224.52,0.02,ok
2025-12-31T08:10:05.332Z,ESP32_ENERGY_MONITOR_001,23.68,50.62,33,3.32,223.77,0.02,ok
2025-12-31T08:15:05.332Z,ESP32_ENERGY_MONITOR_001,24.62,47.30,32,3.70,224.96,0.02,ok
2025-12-31T08:20:05.332Z,ESP32_ENERGY_MONITOR_001,24.39,48.13,29,3.32,215.72,0.02,ok
2025-12-31T08:25:05.332Z,ESP32_ENERGY_MONITOR_001,24.17,50.58,33,3.20,217.88,0.01,ok
2025-12-31T08:30:05.332Z,ESP32_ENERGY_MONITOR_001,24.84,47.82,24,3.10,223.73,0.01,ok
2025-12-31T08:35:05.332Z,ESP32_ENERGY_MONITOR_001,24.70,51.39,29,3.49,224.00,0.02,ok
2025-12-31T08:40:05.332Z,ESP32_ENERGY_MONITOR_001,24.35,48.12,33,3.57,216.57,0.02,ok
2025-12-31T08:45:05.332Z,ESP32_ENERGY_MONITOR_001,24.68,50.56,30,3.48,222.68,0.02,ok
2025-12-31T08:50:05.332Z,ESP32_ENERGY_MONITOR_001,23.49,50.35,29,3.23,224.74,0.01,ok
2025-12-31T08:55:05.332Z,ESP32_ENERGY_MONITOR_001,23.38,50.90,24,3.17,224.58,0.01,ok
2025-12-31T09:00:05.332Z,ESP32_ENERGY_MONITOR_001,23.10,52.64,23,2.86,222.16,0.01,ok
2025-12-31T09:05:05.332Z,ESP32_ENERGY_MONITOR_001,23.60,50.09,28,3.07,222.85,0.01,ok
2025-12-31T09:10:05.332Z,ESP32_ENERGY_MONITOR_001,22.03,53.95,27,3.07,220.36,0.01,ok
2025-12-31T09:15:05.332Z,ESP32_ENERGY_MONITOR_001,23.67,52.65,29,3.23,215.74,0.01,ok
2025-12-31T09:20:05.332Z,ESP32_ENERGY_MONITOR_001,23.47,52.07,25,2.91,217.84,0.01,ok
2025-12-31T09:25:05.332Z,ESP32_ENERGY_MONITOR_001,23.12,53.67,23,2.83,223.11,0.01,ok
2025-12-31T09:30:05.332Z,ESP32_ENERGY_MONITOR_001,22.73,51.94,28,2.89,224.73,0.01,ok
2025-12-31T09:35:05.332Z,ESP32_ENERGY_MONITOR_001,22.28,53.70,21,2.96,219.82,0.01,ok
2025-12-31T09:40:05.332Z,ESP32_ENERGY_MONITOR_001,22.91,53.89,20,2.94,219.51,0.01,ok
2025-12-31T09:45:05.332Z,ESP32_ENERGY_MONITOR_001,22.09,53.83,27,3.24,221.96,0.01,ok
2025-12-31T09:50:05.332Z,ESP32_ENERGY_MONITOR_001,22.90,54.81,28,3.10,218.30,0.01,ok
2025-12-31T09:55:05.332Z,ESP32_ENERGY_MONITOR_001,22.40,53.98,27,3.32,219.43,0.02,ok
2025-12-31T10:00:05.332Z,ESP32_ENERGY_MONITOR_001,22.35,54.43,18,2.52,222.94,0.01,ok
2025-12-31T10:05:05.332Z,ESP32_ENERGY_MONITOR_001,21.71,55.13,23,3.05,224.41,0.01,ok
2025-12-31T10:10:05.332Z,ESP32_ENERGY_MONITOR_001,21.40,57.47,21,3.04,215.31,0.01,ok
2025-12-31T10:15:05.332Z,ESP32_ENERGY_MONITOR_001,21.16,54.69,24,3.09,216.63,0.01,ok
2025-12-31T10:20:05.332Z,ESP32_ENERGY_MONITOR_001,20.60,55.02,21,2.82,222.48,0.01,ok
2025-12-31T10:25:05.332Z,ESP32_ENERGY_MONITOR_001,22.55,58.31,18,2.92,224.68,0.01,ok
2025-12-31T10:30:05.332Z,ESP32_ENERGY_MONITOR_001,21.82,55.36,16,2.45,219.95,0.01,ok
2025-12-31T10:35:05.332Z,ESP32_ENERGY_MONITOR_001,21.54,55.47,19,2.64,219.64,0.01,ok
2025-12-31T10:40:05.332Z,ESP32_ENERGY_MONITOR_001,20.95,56.47,23,2.94,223.07,0.01,ok
2025-12-31T10:45:05.332Z,ESP32_ENERGY_MONITOR_001,20.88,55.91,22,2.82,220.17,0.01,ok
2025-12-31T10:50:05.332Z,ESP32_ENERGY_MONITOR_001,21.69,54.33,21,2.93,224.64,0.01,ok
2025-12-31T10:55:05.332Z,ESP32_ENERGY_MONITOR_001,22.05,56.58,17,2.53,219.47,0.01,ok
2025-12-31T11:00:05.332Z,ESP32_ENERGY_MONITOR_001,19.17,58.61,3,1.92,215.43,0.01,ok
2025-12-31T11:05:05.332Z,ESP32_ENERGY_MONITOR_001,19.32,60.49,0,2.04,221.76,0.01,ok
2025-12-31T11:10:05.332Z,ESP32_ENERGY_MONITOR_001,19.29,61.97,7,2.12,219.74,0.01,ok
2025-12-31T11:15:05.332Z,ESP32_ENERGY_MONITOR_001,20.46,59.17,9,2.44,216.37,0.01,ok
2025-12-31T11:20:05.332Z,ESP32_ENERGY_MONITOR_001,20.65,60.24,2,1.98,222.06,0.01,ok
2025-12-31T11:25:05.332Z,ESP32_ENERGY_MONITOR_001,20.02,61.84,2,2.32,220.20,0.01,ok
2025-12-31T11:30:05.332Z,ESP32_ENERGY_MONITOR_001,20.46,60.35,8,2.44,218.34,0.01,ok
2025-12-31T11:35:05.332Z,ESP32_ENERGY_MONITOR_001,20.33,62.18,7,2.05,215.85,0.01,ok
2025-12-31T11:40:05.332Z,ESP32_ENERGY_MONITOR_001,20.77,58.35,6,2.42,221.07,0.01,ok
2025-12-31T11:45:05.332Z,ESP32_ENERGY_MONITOR_001,20.80,60.13,0,1.82,219.86,0.01,ok
2025-12-31T11:50:05.332Z,ESP32_ENERGY_MONITOR_001,20.33,60.06,4,2.00,215.59,0.01,ok
2025-12-31T11:55:05.332Z,ESP32_ENERGY_MONITOR_001,19.23,58.38,6,2.34,217.37,0.01,ok
2025-12-31T12:00:05.332Z,ESP32_ENERGY_MONITOR_001,19.30,64.37,6,2.47,220.66,0.01,ok
2025-12-31T12:05:05.332Z,ESP32_ENERGY_MONITOR_001,17.87,64.29,1,1.81,223.20,0.01,ok
2025-12-31T12:10:05.332Z,ESP32_ENERGY_MONITOR_001,18.62,65.52,5,2.26,224.76,0.01,ok
2025-12-31T12:15:05.332Z,ESP32_ENERGY_MONITOR_001,18.11,62.92,4,1.98,217.02,0.01,ok
2025-12-31T12:20:05.332Z,ESP32_ENERGY_MONITOR_001,18.56,66.23,2,2.03,221.64,0.01,ok
2025-12-31T12:25:05.332Z,ESP32_ENERGY_MONITOR_001,18.02,64.50,4,2.36,220.64,0.01,ok
2025-12-31T12:30:05.332Z,ESP32_ENERGY_MONITOR_001,17.66,65.54,2,1.97,215.13,0.01,ok
2025-12-31T12:35:05.332Z,ESP32_ENERGY_MONITOR_001,18.67,63.16,9,2.52,223.88,0.01,ok
2025-12-31T12:40:05.332Z,ESP32_ENERGY_MONITOR_001,19.11,65.19,6,2.29,217.01,0.01,ok
2025-12-31T12:45:05.332Z,ESP32_ENERGY_MONITOR_001,18.25,63.48,1,2.01,216.23,0.01,ok
2025-12-31T12:50:05.332Z,ESP32_ENERGY_MONITOR_001,19.34,66.00,6,2.33,224.90,0.01,ok
2025-12-31T12:55:05.332Z,ESP32_ENERGY_MONITOR_001,19.19,63.72,2,2.25,222.51,0.01,ok
2025-12-31T13:00:05.332Z,ESP32_ENERGY_MONITOR_001,16.87,69.84,1,1.98,223.82,0.01,ok
2025-12-31T13:05:05.332Z,ESP32_ENERGY_MONITOR_001,16.76,66.38,6,2.19,218.63,0.01,ok
2025-12-31T13:10:05.332Z,ESP32_ENERGY_MONITOR_001,17.36,65.95,1,1.82,219.85,0.01,ok
2025-12-31T13:15:05.332Z,ESP32_ENERGY_MONITOR_001,16.25,66.92,4,2.20,223.47,0.01,ok
2025-12-31T13:20:05.332Z,ESP32_ENERGY_MONITOR_001,16.42,68.68,5,2.38,220.23,0.01,ok
2025-12-31T13:25:05.332Z,ESP32_ENERGY_MONITOR_001,16.60,68.64,3,2.29,215.31,0.01,ok
2025-12-31T13:30:05.332Z,ESP32_ENERGY_MONITOR_001,16.22,69.95,2,1.83,221.34,0.01,ok
2025-12-31T13:35:05.332Z,ESP32_ENERGY_MONITOR_001,16.71,67.35,8,2.57,219.27,0.01,ok
2025-12-31T13:40:05.332Z,ESP32_ENERGY_MONITOR_001,16.92,65.44,2,2.08,219.18,0.01,ok
2025-12-31T13:45:05.332Z,ESP32_ENERGY_MONITOR_001,16.99,68.34,5,2.19,221.98,0.01,ok
2025-12-31T13:50:05.332Z,ESP32_ENERGY_MONITOR_001,17.26,66.46,3,2.01,217.46,0.01,ok
2025-12-31T13:55:05.332Z,ESP32_ENERGY_MONITOR_001,17.89,66.60,1,1.79,221.34,0.01,ok
2025-12-31T14:00:05.332Z,ESP32_ENERGY_MONITOR_001,15.96,69.52,3,2.08,224.52,0.01,ok
2025-12-31T14:05:05.332Z,ESP32_ENERGY_MONITOR_001,15.27,72.24,5,2.06,223.56,0.01,ok
2025-12-31T14:10:05.332Z,ESP32_ENERGY_MONITOR_001,16.63,72.35,0,2.10,215.05,0.01,ok
2025-12-31T14:15:05.332Z,ESP32_ENERGY_MONITOR_001,15.55,68.53,5,2.15,219.15,0.01,ok
2025-12-31T14:20:05.332Z,ESP32_ENERGY_MONITOR_001,16.34,72.26,4,2.13,223.55,0.01,ok
2025-12-31T14:25:05.332Z,ESP32_ENERGY_MONITOR_001,16.75,71.37,2,2.03,223.99,0.01,ok
2025-12-31T14:30:05.332Z,ESP32_ENERGY_MONITOR_001,15.22,70.51,6,2.49,224.42,0.01,ok
2025-12-31T14:35:05.332Z,ESP32_ENERGY_MONITOR_001,15.93,70.31,6,2.43,223.48,0.01,ok
2025-12-31T14:40:05.332Z,ESP32_ENERGY_MONITOR_001,14.93,72.31,7,2.09,220.94,0.01,ok
2025-12-31T14:45:05.332Z,ESP32_ENERGY_MONITOR_001,15.97,72.30,8,2.53,221.80,0.01,ok
2025-12-31T14:50:05.332Z,ESP32_ENERGY_MONITOR_001,15.59,72.52,1,1.80,215.10,0.01,ok
2025-12-31T14:55:05.332Z,ESP32_ENERGY_MONITOR_001,16.40,72.48,5,2.29,217.56,0.01,ok
2025-12-31T15:00:05.332Z,ESP32_ENERGY_MONITOR_001,15.14,73.14,9,2.59,220.84,0.01,ok
2025-12-31T15:05:05.332Z,ESP32_ENERGY_MONITOR_001,14.21,72.30,1,2.22,224.49,0.01,ok
2025-12-31T15:10:05.332Z,ESP32_ENERGY_MONITOR_001,14.65,72.00,7,2.04,217.93,0.01,ok
2025-12-31T15:15:05.332Z,ESP32_ENERGY_MONITOR_001,14.94,73.90,5,2.40,219.54,0.01,ok
2025-12-31T15:20:05.332Z,ESP32_ENERGY_MONITOR_001,15.19,71.48,5,2.29,215.18,0.01,ok
2025-12-31T15:25:05.332Z,ESP32_ENERGY_MONITOR_001,15.55,71.86,4,2.12,220.90,0.01,ok
2025-12-31T15:30:05.332Z,ESP32_ENERGY_MONITOR_001,14.76,72.43,1,1.85,219.05,0.01,ok
2025-12-31T15:35:05.332Z,ESP32_ENERGY_MONITOR_001,15.56,72.04,1,1.84,222.90,0.01,ok
2025-12-31T15:40:05.332Z,ESP32_ENERGY_MONITOR_001,14.96,74.40,8,2.43,222.15,0.01,ok
2025-12-31T15:45:05.332Z,ESP32_ENERGY_MONITOR_001,15.68,73.24,8,2.55,220.73,0.01,ok
2025-12-31T15:50:05.332Z,ESP32_ENERGY_MONITOR_001,13.90,70.73,7,2.27,220.24,0.01,ok
2025-12-31T15:55:05.332Z,ESP32_ENERGY_MONITOR_001,15.73,73.83,6,2.06,224.27,0.01,ok
2025-12-31T16:00:05.332Z,ESP32_ENERGY_MONITOR_001,14.09,73.76,9,2.21,219.77,0.01,ok
2025-12-31T16:05:05.332Z,ESP32_ENERGY_MONITOR_001,14.60,74.49,4,2.11,223.30,0.01,ok
2025-12-31T16:10:05.332Z,ESP32_ENERGY_MONITOR_001,15.11,73.86,2,2.03,221.38,0.01,ok
2025-12-31T16:15:05.332Z,ESP32_ENERGY_MONITOR_001,14.32,75.28,8,2.16,223.70,0.01,ok
2025-12-31T16:20:05.332Z,ESP32_ENERGY_MONITOR_001,14.53,74.10,6,2.04,223.31,0.01,ok
2025-12-31T16:25:05.332Z,ESP32_ENERGY_MONITOR_001,14.54,74.36,7,2.31,217.71,0.01,ok
2025-12-31T16:30:05.332Z,ESP32_ENERGY_MONITOR_001,13.67,74.85,3,1.91,217.37,0.01,ok
2025-12-31T16:35:05.332Z,ESP32_ENERGY_MONITOR_001,14.97,73.98,7,2.44,223.67,0.01,ok
2025-12-31T16:40:05.332Z,ESP32_ENERGY_MONITOR_001,13.36,74.22,0,1.99,221.14,0.01,ok
2025-12-31T16:45:05.332Z,ESP32_ENERGY_MONITOR_001,14.71,74.97,4,2.03,215.05,0.01,ok
2025-12-31T16:50:05.332Z,ESP32_ENERGY_MONITOR_001,14.03,75.44,4,2.23,215.54,0.01,ok
2025-12-31T16:55:05.332Z,ESP32_ENERGY_MONITOR_001,13.53,72.61,0,1.99,224.40,0.01,ok
2025-12-31T17:00:05.332Z,ESP32_ENERGY_MONITOR_001,13.82,74.71,2,1.88,223.01,0.01,ok
2025-12-31T17:05:05.332Z,ESP32_ENERGY_MONITOR_001,13.76,73.75,4,2.39,221.88,0.01,ok
2025-12-31T17:10:05.332Z,ESP32_ENERGY_MONITOR_001,13.14,76.11,0,1.76,218.16,0.01,ok
2025-12-31T17:15:05.332Z,ESP32_ENERGY_MONITOR_001,14.46,76.59,0,2.25,223.11,0.01,ok
2025-12-31T17:20:05.332Z,ESP32_ENERGY_MONITOR_001,14.89,73.36,0,2.17,218.60,0.01,ok
2025-12-31T17:25:05.332Z,ESP32_ENERGY_MONITOR_001,14.68,75.28,9,2.44,220.30,0.01,ok
2025-12-31T17:30:05.332Z,ESP32_ENERGY_MONITOR_001,13.01,73.67,9,2.59,219.18,0.01,ok
2025-12-31T17:35:05.332Z,ESP32_ENERGY_MONITOR_001,14.20,77.20,3,1.99,224.05,0.01,ok
2025-12-31T17:40:05.332Z,ESP32_ENERGY_MONITOR_001,13.27,77.06,1,1.94,217.89,0.01,ok
2025-12-31T17:45:05.332Z,ESP32_ENERGY_MONITOR_001,13.68,75.39,8,2.23,217.76,0.01,ok
2025-12-31T17:50:05.332Z,ESP32_ENERGY_MONITOR_001,14.76,74.00,4,2.00,222.39,0.01,ok
2025-12-31T17:55:05.332Z,ESP32_ENERGY_MONITOR_001,14.21,76.13,0,2.21,221.23,0.01,ok
2025-12-31T18:00:05.332Z,ESP32_ENERGY_MONITOR_001,14.25,74.75,5,2.04,220.98,0.01,ok
2025-12-31T18:05:05.332Z,ESP32_ENERGY_MONITOR_001,15.06,75.81,8,2.18,223.61,0.01,ok
2025-12-31T18:10:05.332Z,ESP32_ENERGY_MONITOR_001,13.75,72.95,6,2.27,224.71,0.01,ok
2025-12-31T18:15:05.332Z,ESP32_ENERGY_MONITOR_001,15.04,75.99,7,2.34,219.45,0.01,ok
2025-12-31T18:20:05.332Z,ESP32_ENERGY_MONITOR_001,13.51,75.20,0,2.00,216.85,0.01,ok
2025-12-31T18:25:05.332Z,ESP32_ENERGY_MONITOR_001,14.18,76.00,8,2.48,219.70,0.01,ok
2025-12-31T18:30:05.332Z,ESP32_ENERGY_MONITOR_001,15.12,75.89,0,1.93,223.04,0.01,ok
2025-12-31T18:35:05.332Z,ESP32_ENERGY_MONITOR_001,14.42,76.15,7,2.13,224.04,0.01,ok
2025-12-31T18:40:05.332Z,ESP32_ENERGY_MONITOR_001,13.44,75.02,0,2.14,220.88,0.01,ok
2025-12-31T18:45:05.332Z,ESP32_ENERGY_MONITOR_001,13.74,73.27,1,2.02,221.45,0.01,ok
2025-12-31T18:50:05.332Z,ESP32_ENERGY_MONITOR_001,13.32,72.95,7,2.10,221.43,0.01,ok
2025-12-31T18:55:05.332Z,ESP32_ENERGY_MONITOR_001,13.42,73.19,7,2.34,223.52,0.01,ok
2025-12-31T19:00:05.332Z,ESP32_ENERGY_MONITOR_001,15.79,71.36,3,2.08,224.71,0.01,ok
2025-12-31T19:05:05.332Z,ESP32_ENERGY_MONITOR_001,14.30,70.74,8,2.48,224.55,0.01,ok
2025-12-31T19:10:05.332Z,ESP32_ENERGY_MONITOR_001,14.45,73.67,5,2.44,223.36,0.01,ok
2025-12-31T19:15:05.332Z,ESP32_ENERGY_MONITOR_001,14.54,70.57,0,1.77,222.02,0.01,ok
2025-12-31T19:20:05.332Z,ESP32_ENERGY_MONITOR_001,13.90,72.56,3,2.15,219.56,0.01,ok
2025-12-31T19:25:05.332Z,ESP32_ENERGY_MONITOR_001,14.19,71.46,5,2.37,223.58,0.01,ok
2025-12-31T19:30:05.332Z,ESP32_ENERGY_MONITOR_001,14.18,74.78,4,1.98,216.70,0.01,ok
2025-12-31T19:35:05.332Z,ESP32_ENERGY_MONITOR_001,13.83,74.19,4,2.25,218.44,0.01,ok
2025-12-31T19:40:05.332Z,ESP32_ENERGY_MONITOR_001,13.91,71.62,1,2.17,215.43,0.01,ok
2025-12-31T19:45:05.332Z,ESP32_ENERGY_MONITOR_001,14.31,72.87,4,2.00,216.11,0.01,ok
2025-12-31T19:50:05.332Z,ESP32_ENERGY_MONITOR_001,14.64,71.76,8,2.15,224.81,0.01,ok
2025-12-31T19:55:05.332Z,ESP32_ENERGY_MONITOR_001,15.74,72.26,2,1.87,224.04,0.01,ok
2025-12-31T20:00:05.332Z,ESP32_ENERGY_MONITOR_001,15.43,71.92,3,1.90,220.75,0.01,ok
2025-12-31T20:05:05.332Z,ESP32_ENERGY_MONITOR_001,15.05,69.09,4,2.27,224.29,0.01,ok
2025-12-31T20:10:05.332Z,ESP32_ENERGY_MONITOR_001,16.27,68.52,6,2.17,224.35,0.01,ok
2025-12-31T20:15:05.332Z,ESP32_ENERGY_MONITOR_001,15.86,68.24,3,2.36,219.76,0.01,ok
2025-12-31T20:20:05.332Z,ESP32_ENERGY_MONITOR_001,15.26,68.12,3,2.23,220.74,0.01,ok
2025-12-31T20:25:05.332Z,ESP32_ENERGY_MONITOR_001,15.48,69.31,6,2.12,224.85,0.01,ok
2025-12-31T20:30:05.332Z,ESP32_ENERGY_MONITOR_001,14.93,68.29,3,2.35,221.45,0.01,ok
2025-12-31T20:35:05.332Z,ESP32_ENERGY_MONITOR_001,15.67,70.05,8,2.16,224.65,0.01,ok
2025-12-31T20:40:05.332Z,ESP32_ENERGY_MONITOR_001,16.33,68.87,0,1.93,224.32,0.01,ok
2025-12-31T20:45:05.332Z,ESP32_ENERGY_MONITOR_001,15.39,71.71,8,2.37,220.04,0.01,ok
2025-12-31T20:50:05.332Z,ESP32_ENERGY_MONITOR_001,15.23,71.29,7,2.45,220.40,0.01,ok
2025-12-31T20:55:05.332Z,ESP32_ENERGY_MONITOR_001,14.92,70.86,2,2.28,224.19,0.01,ok
2025-12-31T21:00:05.332Z,ESP32_ENERGY_MONITOR_001,17.07,66.66,4,2.22,219.82,0.01,ok
2025-12-31T21:05:05.332Z,ESP32_ENERGY_MONITOR_001,17.10,65.70,4,1.92,224.66,0.01,ok
2025-12-31T21:10:05.332Z,ESP32_ENERGY_MONITOR_001,16.50,66.55,6,2.28,216.28,0.01,ok
2025-12-31T21:15:05.332Z,ESP32_ENERGY_MONITOR_001,16.43,68.58,6,2.09,218.23,0.01,ok
2025-12-31T21:20:05.332Z,ESP32_ENERGY_MONITOR_001,16.85,65.67,0,1.78,218.03,0.01,ok
2025-12-31T21:25:05.332Z,ESP32_ENERGY_MONITOR_001,17.61,68.84,8,2.39,216.86,0.01,ok
2025-12-31T21:30:05.332Z,ESP32_ENERGY_MONITOR_001,16.10,65.10,2,1.96,216.58,0.01,ok
2025-12-31T21:35:05.332Z,ESP32_ENERGY_MONITOR_001,17.13,66.68,9,2.52,220.16,0.01,ok
2025-12-31T21:40:05.332Z,ESP32_ENERGY_MONITOR_001,16.37,66.98,8,2.14,219.19,0.01,ok
2025-12-31T21:45:05.332Z,ESP32_ENERGY_MONITOR_001,16.53,69.36,3,2.27,222.12,0.01,ok
2025-12-31T21:50:05.332Z,ESP32_ENERGY_MONITOR_001,16.33,68.06,2,2.13,217.98,0.01,ok
2025-12-31T21:55:05.332Z,ESP32_ENERGY_MONITOR_001,17.78,69.21,0,2.08,216.78,0.01,ok
2025-12-31T22:00:05.332Z,ESP32_ENERGY_MONITOR_001,19.45,63.14,7,2.28,222.03,0.01,ok
2025-12-31T22:05:05.332Z,ESP32_ENERGY_MONITOR_001,18.17,63.30,9,2.14,220.67,0.01,ok
2025-12-31T22:10:05.332Z,ESP32_ENERGY_MONITOR_001,19.19,63.25,8,2.54,221.19,0.01,ok
2025-12-31T22:15:05.332Z,ESP32_ENERGY_MONITOR_001,17.93,62.60,0,1.79,221.13,0.01,ok
2025-12-31T22:20:05.332Z,ESP32_ENERGY_MONITOR_001,18.40,65.63,3,2.07,219.13,0.01,ok
2025-12-31T22:25:05.332Z,ESP32_ENERGY_MONITOR_001,17.88,65.53,2,1.92,216.47,0.01,ok
2025-12-31T22:30:05.332Z,ESP32_ENERGY_MONITOR_001,18.23,65.51,2,1.84,218.63,0.01,ok
2025-12-31T22:35:05.332Z,ESP32_ENERGY_MONITOR_001,17.57,63.70,3,2.18,220.62,0.01,ok
2025-12-31T22:40:05.332Z,ESP32_ENERGY_MONITOR_001,18.22,61.40,6,2.00,223.80,0.01,ok
2025-12-31T22:45:05.332Z,ESP32_ENERGY_MONITOR_001,18.18,65.03,7,2.28,217.43,0.01,ok
2025-12-31T22:50:05.332Z,ESP32_ENERGY_MONITOR_001,17.84,62.53,3,2.32,220.20,0.01,ok
2025-12-31T22:55:05.332Z,ESP32_ENERGY_MONITOR_001,17.54,61.95,8,2.15,217.09,0.01,ok
2025-12-31T23:00:05.332Z,ESP32_ENERGY_MONITOR_001,20.58,58.85,0,2.05,220.20,0.01,ok
2025-12-31T23:05:05.332Z,ESP32_ENERGY_MONITOR_001,20.18,57.62,1,2.20,221.38,0.01,ok
2025-12-31T23:10:05.332Z,ESP32_ENERGY_MONITOR_001,20.57,61.67,1,1.92,215.25,0.01,ok
2025-12-31T23:15:05.332Z,ESP32_ENERGY_MONITOR_001,20.93,61.07,7,2.41,219.87,0.01,ok
2025-12-31T23:20:05.332Z,ESP32_ENERGY_MONITOR_001,19.53,58.75,4,2.36,217.66,0.01,ok
2025-12-31T23:25:05.332Z,ESP32_ENERGY_MONITOR_001,19.45,58.33,5,2.27,217.53,0.01,ok
2025-12-31T23:30:05.332Z,ESP32_ENERGY_MONITOR_001,20.17,58.13,1,2.05,223.05,0.01,ok
2025-12-31T23:35:05.332Z,ESP32_ENERGY_MONITOR_001,19.43,58.78,7,2.16,215.46,0.01,ok
2025-12-31T23:40:05.332Z,ESP32_ENERGY_MONITOR_001,19.40,59.14,4,2.01,215.80,0.01,ok
2025-12-31T23:45:05.332Z,ESP32_ENERGY_MONITOR_001,19.86,61.46,3,2.08,218.00,0.01,ok
2025-12-31T23:50:05.332Z,ESP32_ENERGY_MONITOR_001,20.95,61.71,2,2.09,216.96,0.01,ok
2025-12-31T23:55:05.332Z,ESP32_ENERGY_MONITOR_001,19.48,60.48,9,2.34,222.22,0.01,ok
2026-01-01T00:00:05.332Z,ESP32_ENERGY_MONITOR_001,21.46,58.19,7,2.22,218.89,0.01,ok
2026-01-01T00:05:05.332Z,ESP32_ENERGY_MONITOR_001,21.69,58.37,9,2.29,222.45,0.01,ok
2026-01-01T00:10:05.332Z,ESP32_ENERGY_MONITOR_001,21.95,55.45,1,2.20,218.92,0.01,ok
2026-01-01T00:15:05.332Z,ESP32_ENERGY_MONITOR_001,21.72,55.88,4,2.20,217.15,0.01,ok
2026-01-01T00:20:05.332Z,ESP32_ENERGY_MONITOR_001,21.05,55.98,8,2.15,215.66,0.01,ok
2026-01-01T00:25:05.332Z,ESP32_ENERGY_MONITOR_001,20.56,54.02,5,2.35,215.59,0.01,ok
2026-01-01T00:30:05.332Z,ESP32_ENERGY_MONITOR_001,21.85,54.65,9,2.35,224.27,0.01,ok
2026-01-01T00:35:05.332Z,ESP32_ENERGY_MONITOR_001,21.18,55.45,1,2.09,220.37,0.01,ok
2026-01-01T00:40:05.332Z,ESP32_ENERGY_MONITOR_001,22.24,57.68,8,2.25,215.58,0.01,ok
2026-01-01T00:45:05.332Z,ESP32_ENERGY_MONITOR_001,20.90,57.03,4,2.10,220.68,0.01,ok
2026-01-01T00:50:05.332Z,ESP32_ENERGY_MONITOR_001,22.42,58.09,3,2.34,217.90,0.01,ok
2026-01-01T00:55:05.332Z,ESP32_ENERGY_MONITOR_001,21.08,55.66,0,2.12,218.42,0.01,ok
2026-01-01T01:00:05.332Z,ESP32_ENERGY_MONITOR_001,23.88,51.81,19,2.58,216.05,0.01,ok
2026-01-01T01:05:05.332Z,ESP32_ENERGY_MONITOR_001,22.06,54.38,17,2.59,221.87,0.01,ok
2026-01-01T01:10:05.332Z,ESP32_ENERGY_MONITOR_001,23.64,50.70,17,2.88,224.09,0.01,ok
2026-01-01T01:15:05.332Z,ESP32_ENERGY_MONITOR_001,23.31,53.13,16,2.46,218.87,0.01,ok
2026-01-01T01:20:05.332Z,ESP32_ENERGY_MONITOR_001,23.22,52.75,21,3.06,218.48,0.01,ok
2026-01-01T01:25:05.332Z,ESP32_ENERGY_MONITOR_001,23.75,52.17,17,2.76,222.54,0.01,ok
2026-01-01T01:30:05.332Z,ESP32_ENERGY_MONITOR_001,23.72,54.62,16,2.85,224.86,0.01,ok
2026-01-01T01:35:05.332Z,ESP32_ENERGY_MONITOR_001,23.04,50.92,20,2.75,217.89,0.01,ok
2026-01-01T01:40:05.332Z,ESP32_ENERGY_MONITOR_001,22.15,53.03,15,2.74,221.44,0.01,ok
2026-01-01T01:45:05.332Z,ESP32_ENERGY_MONITOR_001,23.92,52.71,22,3.10,221.41,0.01,ok
2026-01-01T01:50:05.332Z,ESP32_ENERGY_MONITOR_001,23.26,51.41,16,2.49,222.25,0.01,ok
2026-01-01T01:55:05.332Z,ESP32_ENERGY_MONITOR_001,23.59,54.18,21,2.92,217.94,0.01,ok
2026-01-01T02:00:05.332Z,ESP32_ENERGY_MONITOR_001,24.88,50.74,25,3.31,217.64,0.02,ok
2026-01-01T02:05:05.332Z,ESP32_ENERGY_MONITOR_001,24.06,49.01,21,2.83,221.74,0.01,ok
2026-01-01T02:10:05.332Z,ESP32_ENERGY_MONITOR_001,24.00,47.55,25,2.94,219.38,0.01,ok
2026-01-01T02:15:05.332Z,ESP32_ENERGY_MONITOR_001,24.43,50.91,24,3.02,224.11,0.01,ok
2026-01-01T02:20:05.332Z,ESP32_ENERGY_MONITOR_001,24.39,49.73,27,3.20,221.62,0.01,ok
2026-01-01T02:25:05.332Z,ESP32_ENERGY_MONITOR_001,23.84,48.93,23,3.08,222.04,0.01,ok
2026-01-01T02:30:05.332Z,ESP32_ENERGY_MONITOR_001,24.74,47.97,28,3.36,220.03,0.02,ok
2026-01-01T02:35:05.332Z,ESP32_ENERGY_MONITOR_001,23.43,47.15,25,3.16,219.27,0.01,ok
2026-01-01T02:40:05.332Z,ESP32_ENERGY_MONITOR_001,24.43,48.84,23,2.96,219.63,0.01,ok
2026-01-01T02:45:05.332Z,ESP32_ENERGY_MONITOR_001,23.63,50.19,20,2.95,215.21,0.01,ok
2026-01-01T02:50:05.332Z,ESP32_ENERGY_MONITOR_001,24.78,48.93,24,2.97,222.22,0.01,ok
2026-01-01T02:55:05.332Z,ESP32_ENERGY_MONITOR_001,24.15,49.76,25,3.09,218.82,0.01,ok
2026-01-01T03:00:05.332Z,ESP32_ENERGY_MONITOR_001,24.86,46.18,30,3.51,222.39,0.02,ok
2026-01-01T03:05:05.332Z,ESP32_ENERGY_MONITOR_001,26.17,46.03,24,3.47,218.99,0.02,ok
2026-01-01T03:10:05.332Z,ESP32_ENERGY_MONITOR_001,25.49,47.10,26,3.71,222.32,0.02,ok
2026-01-01T03:15:05.332Z,ESP32_ENERGY_MONITOR_001,25.35,46.03,33,3.76,219.16,0.02,ok
2026-01-01T03:20:05.332Z,ESP32_ENERGY_MONITOR_001,24.54,49.41,33,3.29,221.15,0.01,ok
2026-01-01T03:25:05.332Z,ESP32_ENERGY_MONITOR_001,25.78,47.20,26,3.80,215.83,0.02,ok
2026-01-01T03:30:05.332Z,ESP32_ENERGY_MONITOR_001,24.55,47.26,26,3.34,224.01,0.02,ok
2026-01-01T03:35:05.332Z,ESP32_ENERGY_MONITOR_001,24.71,45.25,28,3.15,216.94,0.01,ok
2026-01-01T03:40:05.332Z,ESP32_ENERGY_MONITOR_001,25.35,45.27,30,3.50,216.33,0.02,ok
2026-01-01T03:45:05.332Z,ESP32_ENERGY_MONITOR_001,25.71,48.61,28,3.60,216.35,0.02,ok
2026-01-01T03:50:05.332Z,ESP32_ENERGY_MONITOR_001,25.08,46.13,30,3.56,220.07,0.02,ok
2026-01-01T03:55:05.332Z,ESP32_ENERGY_MONITOR_001,25.43,47.91,30,3.46,221.86,0.02,ok
2026-01-01T04:00:05.332Z,ESP32_ENERGY_MONITOR_001,25.56,45.66,30,3.56,217.76,0.02,ok
2026-01-01T04:05:05.332Z,ESP32_ENERGY_MONITOR_001,25.42,47.95,32,3.76,215.47,0.02,ok
2026-01-01T04:10:05.332Z,ESP32_ENERGY_MONITOR_001,25.27,43.30,30,3.63,219.61,0.02,ok
2026-01-01T04:15:05.332Z,ESP32_ENERGY_MONITOR_001,24.82,47.13,27,3.36,216.13,0.02,ok
2026-01-01T04:20:05.332Z,ESP32_ENERGY_MONITOR_001,25.10,47.13,27,3.54,224.61,0.02,ok
2026-01-01T04:25:05.332Z,ESP32_ENERGY_MONITOR_001,25.28,44.29,28,3.40,215.02,0.02,ok
2026-01-01T04:30:05.332Z,ESP32_ENERGY_MONITOR_001,26.63,44.44,27,3.98,216.51,0.02,ok
2026-01-01T04:35:05.332Z,ESP32_ENERGY_MONITOR_001,26.48,46.82,34,4.18,221.17,0.02,ok
2026-01-01T04:40:05.332Z,ESP32_ENERGY_MONITOR_001,26.20,47.77,30,3.67,218.21,0.02,ok
2026-01-01T04:45:05.332Z,ESP32_ENERGY_MONITOR_001,25.53,44.79,34,3.94,222.94,0.02,ok
2026-01-01T04:50:05.332Z,ESP32_ENERGY_MONITOR_001,25.12,43.93,27,3.64,216.28,0.02,ok
2026-01-01T04:55:05.332Z,ESP32_ENERGY_MONITOR_001,26.07,46.81,27,3.90,222.60,0.02,ok
2026-01-01T05:00:05.332Z,ESP32_ENERGY_MONITOR_001,25.44,43.13,30,3.82,215.99,0.02,ok
2026-01-01T05:05:05.332Z,ESP32_ENERGY_MONITOR_001,26.14,46.01,38,4.28,220.17,0.02,ok
2026-01-01T05:10:05.332Z,ESP32_ENERGY_MONITOR_001,26.93,45.49,35,4.51,222.34,0.02,ok
2026-01-01T05:15:05.332Z,ESP32_ENERGY_MONITOR_001,26.06,43.84,35,4.26,220.24,0.02,ok
2026-01-01T05:20:05.332Z,ESP32_ENERGY_MONITOR_001,25.08,45.10,30,3.38,224.18,0.02,ok
2026-01-01T05:25:05.332Z,ESP32_ENERGY_MONITOR_001,26.48,43.41,31,4.21,217.22,0.02,ok
2026-01-01T05:30:05.332Z,ESP32_ENERGY_MONITOR_001,25.28,45.36,38,3.81,216.04,0.02,ok
2026-01-01T05:35:05.332Z,ESP32_ENERGY_MONITOR_001,26.03,45.21,36,4.07,221.64,0.02,ok
2026-01-01T05:40:05.332Z,ESP32_ENERGY_MONITOR_001,25.85,42.73,38,4.21,220.44,0.02,ok
2026-01-01T05:45:05.332Z,ESP32_ENERGY_MONITOR_001,26.93,42.95,34,4.33,221.76,0.02,ok
2026-01-01T05:50:05.332Z,ESP32_ENERGY_MONITOR_001,26.89,45.71,31,4.29,219.23,0.02,ok
2026-01-01T05:55:05.332Z,ESP32_ENERGY_MONITOR_001,25.99,47.35,32,4.08,220.86,0.02,ok
2026-01-01T06:00:05.332Z,ESP32_ENERGY_MONITOR_001,26.67,43.32,30,3.95,219.44,0.02,ok
2026-01-01T06:05:05.332Z,ESP32_ENERGY_MONITOR_001,26.33,45.44,34,3.82,221.32,0.02,ok
2026-01-01T06:10:05.332Z,ESP32_ENERGY_MONITOR_001,26.48,47.37,37,4.08,221.44,0.02,ok
2026-01-01T06:15:05.332Z,ESP32_ENERGY_MONITOR_001,25.78,45.88,32,4.01,215.90,0.02,ok
2026-01-01T06:20:05.332Z,ESP32_ENERGY_MONITOR_001,25.03,45.45,37,3.82,215.35,0.02,ok
2026-01-01T06:25:05.332Z,ESP32_ENERGY_MONITOR_001,26.12,47.25,30,3.59,224.83,0.02,ok
2026-01-01T06:30:05.332Z,ESP32_ENERGY_MONITOR_001,25.77,46.35,34,3.97,217.84,0.02,ok
2026-01-01T06:35:05.332Z,ESP32_ENERGY_MONITOR_001,24.93,44.85,32,3.46,222.97,0.02,ok
2026-01-01T06:40:05.332Z,ESP32_ENERGY_MONITOR_001,25.92,45.00,33,4.02,216.74,0.02,ok
2026-01-01T06:45:05.332Z,ESP32_ENERGY_MONITOR_001,25.40,47.18,31,3.87,219.89,0.02,ok
2026-01-01T06:50:05.332Z,ESP32_ENERGY_MONITOR_001,26.40,47.21,38,4.11,220.14,0.02,ok
2026-01-01T06:55:05.332Z,ESP32_ENERGY_MONITOR_001,25.22,46.90,32,3.45,218.86,0.02,ok
2026-01-01T07:00:05.332Z,ESP32_ENERGY_MONITOR_001,25.34,45.06,28,3.54,216.34,0.02,ok
2026-01-01T07:05:05.332Z,ESP32_ENERGY_MONITOR_001,24.70,48.95,27,3.30,222.73,0.02,ok
2026-01-01T07:10:05.332Z,ESP32_ENERGY_MONITOR_001,25.81,49.42,31,3.99,222.21,0.02,ok
2026-01-01T07:15:05.332Z,ESP32_ENERGY_MONITOR_001,25.87,46.43,33,4.05,221.53,0.02,ok
2026-01-01T07:20:05.332Z,ESP32_ENERGY_MONITOR_001,25.18,47.52,31,3.54,220.01,0.02,ok
2026-01-01T07:25:05.332Z,ESP32_ENERGY_MONITOR_001,24.58,46.68,30,3.29,222.06,0.01,ok
2026-01-01T07:30:05.332Z,ESP32_ENERGY_MONITOR_001,24.75,46.66,29,3.55,219.78,0.02,ok
2026-01-01T07:35:05.332Z,ESP32_ENERGY_MONITOR_001,26.18,46.09,35,4.13,216.00,0.02,ok
2026-01-01T07:40:05.332Z,ESP32_ENERGY_MONITOR_001,24.46,48.40,28,3.44,218.02,0.02,ok
2026-01-01T07:45:05.332Z,ESP32_ENERGY_MONITOR_001,25.52,44.84,28,3.54,219.68,0.02,ok
2026-01-01T07:50:05.332Z,ESP32_ENERGY_MONITOR_001,24.95,48.50,34,3.58,222.07,0.02,ok
2026-01-01T07:55:05.332Z,ESP32_ENERGY_MONITOR_001,25.77,47.87,30,3.58,223.19,0.02,ok
2026-01-01T08:00:05.332Z,ESP32_ENERGY_MONITOR_001,24.31,50.42,28,3.45,223.88,0.02,ok
2026-01-01T08:05:05.332Z,ESP32_ENERGY_MONITOR_001,23.33,47.39,33,3.21,220.86,0.01,ok
2026-01-01T08:10:05.332Z,ESP32_ENERGY_MONITOR_001,24.07,49.27,33,3.23,220.55,0.01,ok
2026-01-01T08:15:05.332Z,ESP32_ENERGY_MONITOR_001,25.08,50.51,24,3.24,219.76,0.01,ok
2026-01-01T08:20:05.332Z,ESP32_ENERGY_MONITOR_001,25.07,51.58,29,3.39,215.10,0.02,ok
2026-01-01T08:25:05.332Z,ESP32_ENERGY_MONITOR_001,23.56,50.80,28,3.31,221.10,0.02,ok
2026-01-01T08:30:05.332Z,ESP32_ENERGY_MONITOR_001,25.13,47.30,30,3.57,218.76,0.02,ok
2026-01-01T08:35:05.332Z,ESP32_ENERGY_MONITOR_001,25.03,47.34,31,3.32,223.02,0.02,ok
2026-01-01T08:40:05.332Z,ESP32_ENERGY_MONITOR_001,23.58,50.35,24,3.08,221.77,0.01,ok
2026-01-01T08:45:05.332Z,ESP32_ENERGY_MONITOR_001,24.33,49.46,28,3.39,222.65,0.02,ok
2026-01-01T08:50:05.332Z,ESP32_ENERGY_MONITOR_001,24.69,51.26,24,3.11,223.38,0.01,ok
2026-01-01T08:55:05.332Z,ESP32_ENERGY_MONITOR_001,23.31,50.66,27,3.20,216.42,0.01,ok
2026-01-01T09:00:05.332Z,ESP32_ENERGY_MONITOR_001,23.62,54.59,25,2.93,218.30,0.01,ok
2026-01-01T09:05:05.332Z,ESP32_ENERGY_MONITOR_001,22.96,52.83,27,3.27,219.35,0.01,ok
2026-01-01T09:10:05.332Z,ESP32_ENERGY_MONITOR_001,22.13,54.70,27,3.24,215.09,0.01,ok
2026-01-01T09:15:05.332Z,ESP32_ENERGY_MONITOR_001,22.07,53.52,21,3.07,220.80,0.01,ok
2026-01-01T09:20:05.332Z,ESP32_ENERGY_MONITOR_001,23.02,54.87,24,2.99,223.73,0.01,ok
2026-01-01T09:25:05.332Z,ESP32_ENERGY_MONITOR_001,23.17,51.41,27,3.13,215.93,0.01,ok
2026-01-01T09:30:05.332Z,ESP32_ENERGY_MONITOR_001,22.44,52.68,20,2.75,220.83,0.01,ok
2026-01-01T09:35:05.332Z,ESP32_ENERGY_MONITOR_001,23.92,53.79,27,3.03,221.70,0.01,ok
2026-01-01T09:40:05.332Z,ESP32_ENERGY_MONITOR_001,22.95,51.75,23,2.71,218.51,0.01,ok
2026-01-01T09:45:05.332Z,ESP32_ENERGY_MONITOR_001,22.76,50.41,25,2.96,223.34,0.01,ok
2026-01-01T09:50:05.332Z,ESP32_ENERGY_MONITOR_001,23.45,54.95,27,3.33,223.20,0.02,ok
2026-01-01T09:55:05.332Z,ESP32_ENERGY_MONITOR_001,22.29,53.98,20,2.57,222.87,0.01,ok
2026-01-01T10:00:05.332Z,ESP32_ENERGY_MONITOR_001,20.57,55.09,15,2.50,224.87,0.01,ok
2026-01-01T10:05:05.332Z,ESP32_ENERGY_MONITOR_001,22.41,58.24,16,2.73,216.85,0.01,ok
2026-01-01T10:10:05.332Z,ESP32_ENERGY_MONITOR_001,22.07,58.43,24,2.77,221.06,0.01,ok
2026-01-01T10:15:05.332Z,ESP32_ENERGY_MONITOR_001,21.74,54.12,20,2.70,218.39,0.01,ok
2026-01-01T10:20:05.332Z,ESP32_ENERGY_MONITOR_001,22.21,57.60,18,2.91,219.59,0.01,ok
2026-01-01T10:25:05.332Z,ESP32_ENERGY_MONITOR_001,22.04,54.52,23,2.68,220.72,0.01,ok
2026-01-01T10:30:05.332Z,ESP32_ENERGY_MONITOR_001,21.94,57.22,18,2.75,221.72,0.01,ok
2026-01-01T10:35:05.332Z,ESP32_ENERGY_MONITOR_001,22.02,54.55,21,3.07,223.97,0.01,ok
2026-01-01T10:40:05.332Z,ESP32_ENERGY_MONITOR_001,22.18,53.68,24,3.06,223.72,0.01,ok
2026-01-01T10:45:05.332Z,ESP32_ENERGY_MONITOR_001,20.61,54.74,16,2.59,224.77,0.01,ok
2026-01-01T10:50:05.332Z,ESP32_ENERGY_MONITOR_001,22.29,54.59,19,2.52,217.40,0.01,ok
2026-01-01T10:55:05.332Z,ESP32_ENERGY_MONITOR_001,22.53,53.76,15,2.51,216.90,0.01,ok
2026-01-01T11:00:05.332Z,ESP32_ENERGY_MONITOR_001,19.03,61.10,9,2.60,221.86,0.01,ok
2026-01-01T11:05:05.332Z,ESP32_ENERGY_MONITOR_001,19.35,61.16,8,2.19,221.11,0.01,ok
2026-01-01T11:10:05.332Z,ESP32_ENERGY_MONITOR_001,19.75,59.23,8,2.52,216.39,0.01,ok
2026-01-01T11:15:05.332Z,ESP32_ENERGY_MONITOR_001,20.52,58.66,5,2.38,222.18,0.01,ok
2026-01-01T11:20:05.332Z,ESP32_ENERGY_MONITOR_001,19.94,57.98,0,1.88,220.29,0.01,ok
2026-01-01T11:25:05.332Z,ESP32_ENERGY_MONITOR_001,19.12,61.39,9,2.48,224.54,0.01,ok
2026-01-01T11:30:05.332Z,ESP32_ENERGY_MONITOR_001,19.13,58.38,1,2.08,222.10,0.01,ok
2026-01-01T11:35:05.332Z,ESP32_ENERGY_MONITOR_001,19.56,59.59,9,2.35,215.66,0.01,ok
2026-01-01T11:40:05.332Z,ESP32_ENERGY_MONITOR_001,20.68,62.19,4,2.09,219.70,0.01,ok
2026-01-01T11:45:05.332Z,ESP32_ENERGY_MONITOR_001,19.69,58.24,6,2.45,217.99,0.01,ok
2026-01-01T11:50:05.332Z,ESP32_ENERGY_MONITOR_001,20.79,61.37,1,2.20,224.88,0.01,ok
2026-01-01T11:55:05.332Z,ESP32_ENERGY_MONITOR_001,20.66,58.69,6,2.06,224.51,0.01,ok
2026-01-01T12:00:05.332Z,ESP32_ENERGY_MONITOR_001,19.26,62.27,0,2.24,216.73,0.01,ok
2026-01-01T12:05:05.332Z,ESP32_ENERGY_MONITOR_001,19.16,61.54,0,2.05,224.03,0.01,ok
2026-01-01T12:10:05.332Z,ESP32_ENERGY_MONITOR_001,18.25,63.49,7,2.35,218.61,0.01,ok
2026-01-01T12:15:05.332Z,ESP32_ENERGY_MONITOR_001,17.65,61.82,5,2.34,218.49,0.01,ok
2026-01-01T12:20:05.332Z,ESP32_ENERGY_MONITOR_001,17.65,61.52,2,2.29,223.96,0.01,ok
2026-01-01T12:25:05.332Z,ESP32_ENERGY_MONITOR_001,17.56,65.72,4,2.35,216.43,0.01,ok
2026-01-01T12:30:05.332Z,ESP32_ENERGY_MONITOR_001,18.48,64.97,9,2.21,221.13,0.01,ok
2026-01-01T12:35:05.332Z,ESP32_ENERGY_MONITOR_001,18.93,63.24,3,2.17,220.26,0.01,ok
2026-01-01T12:40:05.332Z,ESP32_ENERGY_MONITOR_001,19.10,63.14,6,2.01,220.86,0.01,ok
2026-01-01T12:45:05.332Z,ESP32_ENERGY_MONITOR_001,18.71,63.74,6,2.21,217.76,0.01,ok
2026-01-01T12:50:05.332Z,ESP32_ENERGY_MONITOR_001,18.34,64.37,5,2.00,215.65,0.01,ok
2026-01-01T12:55:05.332Z,ESP32_ENERGY_MONITOR_001,18.03,65.40,6,2.30,221.56,0.01,ok
2026-01-01T13:00:05.332Z,ESP32_ENERGY_MONITOR_001,16.43,67.59,6,2.22,220.26,0.01,ok
2026-01-01T13:05:05.332Z,ESP32_ENERGY_MONITOR_001,17.37,69.78,6,2.36,220.42,0.01,ok
2026-01-01T13:10:05.332Z,ESP32_ENERGY_MONITOR_001,17.71,67.37,8,2.56,220.79,0.01,ok
2026-01-01T13:15:05.332Z,ESP32_ENERGY_MONITOR_001,17.11,68.17,6,2.11,217.10,0.01,ok
2026-01-01T13:20:05.332Z,ESP32_ENERGY_MONITOR_001,17.73,69.19,5,2.03,217.63,0.01,ok
2026-01-01T13:25:05.332Z,ESP32_ENERGY_MONITOR_001,17.35,69.01,2,1.96,221.26,0.01,ok
2026-01-01T13:30:05.332Z,ESP32_ENERGY_MONITOR_001,16.55,69.59,8,2.08,218.95,0.01,ok
2026-01-01T13:35:05.332Z,ESP32_ENERGY_MONITOR_001,16.78,69.44,9,2.33,216.12,0.01,ok
2026-01-01T13:40:05.332Z,ESP32_ENERGY_MONITOR_001,17.22,66.16,8,2.39,224.41,0.01,ok
2026-01-01T13:45:05.332Z,ESP32_ENERGY_MONITOR_001,17.49,66.55,8,2.35,224.65,0.01,ok
2026-01-01T13:50:05.332Z,ESP32_ENERGY_MONITOR_001,17.05,68.92,8,2.48,218.42,0.01,ok
2026-01-01T13:55:05.332Z,ESP32_ENERGY_MONITOR_001,17.73,66.82,8,2.29,223.52,0.01,ok
2026-01-01T14:00:05.332Z,ESP32_ENERGY_MONITOR_001,15.29,70.45,3,2.00,219.97,0.01,ok
2026-01-01T14:05:05.332Z,ESP32_ENERGY_MONITOR_001,15.35,70.31,2,1.97,221.72,0.01,ok
2026-01-01T14:10:05.332Z,ESP32_ENERGY_MONITOR_001,16.61,70.22,9,2.60,224.28,0.01,ok
2026-01-01T14:15:05.332Z,ESP32_ENERGY_MONITOR_001,15.19,72.09,0,2.18,216.36,0.01,ok
2026-01-01T14:20:05.332Z,ESP32_ENERGY_MONITOR_001,16.02,69.55,0,2.13,218.61,0.01,ok
2026-01-01T14:25:05.332Z,ESP32_ENERGY_MONITOR_001,15.91,69.26,4,2.20,223.66,0.01,ok
2026-01-01T14:30:05.332Z,ESP32_ENERGY_MONITOR_001,15.50,70.91,2,2.32,215.29,0.01,ok
2026-01-01T14:35:05.332Z,ESP32_ENERGY_MONITOR_001,14.93,72.40,2,2.21,217.51,0.01,ok
2026-01-01T14:40:05.332Z,ESP32_ENERGY_MONITOR_001,14.89,69.29,7,2.22,218.50,0.01,ok
2026-01-01T14:45:05.332Z,ESP32_ENERGY_MONITOR_001,15.69,68.22,7,2.31,219.63,0.01,ok
2026-01-01T14:50:05.332Z,ESP32_ENERGY_MONITOR_001,15.65,69.66,7,2.23,223.41,0.01,ok
2026-01-01T14:55:05.332Z,ESP32_ENERGY_MONITOR_001,15.13,73.10,5,2.33,217.10,0.01,ok
2026-01-01T15:00:05.332Z,ESP32_ENERGY_MONITOR_001,15.75,71.70,2,1.90,220.99,0.01,ok
2026-01-01T15:05:05.332Z,ESP32_ENERGY_MONITOR_001,15.48,73.71,7,2.46,216.10,0.01,ok
2026-01-01T15:10:05.332Z,ESP32_ENERGY_MONITOR_001,15.25,72.38,0,2.13,223.84,0.01,ok
2026-01-01T15:15:05.332Z,ESP32_ENERGY_MONITOR_001,13.85,74.98,6,2.19,217.35,0.01,ok
2026-01-01T15:20:05.332Z,ESP32_ENERGY_MONITOR_001,14.34,70.97,7,2.15,220.73,0.01,ok
2026-01-01T15:25:05.332Z,ESP32_ENERGY_MONITOR_001,15.58,73.70,8,2.17,220.42,0.01,ok
2026-01-01T15:30:05.332Z,ESP32_ENERGY_MONITOR_001,15.10,71.39,8,2.17,221.38,0.01,ok
2026-01-01T15:35:05.332Z,ESP32_ENERGY_MONITOR_001,15.14,70.67,7,2.06,219.76,0.01,ok
2026-01-01T15:40:05.332Z,ESP32_ENERGY_MONITOR_001,14.66,72.61,9,2.52,218.07,0.01,ok
2026-01-01T15:45:05.332Z,ESP32_ENERGY_MONITOR_001,15.06,74.86,3,2.06,223.57,0.01,ok
2026-01-01T15:50:05.332Z,ESP32_ENERGY_MONITOR_001,13.98,74.24,7,2.32,219.30,0.01,ok
2026-01-01T15:55:05.332Z,ESP32_ENERGY_MONITOR_001,14.27,72.03,3,2.32,216.14,0.01,ok
2026-01-01T16:00:05.332Z,ESP32_ENERGY_MONITOR_001,13.37,73.11,2,2.29,219.20,0.01,ok
2026-01-01T16:05:05.332Z,ESP32_ENERGY_MONITOR_001,13.40,75.23,2,1.92,217.92,0.01,ok
2026-01-01T16:10:05.332Z,ESP32_ENERGY_MONITOR_001,14.91,73.31,0,2.23,224.74,0.01,ok
2026-01-01T16:15:05.332Z,ESP32_ENERGY_MONITOR_001,13.31,73.21,4,2.22,216.18,0.01,ok
2026-01-01T16:20:05.332Z,ESP32_ENERGY_MONITOR_001,14.75,72.57,2,2.24,220.72,0.01,ok
2026-01-01T16:25:05.332Z,ESP32_ENERGY_MONITOR_001,14.06,74.21,6,2.04,219.66,0.01,ok
2026-01-01T16:30:05.332Z,ESP32_ENERGY_MONITOR_001,13.78,72.14,3,1.96,223.62,0.01,ok
2026-01-01T16:35:05.332Z,ESP32_ENERGY_MONITOR_001,13.67,72.66,7,2.46,220.55,0.01,ok
2026-01-01T16:40:05.332Z,ESP32_ENERGY_MONITOR_001,13.99,73.21,2,2.29,216.36,0.01,ok
2026-01-01T16:45:05.332Z,ESP32_ENERGY_MONITOR_001,15.07,74.14,9,2.43,217.11,0.01,ok
2026-01-01T16:50:05.332Z,ESP32_ENERGY_MONITOR_001,15.19,74.95,3,2.27,215.91,0.01,ok
2026-01-01T16:55:05.332Z,ESP32_ENERGY_MONITOR_001,13.85,72.39,6,2.37,218.98,0.01,ok
2026-01-01T17:00:05.332Z,ESP32_ENERGY_MONITOR_001,13.04,75.68,4,1.98,217.71,0.01,ok
2026-01-01T17:05:05.332Z,ESP32_ENERGY_MONITOR_001,13.21,74.06,0,2.15,222.04,0.01,ok
2026-01-01T17:10:05.332Z,ESP32_ENERGY_MONITOR_001,13.60,72.98,9,2.13,215.84,0.01,ok
2026-01-01T17:15:05.332Z,ESP32_ENERGY_MONITOR_001,13.82,72.64,2,1.89,217.70,0.01,ok
2026-01-01T17:20:05.332Z,ESP32_ENERGY_MONITOR_001,13.54,73.20,7,2.08,219.19,0.01,ok
2026-01-01T17:25:05.332Z,ESP32_ENERGY_MONITOR_001,14.25,75.16,2,1.99,218.11,0.01,ok
2026-01-01T17:30:05.332Z,ESP32_ENERGY_MONITOR_001,14.92,75.81,1,2.10,220.86,0.01,ok
2026-01-01T17:35:05.332Z,ESP32_ENERGY_MONITOR_001,14.50,73.48,7,2.51,218.71,0.01,ok
2026-01-01T17:40:05.332Z,ESP32_ENERGY_MONITOR_001,14.33,76.93,9,2.48,220.39,0.01,ok
2026-01-01T17:45:05.332Z,ESP32_ENERGY_MONITOR_001,14.45,74.30,5,2.15,221.47,0.01,ok
2026-01-01T17:50:05.332Z,ESP32_ENERGY_MONITOR_001,14.83,73.28,6,2.19,224.99,0.01,ok
2026-01-01T17:55:05.332Z,ESP32_ENERGY_MONITOR_001,14.07,74.86,1,1.88,219.60,0.01,ok
2026-01-01T18:00:05.332Z,ESP32_ENERGY_MONITOR_001,14.98,75.00,3,2.05,223.74,0.01,ok
2026-01-01T18:05:05.332Z,ESP32_ENERGY_MONITOR_001,14.93,76.81,5,2.02,218.29,0.01,ok
2026-01-01T18:10:05.332Z,ESP32_ENERGY_MONITOR_001,15.04,73.11,9,2.41,220.31,0.01,ok
2026-01-01T18:15:05.332Z,ESP32_ENERGY_MONITOR_001,13.63,75.43,3,1.95,223.64,0.01,ok
2026-01-01T18:20:05.332Z,ESP32_ENERGY_MONITOR_001,14.50,72.44,6,2.25,216.65,0.01,ok
2026-01-01T18:25:05.332Z,ESP32_ENERGY_MONITOR_001,13.67,72.56,1,2.12,215.07,0.01,ok
2026-01-01T18:30:05.332Z,ESP32_ENERGY_MONITOR_001,14.47,76.10,4,2.00,223.51,0.01,ok
2026-01-01T18:35:05.332Z,ESP32_ENERGY_MONITOR_001,13.72,72.52,7,2.13,222.46,0.01,ok
2026-01-01T18:40:05.332Z,ESP32_ENERGY_MONITOR_001,13.40,72.22,4,2.32,219.01,0.01,ok
2026-01-01T18:45:05.332Z,ESP32_ENERGY_MONITOR_001,13.62,72.90,2,1.85,221.27,0.01,ok
2026-01-01T18:50:05.332Z,ESP32_ENERGY_MONITOR_001,14.15,72.06,7,2.42,220.77,0.01,ok
2026-01-01T18:55:05.332Z,ESP32_ENERGY_MONITOR_001,15.19,73.87,8,2.24,222.55,0.01,ok
2026-01-01T19:00:05.332Z,ESP32_ENERGY_MONITOR_001,14.94,73.13,3,2.37,221.92,0.01,ok
2026-01-01T19:05:05.332Z,ESP32_ENERGY_MONITOR_001,13.93,70.93,9,2.38,222.46,0.01,ok
2026-01-01T19:10:05.332Z,ESP32_ENERGY_MONITOR_001,15.75,73.69,1,1.89,224.37,0.01,ok
2026-01-01T19:15:05.332Z,ESP32_ENERGY_MONITOR_001,15.61,72.25,5,2.11,217.95,0.01,ok
2026-01-01T19:20:05.332Z,ESP32_ENERGY_MONITOR_001,13.87,70.73,0,2.07,224.12,0.01,ok
2026-01-01T19:25:05.332Z,ESP32_ENERGY_MONITOR_001,15.39,70.83,7,2.33,223.03,0.01,ok
2026-01-01T19:30:05.332Z,ESP32_ENERGY_MONITOR_001,15.06,72.73,7,2.28,220.48,0.01,ok
2026-01-01T19:35:05.332Z,ESP32_ENERGY_MONITOR_001,14.30,71.10,7,2.42,216.11,0.01,ok
2026-01-01T19:40:05.332Z,ESP32_ENERGY_MONITOR_001,14.25,73.31,4,2.20,224.99,0.01,ok
2026-01-01T19:45:05.332Z,ESP32_ENERGY_MONITOR_001,15.30,73.93,8,2.18,217.87,0.01,ok
2026-01-01T19:50:05.332Z,ESP32_ENERGY_MONITOR_001,15.62,73.47,4,2.33,218.21,0.01,ok
2026-01-01T19:55:05.332Z,ESP32_ENERGY_MONITOR_001,14.34,73.38,0,1.98,223.39,0.01,ok
2026-01-01T20:00:05.332Z,ESP32_ENERGY_MONITOR_001,15.64,72.38,9,2.27,222.75,0.01,ok
2026-01-01T20:05:05.332Z,ESP32_ENERGY_MONITOR_001,15.81,70.06,8,2.11,219.55,0.01,ok
2026-01-01T20:10:05.332Z,ESP32_ENERGY_MONITOR_001,15.38,70.42,4,2.39,222.56,0.01,ok
2026-01-01T20:15:05.332Z,ESP32_ENERGY_MONITOR_001,15.05,69.14,5,2.36,215.45,0.01,ok
2026-01-01T20:20:05.332Z,ESP32_ENERGY_MONITOR_001,14.81,70.47,3,2.20,221.65,0.01,ok
2026-01-01T20:25:05.332Z,ESP32_ENERGY_MONITOR_001,15.73,71.19,7,2.21,223.95,0.01,ok
2026-01-01T20:30:05.332Z,ESP32_ENERGY_MONITOR_001,15.14,71.50,8,2.22,223.50,0.01,ok
2026-01-01T20:35:05.332Z,ESP32_ENERGY_MONITOR_001,16.05,71.70,2,1.98,224.51,0.01,ok
2026-01-01T20:40:05.332Z,ESP32_ENERGY_MONITOR_001,15.01,70.31,7,2.45,222.53,0.01,ok
2026-01-01T20:45:05.332Z,ESP32_ENERGY_MONITOR_001,15.87,72.67,0,1.76,224.41,0.01,ok
2026-01-01T20:50:05.332Z,ESP32_ENERGY_MONITOR_001,16.21,71.45,3,2.07,218.26,0.01,ok
2026-01-01T20:55:05.332Z,ESP32_ENERGY_MONITOR_001,16.42,71.28,7,2.19,217.29,0.01,ok
2026-01-01T21:00:05.332Z,ESP32_ENERGY_MONITOR_001,17.37,69.01,6,2.45,218.91,0.01,ok
2026-01-01T21:05:05.332Z,ESP32_ENERGY_MONITOR_001,16.25,67.36,5,2.33,216.77,0.01,ok
2026-01-01T21:10:05.332Z,ESP32_ENERGY_MONITOR_001,17.49,67.38,6,2.21,217.30,0.01,ok
2026-01-01T21:15:05.332Z,ESP32_ENERGY_MONITOR_001,16.75,69.39,1,1.99,218.44,0.01,ok
2026-01-01T21:20:05.332Z,ESP32_ENERGY_MONITOR_001,17.55,66.35,7,2.45,219.64,0.01,ok
2026-01-01T21:25:05.332Z,ESP32_ENERGY_MONITOR_001,16.11,66.70,4,2.09,219.48,0.01,ok
2026-01-01T21:30:05.332Z,ESP32_ENERGY_MONITOR_001,16.65,69.47,3,2.12,224.13,0.01,ok
2026-01-01T21:35:05.332Z,ESP32_ENERGY_MONITOR_001,17.38,66.23,0,2.22,215.74,0.01,ok
2026-01-01T21:40:05.332Z,ESP32_ENERGY_MONITOR_001,17.05,66.39,2,2.13,216.15,0.01,ok
2026-01-01T21:45:05.332Z,ESP32_ENERGY_MONITOR_001,17.70,67.31,9,2.38,218.16,0.01,ok
2026-01-01T21:50:05.332Z,ESP32_ENERGY_MONITOR_001,17.00,67.17,3,2.20,217.43,0.01,ok
2026-01-01T21:55:05.332Z,ESP32_ENERGY_MONITOR_001,17.49,68.39,9,2.19,217.43,0.01,ok
2026-01-01T22:00:05.332Z,ESP32_ENERGY_MONITOR_001,18.93,65.56,9,2.11,222.23,0.01,ok
2026-01-01T22:05:05.332Z,ESP32_ENERGY_MONITOR_001,17.94,63.25,4,2.24,223.03,0.01,ok
2026-01-01T22:10:05.332Z,ESP32_ENERGY_MONITOR_001,17.68,65.49,7,2.19,224.92,0.01,ok
2026-01-01T22:15:05.332Z,ESP32_ENERGY_MONITOR_001,19.39,63.71,6,2.04,220.32,0.01,ok
2026-01-01T22:20:05.332Z,ESP32_ENERGY_MONITOR_001,18.39,62.54,2,2.05,223.14,0.01,ok
2026-01-01T22:25:05.332Z,ESP32_ENERGY_MONITOR_001,17.94,61.75,5,2.43,219.62,0.01,ok
2026-01-01T22:30:05.332Z,ESP32_ENERGY_MONITOR_001,18.89,65.04,7,2.39,216.15,0.01,ok
2026-01-01T22:35:05.332Z,ESP32_ENERGY_MONITOR_001,19.34,63.08,0,1.93,216.59,0.01,ok
2026-01-01T22:40:05.332Z,ESP32_ENERGY_MONITOR_001,18.07,64.29,1,2.25,219.66,0.01,ok
2026-01-01T22:45:05.332Z,ESP32_ENERGY_MONITOR_001,18.07,63.08,3,1.96,217.22,0.01,ok
2026-01-01T22:50:05.332Z,ESP32_ENERGY_MONITOR_001,17.62,63.79,7,2.42,215.66,0.01,ok
2026-01-01T22:55:05.332Z,ESP32_ENERGY_MONITOR_001,19.20,62.71,4,2.26,219.77,0.01,ok
2026-01-01T23:00:05.332Z,ESP32_ENERGY_MONITOR_001,20.63,60.02,5,2.11,224.68,0.01,ok
2026-01-01T23:05:05.332Z,ESP32_ENERGY_MONITOR_001,19.02,61.15,6,2.11,220.97,0.01,ok
2026-01-01T23:10:05.332Z,ESP32_ENERGY_MONITOR_001,19.83,58.99,0,1.78,217.95,0.01,ok
2026-01-01T23:15:05.332Z,ESP32_ENERGY_MONITOR_001,19.10,60.00,5,2.12,216.82,0.01,ok
2026-01-01T23:20:05.332Z,ESP32_ENERGY_MONITOR_001,19.16,59.55,9,2.48,223.43,0.01,ok
2026-01-01T23:25:05.332Z,ESP32_ENERGY_MONITOR_001,19.19,60.71,3,2.37,217.69,0.01,ok
2026-01-01T23:30:05.332Z,ESP32_ENERGY_MONITOR_001,20.32,59.36,1,1.80,222.52,0.01,ok
2026-01-01T23:35:05.332Z,ESP32_ENERGY_MONITOR_001,20.57,59.50,0,1.91,220.00,0.01,ok
2026-01-01T23:40:05.332Z,ESP32_ENERGY_MONITOR_001,19.43,61.60,3,2.24,216.30,0.01,ok
2026-01-01T23:45:05.332Z,ESP32_ENERGY_MONITOR_001,20.61,58.97,9,2.26,222.57,0.01,ok
2026-01-01T23:50:05.332Z,ESP32_ENERGY_MONITOR_001,19.57,60.57,8,2.12,217.83,0.01,ok
2026-01-01T23:55:05.332Z,ESP32_ENERGY_MONITOR_001,19.99,58.06,7,2.48,216.43,0.01,ok
2026-01-02T00:00:05.332Z,ESP32_ENERGY_MONITOR_001,22.52,54.71,0,2.08,221.65,0.01,ok
2026-01-02T00:05:05.332Z,ESP32_ENERGY_MONITOR_001,21.17,55.08,9,2.24,221.72,0.01,ok
2026-01-02T00:10:05.332Z,ESP32_ENERGY_MONITOR_001,21.13,56.65,2,2.32,216.79,0.01,ok
2026-01-02T00:15:05.332Z,ESP32_ENERGY_MONITOR_001,21.98,55.65,5,2.12,216.64,0.01,ok
2026-01-02T00:20:05.332Z,ESP32_ENERGY_MONITOR_001,20.85,57.72,3,2.03,224.81,0.01,ok
2026-01-02T00:25:05.332Z,ESP32_ENERGY_MONITOR_001,21.72,56.62,2,2.17,220.95,0.01,ok
2026-01-02T00:30:05.332Z,ESP32_ENERGY_MONITOR_001,22.27,54.95,3,1.92,220.16,0.01,ok
2026-01-02T00:35:05.332Z,ESP32_ENERGY_MONITOR_001,21.10,57.92,7,2.04,215.17,0.01,ok
2026-01-02T00:40:05.332Z,ESP32_ENERGY_MONITOR_001,21.62,53.90,4,2.27,216.84,0.01,ok
2026-01-02T00:45:05.332Z,ESP32_ENERGY_MONITOR_001,21.03,54.20,2,2.17,215.16,0.01,ok
2026-01-02T00:50:05.332Z,ESP32_ENERGY_MONITOR_001,21.34,57.45,0,2.23,222.38,0.01,ok
2026-01-02T00:55:05.332Z,ESP32_ENERGY_MONITOR_001,21.74,57.69,0,1.97,222.78,0.01,ok
2026-01-02T01:00:05.332Z,ESP32_ENERGY_MONITOR_001,23.80,53.63,22,2.85,222.25,0.01,ok
2026-01-02T01:05:05.332Z,ESP32_ENERGY_MONITOR_001,23.50,50.76,20,2.65,221.80,0.01,ok
2026-01-02T01:10:05.332Z,ESP32_ENERGY_MONITOR_001,23.52,50.80,15,2.83,219.14,0.01,ok
2026-01-02T01:15:05.332Z,ESP32_ENERGY_MONITOR_001,23.52,53.29,17,2.46,223.72,0.01,ok
2026-01-02T01:20:05.332Z,ESP32_ENERGY_MONITOR_001,23.06,54.70,21,2.88,217.85,0.01,ok
2026-01-02T01:25:05.332Z,ESP32_ENERGY_MONITOR_001,22.02,52.82,21,2.78,222.77,0.01,ok
2026-01-02T01:30:05.332Z,ESP32_ENERGY_MONITOR_001,22.98,52.33,19,2.89,219.00,0.01,ok
2026-01-02T01:35:05.332Z,ESP32_ENERGY_MONITOR_001,22.91,50.39,22,2.98,218.88,0.01,ok
2026-01-02T01:40:05.332Z,ESP32_ENERGY_MONITOR_001,23.28,50.98,21,2.99,220.24,0.01,ok
2026-01-02T01:45:05.332Z,ESP32_ENERGY_MONITOR_001,23.09,52.41,19,2.58,221.42,0.01,ok
2026-01-02T01:50:05.332Z,ESP32_ENERGY_MONITOR_001,22.92,50.90,21,2.62,218.62,0.01,ok
2026-01-02T01:55:05.332Z,ESP32_ENERGY_MONITOR_001,23.28,51.85,16,2.59,224.16,0.01,ok
2026-01-02T02:00:05.332Z,ESP32_ENERGY_MONITOR_001,24.64,47.05,26,3.12,223.75,0.01,ok
2026-01-02T02:05:05.332Z,ESP32_ENERGY_MONITOR_001,23.87,48.70,23,2.81,220.59,0.01,ok
2026-01-02T02:10:05.332Z,ESP32_ENERGY_MONITOR_001,23.91,49.33,27,2.98,219.50,0.01,ok
2026-01-02T02:15:05.332Z,ESP32_ENERGY_MONITOR_001,24.90,50.47,29,3.57,218.37,0.02,ok
2026-01-02T02:20:05.332Z,ESP32_ENERGY_MONITOR_001,23.43,51.83,21,2.59,222.54,0.01,ok
2026-01-02T02:25:05.332Z,ESP32_ENERGY_MONITOR_001,23.25,50.00,29,3.10,217.53,0.01,ok
2026-01-02T02:30:05.332Z,ESP32_ENERGY_MONITOR_001,25.04,48.27,29,3.26,222.32,0.01,ok
2026-01-02T02:35:05.332Z,ESP32_ENERGY_MONITOR_001,23.35,51.07,29,3.16,222.20,0.01,ok
2026-01-02T02:40:05.332Z,ESP32_ENERGY_MONITOR_001,24.43,51.36,24,3.01,216.89,0.01,ok
2026-01-02T02:45:05.332Z,ESP32_ENERGY_MONITOR_001,23.49,48.69,21,2.66,223.95,0.01,ok
2026-01-02T02:50:05.332Z,ESP32_ENERGY_MONITOR_001,24.33,48.44,22,3.17,217.26,0.01,ok
2026-01-02T02:55:05.332Z,ESP32_ENERGY_MONITOR_001,24.87,50.70,27,3.10,216.80,0.01,ok
2026-01-02T03:00:05.332Z,ESP32_ENERGY_MONITOR_001,25.00,48.56,24,3.15,218.73,0.01,ok
2026-01-02T03:05:05.332Z,ESP32_ENERGY_MONITOR_001,24.70,47.44,33,3.56,222.88,0.02,ok
2026-01-02T03:10:05.332Z,ESP32_ENERGY_MONITOR_001,25.57,49.13,32,3.55,221.60,0.02,ok
2026-01-02T03:15:05.332Z,ESP32_ENERGY_MONITOR_001,25.70,45.99,27,3.80,219.69,0.02,ok
2026-01-02T03:20:05.332Z,ESP32_ENERGY_MONITOR_001,25.89,48.30,32,3.90,215.12,0.02,ok
2026-01-02T03:25:05.332Z,ESP32_ENERGY_MONITOR_001,25.82,48.52,30,3.91,215.84,0.02,ok
2026-01-02T03:30:05.332Z,ESP32_ENERGY_MONITOR_001,24.89,49.21,31,3.32,223.44,0.02,ok
2026-01-02T03:35:05.332Z,ESP32_ENERGY_MONITOR_001,24.48,47.39,26,3.25,215.01,0.01,ok
2026-01-02T03:40:05.332Z,ESP32_ENERGY_MONITOR_001,25.31,48.16,25,3.15,216.10,0.01,ok
2026-01-02T03:45:05.332Z,ESP32_ENERGY_MONITOR_001,24.72,47.01,29,3.36,217.57,0.02,ok
2026-01-02T03:50:05.332Z,ESP32_ENERGY_MONITOR_001,25.65,47.26,32,3.84,217.87,0.02,ok
2026-01-02T03:55:05.332Z,ESP32_ENERGY_MONITOR_001,24.64,49.20,33,3.57,224.37,0.02,ok
2026-01-02T04:00:05.332Z,ESP32_ENERGY_MONITOR_001,25.99,47.59,35,3.89,224.17,0.02,ok
2026-01-02T04:05:05.332Z,ESP32_ENERGY_MONITOR_001,25.55,46.58,27,3.37,221.70,0.02,ok
2026-01-02T04:10:05.332Z,ESP32_ENERGY_MONITOR_001,24.95,43.97,30,3.30,222.75,0.02,ok
2026-01-02T04:15:05.332Z,ESP32_ENERGY_MONITOR_001,25.94,46.78,30,3.97,218.14,0.02,ok
2026-01-02T04:20:05.332Z,ESP32_ENERGY_MONITOR_001,26.27,47.64,35,4.03,215.31,0.02,ok
2026-01-02T04:25:05.332Z,ESP32_ENERGY_MONITOR_001,25.14,44.24,29,3.36,223.28,0.02,ok
2026-01-02T04:30:05.332Z,ESP32_ENERGY_MONITOR_001,26.77,44.67,35,4.29,216.65,0.02,ok
2026-01-02T04:35:05.332Z,ESP32_ENERGY_MONITOR_001,25.57,43.66,28,3.81,217.20,0.02,ok
2026-01-02T04:40:05.332Z,ESP32_ENERGY_MONITOR_001,25.93,45.51,28,3.82,218.92,0.02,ok
2026-01-02T04:45:05.332Z,ESP32_ENERGY_MONITOR_001,25.43,44.25,28,3.62,222.39,0.02,ok
2026-01-02T04:50:05.332Z,ESP32_ENERGY_MONITOR_001,26.15,43.87,30,3.94,223.99,0.02,ok
2026-01-02T04:55:05.332Z,ESP32_ENERGY_MONITOR_001,26.75,46.26,33,3.98,221.09,0.02,ok
2026-01-02T05:00:05.332Z,ESP32_ENERGY_MONITOR_001,25.12,46.24,29,3.29,218.11,0.01,ok
2026-01-02T05:05:05.332Z,ESP32_ENERGY_MONITOR_001,25.41,43.00,35,3.93,221.77,0.02,ok
2026-01-02T05:10:05.332Z,ESP32_ENERGY_MONITOR_001,26.75,45.36,32,4.05,216.77,0.02,ok
2026-01-02T05:15:05.332Z,ESP32_ENERGY_MONITOR_001,25.28,43.43,36,3.84,221.87,0.02,ok
2026-01-02T05:20:05.332Z,ESP32_ENERGY_MONITOR_001,25.09,42.83,35,3.74,221.68,0.02,ok
2026-01-02T05:25:05.332Z,ESP32_ENERGY_MONITOR_001,25.45,46.29,29,3.55,217.01,0.02,ok
2026-01-02T05:30:05.332Z,ESP32_ENERGY_MONITOR_001,26.79,44.26,33,4.19,220.92,0.02,ok
2026-01-02T05:35:05.332Z,ESP32_ENERGY_MONITOR_001,26.93,45.24,31,4.36,218.10,0.02,ok
2026-01-02T05:40:05.332Z,ESP32_ENERGY_MONITOR_001,25.03,43.67,32,3.77,223.10,0.02,ok
2026-01-02T05:45:05.332Z,ESP32_ENERGY_MONITOR_001,25.86,44.31,36,3.83,219.26,0.02,ok
2026-01-02T05:50:05.332Z,ESP32_ENERGY_MONITOR_001,26.11,45.69,34,3.83,221.16,0.02,ok
2026-01-02T05:55:05.332Z,ESP32_ENERGY_MONITOR_001,25.50,45.24,37,3.72,223.72,0.02,ok
2026-01-02T06:00:05.332Z,ESP32_ENERGY_MONITOR_001,25.79,45.76,37,3.80,221.67,0.02,ok
2026-01-02T06:05:05.332Z,ESP32_ENERGY_MONITOR_001,24.91,45.73,38,3.99,221.85,0.02,ok
2026-01-02T06:10:05.332Z,ESP32_ENERGY_MONITOR_001,26.16,47.03,32,3.79,217.00,0.02,ok
2026-01-02T06:15:05.332Z,ESP32_ENERGY_MONITOR_001,25.65,44.44,29,3.86,221.93,0.02,ok
2026-01-02T06:20:05.332Z,ESP32_ENERGY_MONITOR_001,25.08,46.10,29,3.71,223.46,0.02,ok
2026-01-02T06:25:05.332Z,ESP32_ENERGY_MONITOR_001,26.08,46.41,30,3.99,222.99,0.02,ok
2026-01-02T06:30:05.332Z,ESP32_ENERGY_MONITOR_001,26.45,44.66,36,4.36,222.85,0.02,ok
2026-01-02T06:35:05.332Z,ESP32_ENERGY_MONITOR_001,26.02,48.01,38,4.03,222.68,0.02,ok
2026-01-02T06:40:05.332Z,ESP32_ENERGY_MONITOR_001,26.46,45.79,34,3.90,222.82,0.02,ok
2026-01-02T06:45:05.332Z,ESP32_ENERGY_MONITOR_001,26.55,46.27,32,4.19,221.94,0.02,ok
2026-01-02T06:50:05.332Z,ESP32_ENERGY_MONITOR_001,25.39,43.63,32,3.48,223.12,0.02,ok
2026-01-02T06:55:05.332Z,ESP32_ENERGY_MONITOR_001,25.03,44.20,35,3.87,215.15,0.02,ok
2026-01-02T07:00:05.332Z,ESP32_ENERGY_MONITOR_001,25.86,48.46,30,3.96,217.30,0.02,ok
2026-01-02T07:05:05.332Z,ESP32_ENERGY_MONITOR_001,26.07,49.19,27,3.75,215.97,0.02,ok
2026-01-02T07:10:05.332Z,ESP32_ENERGY_MONITOR_001,26.14,48.20,27,3.90,217.33,0.02,ok
2026-01-02T07:15:05.332Z,ESP32_ENERGY_MONITOR_001,25.33,45.87,27,3.50,218.21,0.02,ok
2026-01-02T07:20:05.332Z,ESP32_ENERGY_MONITOR_001,26.00,46.40,28,3.59,224.26,0.02,ok
2026-01-02T07:25:05.332Z,ESP32_ENERGY_MONITOR_001,25.39,45.27,30,3.66,215.40,0.02,ok
2026-01-02T07:30:05.332Z,ESP32_ENERGY_MONITOR_001,25.29,47.45,28,3.33,217.88,0.02,ok
2026-01-02T07:35:05.332Z,ESP32_ENERGY_MONITOR_001,25.09,48.44,32,3.67,224.77,0.02,ok
2026-01-02T07:40:05.332Z,ESP32_ENERGY_MONITOR_001,25.80,47.35,30,3.77,224.64,0.02,ok
2026-01-02T07:45:05.332Z,ESP32_ENERGY_MONITOR_001,25.88,46.26,27,3.78,221.06,0.02,ok
2026-01-02T07:50:05.332Z,ESP32_ENERGY_MONITOR_001,24.88,46.75,30,3.54,221.88,0.02,ok
2026-01-02T07:55:05.332Z,ESP32_ENERGY_MONITOR_001,25.37,46.40,31,3.81,216.63,0.02,ok
2026-01-02T08:00:05.332Z,ESP32_ENERGY_MONITOR_001,23.72,50.02,31,3.20,222.59,0.01,ok
2026-01-02T08:05:05.332Z,ESP32_ENERGY_MONITOR_001,25.03,50.24,28,3.64,224.41,0.02,ok
2026-01-02T08:10:05.332Z,ESP32_ENERGY_MONITOR_001,25.01,50.03,29,3.64,221.28,0.02,ok
2026-01-02T08:15:05.332Z,ESP32_ENERGY_MONITOR_001,23.62,48.93,26,3.00,219.90,0.01,ok
2026-01-02T08:20:05.332Z,ESP32_ENERGY_MONITOR_001,23.59,47.51,29,3.14,224.08,0.01,ok
2026-01-02T08:25:05.332Z,ESP32_ENERGY_MONITOR_001,23.90,47.21,33,3.42,215.97,0.02,ok
2026-01-02T08:30:05.332Z,ESP32_ENERGY_MONITOR_001,24.04,49.80,24,2.88,217.25,0.01,ok
2026-01-02T08:35:05.332Z,ESP32_ENERGY_MONITOR_001,23.68,46.91,33,3.20,218.83,0.01,ok
2026-01-02T08:40:05.332Z,ESP32_ENERGY_MONITOR_001,23.30,47.34,25,2.86,223.05,0.01,ok
2026-01-02T08:45:05.332Z,ESP32_ENERGY_MONITOR_001,25.11,48.28,27,3.35,223.08,0.02,ok
2026-01-02T08:50:05.332Z,ESP32_ENERGY_MONITOR_001,23.39,49.10,30,3.35,218.21,0.02,ok
2026-01-02T08:55:05.332Z,ESP32_ENERGY_MONITOR_001,24.68,47.03,28,3.19,222.31,0.01,ok
2026-01-02T09:00:05.332Z,ESP32_ENERGY_MONITOR_001,23.74,51.67,21,2.64,221.84,0.01,ok
2026-01-02T09:05:05.332Z,ESP32_ENERGY_MONITOR_001,22.63,51.66,25,3.06,224.40,0.01,ok
2026-01-02T09:10:05.332Z,ESP32_ENERGY_MONITOR_001,22.27,54.60,21,3.06,224.66,0.01,ok
2026-01-02T09:15:05.332Z,ESP32_ENERGY_MONITOR_001,22.64,54.06,28,2.91,220.16,0.01,ok
2026-01-02T09:20:05.332Z,ESP32_ENERGY_MONITOR_001,22.75,52.22,29,3.21,215.70,0.01,ok
2026-01-02T09:25:05.332Z,ESP32_ENERGY_MONITOR_001,22.47,54.92,29,3.33,224.67,0.02,ok
2026-01-02T09:30:05.332Z,ESP32_ENERGY_MONITOR_001,22.08,52.32,29,3.14,216.28,0.01,ok
2026-01-02T09:35:05.332Z,ESP32_ENERGY_MONITOR_001,23.41,54.00,26,2.93,218.06,0.01,ok
2026-01-02T09:40:05.332Z,ESP32_ENERGY_MONITOR_001,23.45,51.16,27,3.06,219.93,0.01,ok
2026-01-02T09:45:05.332Z,ESP32_ENERGY_MONITOR_001,23.56,51.62,26,2.85,221.89,0.01,ok
2026-01-02T09:50:05.332Z,ESP32_ENERGY_MONITOR_001,23.00,51.93,29,3.26,221.78,0.01,ok
2026-01-02T09:55:05.332Z,ESP32_ENERGY_MONITOR_001,23.36,51.14,21,2.62,215.89,0.01,ok
2026-01-02T10:00:05.332Z,ESP32_ENERGY_MONITOR_001,20.66,54.27,24,3.13,216.75,0.01,ok
2026-01-02T10:05:05.332Z,ESP32_ENERGY_MONITOR_001,20.61,58.31,16,2.68,218.41,0.01,ok
2026-01-02T10:10:05.332Z,ESP32_ENERGY_MONITOR_001,21.75,57.74,19,2.79,222.98,0.01,ok
2026-01-02T10:15:05.332Z,ESP32_ENERGY_MONITOR_001,22.06,57.96,15,2.71,217.86,0.01,ok
2026-01-02T10:20:05.332Z,ESP32_ENERGY_MONITOR_001,21.71,56.50,16,2.43,221.20,0.01,ok
2026-01-02T10:25:05.332Z,ESP32_ENERGY_MONITOR_001,22.21,55.29,24,2.83,218.85,0.01,ok
2026-01-02T10:30:05.332Z,ESP32_ENERGY_MONITOR_001,21.47,57.33,24,2.87,222.28,0.01,ok
2026-01-02T10:35:05.332Z,ESP32_ENERGY_MONITOR_001,21.11,53.98,16,2.41,220.90,0.01,ok
2026-01-02T10:40:05.332Z,ESP32_ENERGY_MONITOR_001,21.24,56.89,17,2.79,216.41,0.01,ok
2026-01-02T10:45:05.332Z,ESP32_ENERGY_MONITOR_001,21.98,57.76,23,2.99,220.62,0.01,ok
2026-01-02T10:50:05.332Z,ESP32_ENERGY_MONITOR_001,22.46,58.21,15,2.82,215.68,0.01,ok
2026-01-02T10:55:05.332Z,ESP32_ENERGY_MONITOR_001,21.20,56.88,20,2.98,215.25,0.01,ok
2026-01-02T11:00:05.332Z,ESP32_ENERGY_MONITOR_001,19.14,62.03,6,2.17,222.61,0.01,ok
2026-01-02T11:05:05.332Z,ESP32_ENERGY_MONITOR_001,20.30,61.22,2,1.97,219.84,0.01,ok
2026-01-02T11:10:05.332Z,ESP32_ENERGY_MONITOR_001,19.01,59.08,8,2.44,216.21,0.01,ok
2026-01-02T11:15:05.332Z,ESP32_ENERGY_MONITOR_001,19.34,59.46,6,2.30,224.36,0.01,ok
2026-01-02T11:20:05.332Z,ESP32_ENERGY_MONITOR_001,19.37,57.82,0,2.06,223.14,0.01,ok
2026-01-02T11:25:05.332Z,ESP32_ENERGY_MONITOR_001,20.35,61.40,2,2.32,223.90,0.01,ok
2026-01-02T11:30:05.332Z,ESP32_ENERGY_MONITOR_001,20.65,60.74,1,2.27,222.70,0.01,ok
2026-01-02T11:35:05.332Z,ESP32_ENERGY_MONITOR_001,19.60,61.14,5,1.97,215.61,0.01,ok
2026-01-02T11:40:05.332Z,ESP32_ENERGY_MONITOR_001,19.58,61.07,4,2.10,219.14,0.01,ok
2026-01-02T11:45:05.332Z,ESP32_ENERGY_MONITOR_001,21.00,60.80,5,2.24,219.91,0.01,ok
2026-01-02T11:50:05.332Z,ESP32_ENERGY_MONITOR_001,19.83,59.89,4,2.17,217.29,0.01,ok
2026-01-02T11:55:05.332Z,ESP32_ENERGY_MONITOR_001,19.16,58.06,7,2.10,221.20,0.01,ok
2026-01-02T12:00:05.332Z,ESP32_ENERGY_MONITOR_001,19.19,61.82,3,2.09,217.80,0.01,ok
2026-01-02T12:05:05.332Z,ESP32_ENERGY_MONITOR_001,18.29,65.59,4,2.20,218.42,0.01,ok
2026-01-02T12:10:05.332Z,ESP32_ENERGY_MONITOR_001,18.84,63.88,0,2.20,215.89,0.01,ok
2026-01-02T12:15:05.332Z,ESP32_ENERGY_MONITOR_001,18.09,62.43,6,2.37,215.27,0.01,ok
2026-01-02T12:20:05.332Z,ESP32_ENERGY_MONITOR_001,18.02,63.14,2,2.25,215.79,0.01,ok
2026-01-02T12:25:05.332Z,ESP32_ENERGY_MONITOR_001,19.06,62.92,9,2.34,217.75,0.01,ok
2026-01-02T12:30:05.332Z,ESP32_ENERGY_MONITOR_001,18.84,61.99,1,2.04,219.32,0.01,ok
2026-01-02T12:35:05.332Z,ESP32_ENERGY_MONITOR_001,17.60,66.29,8,2.45,216.64,0.01,ok
2026-01-02T12:40:05.332Z,ESP32_ENERGY_MONITOR_001,17.62,63.51,6,2.32,219.15,0.01,ok
2026-01-02T12:45:05.332Z,ESP32_ENERGY_MONITOR_001,18.67,63.36,3,2.12,220.25,0.01,ok
2026-01-02T12:50:05.332Z,ESP32_ENERGY_MONITOR_001,18.90,62.10,4,2.34,216.81,0.01,ok
2026-01-02T12:55:05.332Z,ESP32_ENERGY_MONITOR_001,19.32,62.36,2,1.88,224.06,0.01,ok
2026-01-02T13:00:05.332Z,ESP32_ENERGY_MONITOR_001,17.17,66.95,2,2.12,222.47,0.01,ok
2026-01-02T13:05:05.332Z,ESP32_ENERGY_MONITOR_001,16.91,67.45,9,2.29,216.96,0.01,ok
2026-01-02T13:10:05.332Z,ESP32_ENERGY_MONITOR_001,16.07,65.51,2,2.07,219.84,0.01,ok
2026-01-02T13:15:05.332Z,ESP32_ENERGY_MONITOR_001,17.10,67.38,4,2.09,218.03,0.01,ok
2026-01-02T13:20:05.332Z,ESP32_ENERGY_MONITOR_001,17.46,69.28,8,2.36,223.53,0.01,ok
2026-01-02T13:25:05.332Z,ESP32_ENERGY_MONITOR_001,17.77,65.36,3,1.97,219.99,0.01,ok
2026-01-02T13:30:05.332Z,ESP32_ENERGY_MONITOR_001,17.04,69.72,5,2.16,218.70,0.01,ok
2026-01-02T13:35:05.332Z,ESP32_ENERGY_MONITOR_001,16.12,65.82,9,2.47,221.28,0.01,ok
2026-01-02T13:40:05.332Z,ESP32_ENERGY_MONITOR_001,16.58,66.17,0,2.11,222.78,0.01,ok
2026-01-02T13:45:05.332Z,ESP32_ENERGY_MONITOR_001,16.83,68.97,9,2.17,221.08,0.01,ok
2026-01-02T13:50:05.332Z,ESP32_ENERGY_MONITOR_001,17.94,69.91,0,2.03,216.36,0.01,ok
2026-01-02T13:55:05.332Z,ESP32_ENERGY_MONITOR_001,16.45,66.31,0,1.83,216.39,0.01,ok
2026-01-02T14:00:05.332Z,ESP32_ENERGY_MONITOR_001,16.49,73.00,2,2.31,219.46,0.01,ok
2026-01-02T14:05:05.332Z,ESP32_ENERGY_MONITOR_001,16.37,68.36,2,2.28,217.58,0.01,ok
2026-01-02T14:10:05.332Z,ESP32_ENERGY_MONITOR_001,16.70,68.26,4,1.92,220.51,0.01,ok
2026-01-02T14:15:05.332Z,ESP32_ENERGY_MONITOR_001,15.40,69.42,1,2.16,224.61,0.01,ok
2026-01-02T14:20:05.332Z,ESP32_ENERGY_MONITOR_001,15.00,70.60,2,1.98,219.17,0.01,ok
2026-01-02T14:25:05.332Z,ESP32_ENERGY_MONITOR_001,16.10,68.49,4,1.92,215.54,0.01,ok
2026-01-02T14:30:05.332Z,ESP32_ENERGY_MONITOR_001,16.62,70.93,5,2.23,221.79,0.01,ok
2026-01-02T14:35:05.332Z,ESP32_ENERGY_MONITOR_001,14.80,69.97,6,2.39,215.05,0.01,ok
2026-01-02T14:40:05.332Z,ESP32_ENERGY_MONITOR_001,15.21,72.30,7,2.44,216.95,0.01,ok
2026-01-02T14:45:05.332Z,ESP32_ENERGY_MONITOR_001,15.67,72.06,8,2.53,222.94,0.01,ok
2026-01-02T14:50:05.332Z,ESP32_ENERGY_MONITOR_001,16.02,70.74,5,2.20,223.09,0.01,ok
2026-01-02T14:55:05.332Z,ESP32_ENERGY_MONITOR_001,15.20,71.07,1,2.10,221.35,0.01,ok
2026-01-02T15:00:05.332Z,ESP32_ENERGY_MONITOR_001,14.58,74.04,5,2.28,215.05,0.01,ok
2026-01-02T15:05:05.332Z,ESP32_ENERGY_MONITOR_001,13.89,72.40,3,2.03,222.58,0.01,ok
2026-01-02T15:10:05.332Z,ESP32_ENERGY_MONITOR_001,15.62,70.72,5,2.32,220.11,0.01,ok
2026-01-02T15:15:05.332Z,ESP32_ENERGY_MONITOR_001,15.50,70.96,4,2.09,217.04,0.01,ok
2026-01-02T15:20:05.332Z,ESP32_ENERGY_MONITOR_001,14.80,71.92,7,2.22,223.48,0.01,ok
2026-01-02T15:25:05.332Z,ESP32_ENERGY_MONITOR_001,15.37,70.85,7,2.27,217.87,0.01,ok
2026-01-02T15:30:05.332Z,ESP32_ENERGY_MONITOR_001,15.52,74.96,3,2.35,217.17,0.01,ok
2026-01-02T15:35:05.332Z,ESP32_ENERGY_MONITOR_001,15.75,74.33,1,1.81,216.65,0.01,ok
2026-01-02T15:40:05.332Z,ESP32_ENERGY_MONITOR_001,14.00,71.73,8,2.37,224.50,0.01,ok
2026-01-02T15:45:05.332Z,ESP32_ENERGY_MONITOR_001,14.44,70.65,0,2.03,224.49,0.01,ok
2026-01-02T15:50:05.332Z,ESP32_ENERGY_MONITOR_001,14.78,73.32,2,1.92,222.66,0.01,ok
2026-01-02T15:55:05.332Z,ESP32_ENERGY_MONITOR_001,15.31,75.22,0,2.05,218.45,0.01,ok
2026-01-02T16:00:05.332Z,ESP32_ENERGY_MONITOR_001,13.40,76.40,5,2.23,215.05,0.01,ok
2026-01-02T16:05:05.332Z,ESP32_ENERGY_MONITOR_001,14.73,73.98,1,1.81,224.12,0.01,ok
2026-01-02T16:10:05.332Z,ESP32_ENERGY_MONITOR_001,15.08,76.12,1,1.87,215.60,0.01,ok
2026-01-02T16:15:05.332Z,ESP32_ENERGY_MONITOR_001,13.91,72.84,3,2.34,224.52,0.01,ok
2026-01-02T16:20:05.332Z,ESP32_ENERGY_MONITOR_001,15.12,73.72,5,2.26,222.73,0.01,ok
2026-01-02T16:25:05.332Z,ESP32_ENERGY_MONITOR_001,14.23,75.73,5,2.43,222.71,0.01,ok
2026-01-02T16:30:05.332Z,ESP32_ENERGY_MONITOR_001,13.26,72.68,7,2.11,223.95,0.01,ok
2026-01-02T16:35:05.332Z,ESP32_ENERGY_MONITOR_001,14.60,72.11,7,2.24,217.93,0.01,ok
2026-01-02T16:40:05.332Z,ESP32_ENERGY_MONITOR_001,13.72,72.22,8,2.20,220.49,0.01,ok
2026-01-02T16:45:05.332Z,ESP32_ENERGY_MONITOR_001,13.66,75.64,2,2.15,223.97,0.01,ok
2026-01-02T16:50:05.332Z,ESP32_ENERGY_MONITOR_001,14.07,75.64,5,2.05,216.31,0.01,ok
2026-01-02T16:55:05.332Z,ESP32_ENERGY_MONITOR_001,15.04,72.46,1,2.27,222.04,0.01,ok
2026-01-02T17:00:05.332Z,ESP32_ENERGY_MONITOR_001,14.32,74.33,3,2.11,224.84,0.01,ok
2026-01-02T17:05:05.332Z,ESP32_ENERGY_MONITOR_001,14.68,75.83,0,1.89,216.91,0.01,ok
2026-01-02T17:10:05.332Z,ESP32_ENERGY_MONITOR_001,13.14,73.78,6,2.44,218.73,0.01,ok
2026-01-02T17:15:05.332Z,ESP32_ENERGY_MONITOR_001,13.44,77.31,0,2.21,220.71,0.01,ok
2026-01-02T17:20:05.332Z,ESP32_ENERGY_MONITOR_001,13.64,75.86,2,2.02,224.25,0.01,ok
2026-01-02T17:25:05.332Z,ESP32_ENERGY_MONITOR_001,14.97,77.27,8,2.51,220.63,0.01,ok
2026-01-02T17:30:05.332Z,ESP32_ENERGY_MONITOR_001,14.62,74.58,6,2.31,215.50,0.01,ok
2026-01-02T17:35:05.332Z,ESP32_ENERGY_MONITOR_001,14.44,74.64,9,2.16,217.53,0.01,ok
2026-01-02T17:40:05.332Z,ESP32_ENERGY_MONITOR_001,13.86,74.54,3,2.37,220.93,0.01,ok
2026-01-02T17:45:05.332Z,ESP32_ENERGY_MONITOR_001,14.35,74.51,0,2.23,222.14,0.01,ok
2026-01-02T17:50:05.332Z,ESP32_ENERGY_MONITOR_001,13.87,74.36,2,2.15,224.62,0.01,ok
2026-01-02T17:55:05.332Z,ESP32_ENERGY_MONITOR_001,14.60,74.67,3,1.99,221.10,0.01,ok
2026-01-02T18:00:05.332Z,ESP32_ENERGY_MONITOR_001,13.45,72.43,0,1.81,216.35,0.01,ok
2026-01-02T18:05:05.332Z,ESP32_ENERGY_MONITOR_001,14.09,73.30,4,2.18,217.23,0.01,ok
2026-01-02T18:10:05.332Z,ESP32_ENERGY_MONITOR_001,14.00,74.47,9,2.26,217.58,0.01,ok
2026-01-02T18:15:05.332Z,ESP32_ENERGY_MONITOR_001,13.30,73.78,4,2.23,223.26,0.01,ok
2026-01-02T18:20:05.332Z,ESP32_ENERGY_MONITOR_001,14.64,74.85,1,2.25,221.92,0.01,ok
2026-01-02T18:25:05.332Z,ESP32_ENERGY_MONITOR_001,13.92,74.49,0,1.88,222.67,0.01,ok
2026-01-02T18:30:05.332Z,ESP32_ENERGY_MONITOR_001,14.00,74.47,1,2.01,221.49,0.01,ok
2026-01-02T18:35:05.332Z,ESP32_ENERGY_MONITOR_001,15.11,75.17,6,2.35,220.87,0.01,ok
2026-01-02T18:40:05.332Z,ESP32_ENERGY_MONITOR_001,14.12,75.36,0,1.77,221.77,0.01,ok
2026-01-02T18:45:05.332Z,ESP32_ENERGY_MONITOR_001,14.86,72.62,1,2.06,219.61,0.01,ok
2026-01-02T18:50:05.332Z,ESP32_ENERGY_MONITOR_001,13.29,76.69,9,2.41,220.37,0.01,ok
2026-01-02T18:55:05.332Z,ESP32_ENERGY_MONITOR_001,15.15,75.65,1,2.07,219.37,0.01,ok
2026-01-02T19:00:05.332Z,ESP32_ENERGY_MONITOR_001,14.03,70.51,4,2.24,220.54,0.01,ok
2026-01-02T19:05:05.332Z,ESP32_ENERGY_MONITOR_001,15.01,72.34,1,1.95,216.65,0.01,ok
2026-01-02T19:10:05.332Z,ESP32_ENERGY_MONITOR_001,14.68,73.49,0,2.20,217.75,0.01,ok
2026-01-02T19:15:05.332Z,ESP32_ENERGY_MONITOR_001,14.82,71.18,1,2.13,219.03,0.01,ok
2026-01-02T19:20:05.332Z,ESP32_ENERGY_MONITOR_001,15.54,72.58,0,2.09,218.74,0.01,ok
2026-01-02T19:25:05.332Z,ESP32_ENERGY_MONITOR_001,15.13,72.95,4,1.97,217.60,0.01,ok
2026-01-02T19:30:05.332Z,ESP32_ENERGY_MONITOR_001,14.04,70.63,6,2.46,223.73,0.01,ok
2026-01-02T19:35:05.332Z,ESP32_ENERGY_MONITOR_001,15.02,74.90,4,2.18,220.39,0.01,ok
2026-01-02T19:40:05.332Z,ESP32_ENERGY_MONITOR_001,13.87,71.56,9,2.60,217.23,0.01,ok
2026-01-02T19:45:05.332Z,ESP32_ENERGY_MONITOR_001,14.36,70.66,5,2.22,219.00,0.01,ok
2026-01-02T19:50:05.332Z,ESP32_ENERGY_MONITOR_001,15.77,72.80,2,1.91,220.92,0.01,ok
2026-01-02T19:55:05.332Z,ESP32_ENERGY_MONITOR_001,14.88,73.75,9,2.49,220.48,0.01,ok
2026-01-02T20:00:05.332Z,ESP32_ENERGY_MONITOR_001,15.12,68.33,1,1.86,217.23,0.01,ok
2026-01-02T20:05:05.332Z,ESP32_ENERGY_MONITOR_001,16.58,72.71,1,1.98,217.21,0.01,ok
2026-01-02T20:10:05.332Z,ESP32_ENERGY_MONITOR_001,16.13,68.98,7,2.05,222.98,0.01,ok
2026-01-02T20:15:05.332Z,ESP32_ENERGY_MONITOR_001,15.96,72.41,5,2.36,217.14,0.01,ok
2026-01-02T20:20:05.332Z,ESP32_ENERGY_MONITOR_001,14.79,68.85,3,2.21,220.58,0.01,ok
2026-01-02T20:25:05.332Z,ESP32_ENERGY_MONITOR_001,15.32,68.30,0,2.10,216.26,0.01,ok
2026-01-02T20:30:05.332Z,ESP32_ENERGY_MONITOR_001,15.40,68.11,9,2.49,218.05,0.01,ok
2026-01-02T20:35:05.332Z,ESP32_ENERGY_MONITOR_001,16.73,72.68,9,2.59,224.29,0.01,ok
2026-01-02T20:40:05.332Z,ESP32_ENERGY_MONITOR_001,16.00,68.96,4,2.31,221.32,0.01,ok
2026-01-02T20:45:05.332Z,ESP32_ENERGY_MONITOR_001,16.15,70.65,8,2.29,220.29,0.01,ok
2026-01-02T20:50:05.332Z,ESP32_ENERGY_MONITOR_001,14.92,72.49,4,2.23,222.44,0.01,ok
2026-01-02T20:55:05.332Z,ESP32_ENERGY_MONITOR_001,15.41,71.00,4,2.28,217.12,0.01,ok
2026-01-02T21:00:05.332Z,ESP32_ENERGY_MONITOR_001,17.50,68.14,3,1.96,222.09,0.01,ok
2026-01-02T21:05:05.332Z,ESP32_ENERGY_MONITOR_001,17.69,69.75,4,2.24,224.53,0.01,ok
2026-01-02T21:10:05.332Z,ESP32_ENERGY_MONITOR_001,17.56,66.53,3,2.34,219.77,0.01,ok
2026-01-02T21:15:05.332Z,ESP32_ENERGY_MONITOR_001,17.22,67.85,8,2.21,215.54,0.01,ok
2026-01-02T21:20:05.332Z,ESP32_ENERGY_MONITOR_001,16.27,65.24,5,2.15,224.94,0.01,ok
2026-01-02T21:25:05.332Z,ESP32_ENERGY_MONITOR_001,17.46,66.61,7,2.14,224.26,0.01,ok
2026-01-02T21:30:05.332Z,ESP32_ENERGY_MONITOR_001,17.37,65.12,6,2.30,215.32,0.01,ok
2026-01-02T21:35:05.332Z,ESP32_ENERGY_MONITOR_001,16.82,67.46,6,2.35,221.33,0.01,ok
2026-01-02T21:40:05.332Z,ESP32_ENERGY_MONITOR_001,17.18,66.08,1,1.95,219.09,0.01,ok
2026-01-02T21:45:05.332Z,ESP32_ENERGY_MONITOR_001,16.34,67.28,6,2.20,216.49,0.01,ok
2026-01-02T21:50:05.332Z,ESP32_ENERGY_MONITOR_001,17.55,68.12,7,2.53,224.97,0.01,ok
2026-01-02T21:55:05.332Z,ESP32_ENERGY_MONITOR_001,17.73,67.18,5,2.38,218.37,0.01,ok
2026-01-02T22:00:05.332Z,ESP32_ENERGY_MONITOR_001,18.56,65.56,3,2.12,215.33,0.01,ok
2026-01-02T22:05:05.332Z,ESP32_ENERGY_MONITOR_001,19.28,64.50,0,1.85,222.94,0.01,ok
2026-01-02T22:10:05.332Z,ESP32_ENERGY_MONITOR_001,18.40,66.21,3,2.32,220.00,0.01,ok
2026-01-02T22:15:05.332Z,ESP32_ENERGY_MONITOR_001,17.76,63.09,1,1.86,223.20,0.01,ok
2026-01-02T22:20:05.332Z,ESP32_ENERGY_MONITOR_001,18.86,62.19,6,2.20,219.92,0.01,ok
2026-01-02T22:25:05.332Z,ESP32_ENERGY_MONITOR_001,17.88,62.39,7,2.29,222.64,0.01,ok
2026-01-02T22:30:05.332Z,ESP32_ENERGY_MONITOR_001,18.33,65.38,0,2.00,220.97,0.01,ok
2026-01-02T22:35:05.332Z,ESP32_ENERGY_MONITOR_001,18.13,66.34,5,2.36,218.47,0.01,ok
2026-01-02T22:40:05.332Z,ESP32_ENERGY_MONITOR_001,18.70,62.62,0,2.04,218.82,0.01,ok
2026-01-02T22:45:05.332Z,ESP32_ENERGY_MONITOR_001,18.27,65.11,8,2.08,224.11,0.01,ok
2026-01-02T22:50:05.332Z,ESP32_ENERGY_MONITOR_001,18.60,64.28,1,1.88,216.38,0.01,ok
2026-01-02T22:55:05.332Z,ESP32_ENERGY_MONITOR_001,18.23,66.16,3,2.28,224.35,0.01,ok
2026-01-02T23:00:05.332Z,ESP32_ENERGY_MONITOR_001,19.71,61.63,9,2.55,215.64,0.01,ok
2026-01-02T23:05:05.332Z,ESP32_ENERGY_MONITOR_001,20.66,61.30,0,1.85,216.74,0.01,ok
2026-01-02T23:10:05.332Z,ESP32_ENERGY_MONITOR_001,19.82,61.58,7,2.50,218.29,0.01,ok
2026-01-02T23:15:05.332Z,ESP32_ENERGY_MONITOR_001,19.23,58.67,1,1.81,217.81,0.01,ok
2026-01-02T23:20:05.332Z,ESP32_ENERGY_MONITOR_001,19.54,62.04,5,2.45,224.41,0.01,ok
2026-01-02T23:25:05.332Z,ESP32_ENERGY_MONITOR_001,19.35,58.98,7,2.47,223.48,0.01,ok
2026-01-02T23:30:05.332Z,ESP32_ENERGY_MONITOR_001,20.11,59.92,3,2.29,215.34,0.01,ok
2026-01-02T23:35:05.332Z,ESP32_ENERGY_MONITOR_001,20.18,61.38,9,2.32,215.42,0.01,ok
2026-01-02T23:40:05.332Z,ESP32_ENERGY_MONITOR_001,20.21,59.66,1,2.01,218.21,0.01,ok
2026-01-02T23:45:05.332Z,ESP32_ENERGY_MONITOR_001,19.86,60.85,6,2.24,215.58,0.01,ok
2026-01-02T23:50:05.332Z,ESP32_ENERGY_MONITOR_001,20.50,58.95,6,2.09,221.89,0.01,ok
2026-01-02T23:55:05.332Z,ESP32_ENERGY_MONITOR_001,20.37,60.19,9,2.18,224.98,0.01,ok
2026-01-03T00:00:05.332Z,ESP32_ENERGY_MONITOR_001,20.87,55.02,3,2.06,219.72,0.01,ok
2026-01-03T00:05:05.332Z,ESP32_ENERGY_MONITOR_001,22.26,54.65,4,2.07,220.36,0.01,ok
2026-01-03T00:10:05.332Z,ESP32_ENERGY_MONITOR_001,21.93,54.69,4,2.04,217.22,0.01,ok
2026-01-03T00:15:05.332Z,ESP32_ENERGY_MONITOR_001,21.95,55.22,6,2.16,216.53,0.01,ok
2026-01-03T00:20:05.332Z,ESP32_ENERGY_MONITOR_001,22.40,55.17,0,1.93,218.80,0.01,ok
2026-01-03T00:25:05.332Z,ESP32_ENERGY_MONITOR_001,21.16,53.91,6,2.26,221.75,0.01,ok
2026-01-03T00:30:05.332Z,ESP32_ENERGY_MONITOR_001,22.46,57.47,6,2.13,215.34,0.01,ok
2026-01-03T00:35:05.332Z,ESP32_ENERGY_MONITOR_001,21.26,55.93,4,2.27,222.40,0.01,ok
2026-01-03T00:40:05.332Z,ESP32_ENERGY_MONITOR_001,21.16,56.56,5,2.10,216.90,0.01,ok
2026-01-03T00:45:05.332Z,ESP32_ENERGY_MONITOR_001,21.41,58.45,0,1.89,217.01,0.01,ok
2026-01-03T00:50:05.332Z,ESP32_ENERGY_MONITOR_001,21.26,54.38,6,2.41,221.91,0.01,ok
2026-01-03T00:55:05.332Z,ESP32_ENERGY_MONITOR_001,20.59,55.25,7,2.17,218.34,0.01,ok
2026-01-03T01:00:05.332Z,ESP32_ENERGY_MONITOR_001,23.96,51.69,22,2.85,222.54,0.01,ok
2026-01-03T01:05:05.332Z,ESP32_ENERGY_MONITOR_001,22.37,50.36,16,2.58,219.57,0.01,ok
2026-01-03T01:10:05.332Z,ESP32_ENERGY_MONITOR_001,23.39,52.97,17,2.59,215.80,0.01,ok
2026-01-03T01:15:05.332Z,ESP32_ENERGY_MONITOR_001,22.63,52.68,21,3.03,224.82,0.01,ok
2026-01-03T01:20:05.332Z,ESP32_ENERGY_MONITOR_001,22.95,52.11,22,3.09,217.76,0.01,ok
2026-01-03T01:25:05.332Z,ESP32_ENERGY_MONITOR_001,23.86,52.92,22,2.64,223.91,0.01,ok
2026-01-03T01:30:05.332Z,ESP32_ENERGY_MONITOR_001,23.26,51.52,22,3.03,224.50,0.01,ok
2026-01-03T01:35:05.332Z,ESP32_ENERGY_MONITOR_001,22.62,51.54,22,3.00,219.60,0.01,ok
2026-01-03T01:40:05.332Z,ESP32_ENERGY_MONITOR_001,23.28,54.96,18,2.56,224.82,0.01,ok
2026-01-03T01:45:05.332Z,ESP32_ENERGY_MONITOR_001,22.97,51.57,20,2.76,216.17,0.01,ok
2026-01-03T01:50:05.332Z,ESP32_ENERGY_MONITOR_001,22.31,51.62,16,2.55,220.34,0.01,ok
2026-01-03T01:55:05.332Z,ESP32_ENERGY_MONITOR_001,23.17,53.76,19,2.59,219.41,0.01,ok
2026-01-03T02:00:05.332Z,ESP32_ENERGY_MONITOR_001,23.49,49.43,21,2.88,216.09,0.01,ok
2026-01-03T02:05:05.332Z,ESP32_ENERGY_MONITOR_001,25.18,51.47,22,3.23,220.99,0.01,ok
2026-01-03T02:10:05.332Z,ESP32_ENERGY_MONITOR_001,24.69,51.81,20,3.22,222.87,0.01,ok
2026-01-03T02:15:05.332Z,ESP32_ENERGY_MONITOR_001,23.70,51.87,21,2.75,223.65,0.01,ok
2026-01-03T02:20:05.332Z,ESP32_ENERGY_MONITOR_001,23.98,51.61,22,2.93,223.49,0.01,ok
2026-01-03T02:25:05.332Z,ESP32_ENERGY_MONITOR_001,24.33,49.78,20,2.87,217.14,0.01,ok
2026-01-03T02:30:05.332Z,ESP32_ENERGY_MONITOR_001,24.78,50.87,27,3.10,218.15,0.01,ok
2026-01-03T02:35:05.332Z,ESP32_ENERGY_MONITOR_001,23.45,47.18,24,3.10,219.24,0.01,ok
2026-01-03T02:40:05.332Z,ESP32_ENERGY_MONITOR_001,23.82,47.65,27,3.26,215.22,0.01,ok
2026-01-03T02:45:05.332Z,ESP32_ENERGY_MONITOR_001,25.11,49.65,22,3.28,223.98,0.01,ok
2026-01-03T02:50:05.332Z,ESP32_ENERGY_MONITOR_001,23.54,49.51,24,2.95,217.18,0.01,ok
2026-01-03T02:55:05.332Z,ESP32_ENERGY_MONITOR_001,24.72,47.95,29,3.26,223.26,0.01,ok
2026-01-03T03:00:05.332Z,ESP32_ENERGY_MONITOR_001,25.71,45.45,29,3.80,219.15,0.02,ok
2026-01-03T03:05:05.332Z,ESP32_ENERGY_MONITOR_001,24.96,48.53,30,3.44,215.12,0.02,ok
2026-01-03T03:10:05.332Z,ESP32_ENERGY_MONITOR_001,26.00,45.14,24,3.42,222.39,0.02,ok
2026-01-03T03:15:05.332Z,ESP32_ENERGY_MONITOR_001,25.01,48.85,30,3.40,215.81,0.02,ok
2026-01-03T03:20:05.332Z,ESP32_ENERGY_MONITOR_001,24.94,48.98,30,3.40,221.16,0.02,ok
2026-01-03T03:25:05.332Z,ESP32_ENERGY_MONITOR_001,25.19,47.24,25,3.53,224.17,0.02,ok
2026-01-03T03:30:05.332Z,ESP32_ENERGY_MONITOR_001,25.14,49.10,31,3.36,219.67,0.02,ok
2026-01-03T03:35:05.332Z,ESP32_ENERGY_MONITOR_001,24.61,46.29,25,3.12,219.62,0.01,ok
2026-01-03T03:40:05.332Z,ESP32_ENERGY_MONITOR_001,24.84,47.67,26,3.19,220.77,0.01,ok
2026-01-03T03:45:05.332Z,ESP32_ENERGY_MONITOR_001,24.59,45.60,32,3.25,218.27,0.01,ok
2026-01-03T03:50:05.332Z,ESP32_ENERGY_MONITOR_001,24.67,45.05,30,3.21,224.87,0.01,ok
2026-01-03T03:55:05.332Z,ESP32_ENERGY_MONITOR_001,25.35,47.46,29,3.55,217.01,0.02,ok
2026-01-03T04:00:05.332Z,ESP32_ENERGY_MONITOR_001,26.79,43.28,27,4.00,216.54,0.02,ok
2026-01-03T04:05:05.332Z,ESP32_ENERGY_MONITOR_001,26.52,47.61,27,3.77,224.39,0.02,ok
2026-01-03T04:10:05.332Z,ESP32_ENERGY_MONITOR_001,25.49,45.83,30,3.42,215.84,0.02,ok
2026-01-03T04:15:05.332Z,ESP32_ENERGY_MONITOR_001,26.56,45.81,28,3.69,218.14,0.02,ok
2026-01-03T04:20:05.332Z,ESP32_ENERGY_MONITOR_001,24.86,47.77,33,3.50,221.79,0.02,ok
2026-01-03T04:25:05.332Z,ESP32_ENERGY_MONITOR_001,25.91,47.02,32,3.64,215.15,0.02,ok
2026-01-03T04:30:05.332Z,ESP32_ENERGY_MONITOR_001,26.01,45.17,30,3.62,215.87,0.02,ok
2026-01-03T04:35:05.332Z,ESP32_ENERGY_MONITOR_001,25.20,43.66,32,3.45,217.09,0.02,ok
2026-01-03T04:40:05.332Z,ESP32_ENERGY_MONITOR_001,25.14,43.72,36,3.82,222.72,0.02,ok
2026-01-03T04:45:05.332Z,ESP32_ENERGY_MONITOR_001,25.10,47.13,32,3.44,216.47,0.02,ok
2026-01-03T04:50:05.332Z,ESP32_ENERGY_MONITOR_001,24.89,47.36,36,3.49,220.08,0.02,ok
2026-01-03T04:55:05.332Z,ESP32_ENERGY_MONITOR_001,25.36,44.15,33,3.52,219.45,0.02,ok
2026-01-03T05:00:05.332Z,ESP32_ENERGY_MONITOR_001,25.74,46.12,35,3.68,215.53,0.02,ok
2026-01-03T05:05:05.332Z,ESP32_ENERGY_MONITOR_001,26.74,47.32,32,4.31,220.31,0.02,ok
2026-01-03T05:10:05.332Z,ESP32_ENERGY_MONITOR_001,25.11,44.80,29,3.36,215.53,0.02,ok
2026-01-03T05:15:05.332Z,ESP32_ENERGY_MONITOR_001,26.70,44.79,33,4.34,215.69,0.02,ok
2026-01-03T05:20:05.332Z,ESP32_ENERGY_MONITOR_001,25.80,43.64,31,3.96,222.72,0.02,ok
2026-01-03T05:25:05.332Z,ESP32_ENERGY_MONITOR_001,25.79,46.33,34,3.75,222.22,0.02,ok
2026-01-03T05:30:05.332Z,ESP32_ENERGY_MONITOR_001,25.02,42.55,32,3.39,221.96,0.02,ok
2026-01-03T05:35:05.332Z,ESP32_ENERGY_MONITOR_001,25.37,47.10,32,3.79,218.39,0.02,ok
2026-01-03T05:40:05.332Z,ESP32_ENERGY_MONITOR_001,25.56,46.24,36,4.04,215.74,0.02,ok
2026-01-03T05:45:05.332Z,ESP32_ENERGY_MONITOR_001,25.56,45.46,37,3.92,221.32,0.02,ok
2026-01-03T05:50:05.332Z,ESP32_ENERGY_MONITOR_001,25.32,44.54,32,3.70,218.96,0.02,ok
2026-01-03T05:55:05.332Z,ESP32_ENERGY_MONITOR_001,26.06,45.12,36,4.08,219.62,0.02,ok
2026-01-03T06:00:05.332Z,ESP32_ENERGY_MONITOR_001,26.42,46.81,37,4.35,223.72,0.02,ok
2026-01-03T06:05:05.332Z,ESP32_ENERGY_MONITOR_001,26.24,45.92,33,4.13,215.70,0.02,ok
2026-01-03T06:10:05.332Z,ESP32_ENERGY_MONITOR_001,25.55,44.28,35,3.91,215.78,0.02,ok
2026-01-03T06:15:05.332Z,ESP32_ENERGY_MONITOR_001,26.09,44.65,30,4.00,218.69,0.02,ok
2026-01-03T06:20:05.332Z,ESP32_ENERGY_MONITOR_001,25.97,43.09,30,3.69,217.40,0.02,ok
2026-01-03T06:25:05.332Z,ESP32_ENERGY_MONITOR_001,26.55,45.31,30,4.08,218.01,0.02,ok
2026-01-03T06:30:05.332Z,ESP32_ENERGY_MONITOR_001,25.51,43.28,29,3.36,223.63,0.02,ok
2026-01-03T06:35:05.332Z,ESP32_ENERGY_MONITOR_001,24.84,46.28,35,3.56,224.20,0.02,ok
2026-01-03T06:40:05.332Z,ESP32_ENERGY_MONITOR_001,26.14,47.90,31,3.96,218.39,0.02,ok
2026-01-03T06:45:05.332Z,ESP32_ENERGY_MONITOR_001,24.84,47.84,31,3.30,223.33,0.01,ok
2026-01-03T06:50:05.332Z,ESP32_ENERGY_MONITOR_001,25.39,44.66,34,3.94,224.38,0.02,ok
2026-01-03T06:55:05.332Z,ESP32_ENERGY_MONITOR_001,26.01,43.53,29,4.01,222.63,0.02,ok
2026-01-03T07:00:05.332Z,ESP32_ENERGY_MONITOR_001,25.35,45.97,28,3.77,217.60,0.02,ok
2026-01-03T07:05:05.332Z,ESP32_ENERGY_MONITOR_001,25.22,49.20,30,3.62,224.76,0.02,ok
2026-01-03T07:10:05.332Z,ESP32_ENERGY_MONITOR_001,25.80,48.72,35,3.70,223.21,0.02,ok
2026-01-03T07:15:05.332Z,ESP32_ENERGY_MONITOR_001,25.04,45.36,29,3.65,220.70,0.02,ok
2026-01-03T07:20:05.332Z,ESP32_ENERGY_MONITOR_001,25.01,49.15,30,3.73,224.91,0.02,ok
2026-01-03T07:25:05.332Z,ESP32_ENERGY_MONITOR_001,25.61,49.29,30,3.57,218.51,0.02,ok
2026-01-03T07:30:05.332Z,ESP32_ENERGY_MONITOR_001,25.70,48.41,30,3.77,215.98,0.02,ok
2026-01-03T07:35:05.332Z,ESP32_ENERGY_MONITOR_001,25.90,45.52,28,3.89,215.56,0.02,ok
2026-01-03T07:40:05.332Z,ESP32_ENERGY_MONITOR_001,26.16,45.67,34,3.97,218.48,0.02,ok
2026-01-03T07:45:05.332Z,ESP32_ENERGY_MONITOR_001,24.62,45.72,30,3.36,224.57,0.02,ok
2026-01-03T07:50:05.332Z,ESP32_ENERGY_MONITOR_001,25.41,44.75,29,3.63,215.58,0.02,ok
2026-01-03T07:55:05.332Z,ESP32_ENERGY_MONITOR_001,26.20,48.10,30,3.95,221.16,0.02,ok
2026-01-03T08:00:05.332Z,ESP32_ENERGY_MONITOR_001,24.96,49.82,30,3.65,222.88,0.02,ok
2026-01-03T08:05:05.332Z,ESP32_ENERGY_MONITOR_001,24.55,48.07,24,3.17,220.87,0.01,ok
2026-01-03T08:10:05.332Z,ESP32_ENERGY_MONITOR_001,24.28,51.39,29,3.42,220.52,0.02,ok
2026-01-03T08:15:05.332Z,ESP32_ENERGY_MONITOR_001,23.31,51.75,27,3.09,224.36,0.01,ok
2026-01-03T08:20:05.332Z,ESP32_ENERGY_MONITOR_001,25.05,50.98,27,3.41,217.56,0.02,ok
2026-01-03T08:25:05.332Z,ESP32_ENERGY_MONITOR_001,24.06,51.19,26,3.30,223.33,0.02,ok
2026-01-03T08:30:05.332Z,ESP32_ENERGY_MONITOR_001,23.25,48.92,27,3.30,216.71,0.01,ok
2026-01-03T08:35:05.332Z,ESP32_ENERGY_MONITOR_001,24.18,48.88,32,3.23,216.49,0.01,ok
2026-01-03T08:40:05.332Z,ESP32_ENERGY_MONITOR_001,24.22,47.42,32,3.52,216.13,0.02,ok
2026-01-03T08:45:05.332Z,ESP32_ENERGY_MONITOR_001,24.22,51.13,26,3.05,222.69,0.01,ok
2026-01-03T08:50:05.332Z,ESP32_ENERGY_MONITOR_001,24.65,48.67,33,3.32,216.92,0.02,ok
2026-01-03T08:55:05.332Z,ESP32_ENERGY_MONITOR_001,23.55,48.55,28,3.24,221.41,0.01,ok
2026-01-03T09:00:05.332Z,ESP32_ENERGY_MONITOR_001,22.46,53.67,24,3.17,218.39,0.01,ok
2026-01-03T09:05:05.332Z,ESP32_ENERGY_MONITOR_001,22.01,54.76,22,3.00,223.15,0.01,ok
2026-01-03T09:10:05.332Z,ESP32_ENERGY_MONITOR_001,23.29,51.43,22,2.97,217.02,0.01,ok
2026-01-03T09:15:05.332Z,ESP32_ENERGY_MONITOR_001,22.12,53.53,25,2.86,222.34,0.01,ok
2026-01-03T09:20:05.332Z,ESP32_ENERGY_MONITOR_001,22.08,53.85,28,3.35,215.11,0.02,ok
2026-01-03T09:25:05.332Z,ESP32_ENERGY_MONITOR_001,22.29,53.79,22,3.05,216.36,0.01,ok
2026-01-03T09:30:05.332Z,ESP32_ENERGY_MONITOR_001,23.34,54.18,24,3.20,221.07,0.01,ok
2026-01-03T09:35:05.332Z,ESP32_ENERGY_MONITOR_001,22.26,54.48,29,3.39,223.42,0.02,ok
2026-01-03T09:40:05.332Z,ESP32_ENERGY_MONITOR_001,22.47,52.92,28,3.07,221.15,0.01,ok
2026-01-03T09:45:05.332Z,ESP32_ENERGY_MONITOR_001,23.81,53.88,20,2.93,221.27,0.01,ok
2026-01-03T09:50:05.332Z,ESP32_ENERGY_MONITOR_001,22.97,52.33,23,2.71,220.32,0.01,ok
2026-01-03T09:55:05.332Z,ESP32_ENERGY_MONITOR_001,22.55,51.11,24,3.15,223.50,0.01,ok
2026-01-03T10:00:05.332Z,ESP32_ENERGY_MONITOR_001,21.05,56.24,16,2.39,218.86,0.01,ok
2026-01-03T10:05:05.332Z,ESP32_ENERGY_MONITOR_001,20.79,57.24,19,2.95,221.36,0.01,ok
2026-01-03T10:10:05.332Z,ESP32_ENERGY_MONITOR_001,21.58,55.13,17,2.83,224.32,0.01,ok
2026-01-03T10:15:05.332Z,ESP32_ENERGY_MONITOR_001,21.09,57.24,17,2.48,221.07,0.01,ok
2026-01-03T10:20:05.332Z,ESP32_ENERGY_MONITOR_001,22.29,55.12,17,2.79,221.97,0.01,ok
2026-01-03T10:25:05.332Z,ESP32_ENERGY_MONITOR_001,21.83,57.52,21,2.87,219.08,0.01,ok
2026-01-03T10:30:05.332Z,ESP32_ENERGY_MONITOR_001,20.56,55.13,23,3.01,216.29,0.01,ok
2026-01-03T10:35:05.332Z,ESP32_ENERGY_MONITOR_001,21.05,55.47,20,2.65,218.30,0.01,ok
2026-01-03T10:40:05.332Z,ESP32_ENERGY_MONITOR_001,22.02,57.69,20,2.69,223.33,0.01,ok
2026-01-03T10:45:05.332Z,ESP32_ENERGY_MONITOR_001,20.96,57.19,24,3.01,220.70,0.01,ok
2026-01-03T10:50:05.332Z,ESP32_ENERGY_MONITOR_001,22.06,57.72,24,3.00,216.01,0.01,ok
2026-01-03T10:55:05.332Z,ESP32_ENERGY_MONITOR_001,21.78,55.97,18,2.85,221.65,0.01,ok
2026-01-03T11:00:05.332Z,ESP32_ENERGY_MONITOR_001,20.28,59.68,3,2.12,216.88,0.01,ok
2026-01-03T11:05:05.332Z,ESP32_ENERGY_MONITOR_001,20.94,57.82,9,2.40,222.41,0.01,ok
2026-01-03T11:10:05.332Z,ESP32_ENERGY_MONITOR_001,19.55,60.86,3,2.13,222.01,0.01,ok
2026-01-03T11:15:05.332Z,ESP32_ENERGY_MONITOR_001,20.48,59.96,0,2.06,220.61,0.01,ok
2026-01-03T11:20:05.332Z,ESP32_ENERGY_MONITOR_001,19.24,58.74,0,2.04,223.02,0.01,ok
2026-01-03T11:25:05.332Z,ESP32_ENERGY_MONITOR_001,19.70,57.94,0,2.09,217.27,0.01,ok
2026-01-03T11:30:05.332Z,ESP32_ENERGY_MONITOR_001,19.88,60.61,6,2.22,218.62,0.01,ok
2026-01-03T11:35:05.332Z,ESP32_ENERGY_MONITOR_001,19.05,58.25,2,2.01,220.65,0.01,ok
2026-01-03T11:40:05.332Z,ESP32_ENERGY_MONITOR_001,20.13,57.91,0,2.22,222.23,0.01,ok
2026-01-03T11:45:05.332Z,ESP32_ENERGY_MONITOR_001,19.52,61.45,4,2.22,223.14,0.01,ok
2026-01-03T11:50:05.332Z,ESP32_ENERGY_MONITOR_001,19.64,58.97,3,2.12,218.90,0.01,ok
2026-01-03T11:55:05.332Z,ESP32_ENERGY_MONITOR_001,19.13,57.91,6,2.36,215.65,0.01,ok
2026-01-03T12:00:05.332Z,ESP32_ENERGY_MONITOR_001,18.50,64.00,6,2.41,218.76,0.01,ok
2026-01-03T12:05:05.332Z,ESP32_ENERGY_MONITOR_001,18.48,66.27,0,2.17,218.19,0.01,ok
2026-01-03T12:10:05.332Z,ESP32_ENERGY_MONITOR_001,18.34,61.94,0,2.08,221.98,0.01,ok
2026-01-03T12:15:05.332Z,ESP32_ENERGY_MONITOR_001,17.51,65.45,8,2.35,221.75,0.01,ok
2026-01-03T12:20:05.332Z,ESP32_ENERGY_MONITOR_001,17.91,62.58,3,1.88,219.74,0.01,ok
2026-01-03T12:25:05.332Z,ESP32_ENERGY_MONITOR_001,17.94,62.48,7,2.43,222.12,0.01,ok
2026-01-03T12:30:05.332Z,ESP32_ENERGY_MONITOR_001,17.70,62.80,6,2.09,223.25,0.01,ok
2026-01-03T12:35:05.332Z,ESP32_ENERGY_MONITOR_001,17.62,63.94,3,1.88,224.26,0.01,ok
2026-01-03T12:40:05.332Z,ESP32_ENERGY_MONITOR_001,18.02,63.03,4,2.20,218.87,0.01,ok
2026-01-03T12:45:05.332Z,ESP32_ENERGY_MONITOR_001,17.64,62.46,6,2.47,222.94,0.01,ok
2026-01-03T12:50:05.332Z,ESP32_ENERGY_MONITOR_001,18.45,64.81,7,2.46,217.70,0.01,ok
2026-01-03T12:55:05.332Z,ESP32_ENERGY_MONITOR_001,18.11,65.88,1,2.24,220.42,0.01,ok